replicate,tick,population,pedigreeID,sex,age,haplogroup,patrilineID,locus1,locus2,locus3,locus4,locus5,locus6,locus7,locus8,locus9,locus10,locus11,locus12
5,1001,source_premigration,1160846,M,43,HG_E,330,12,28,13,11,18,27,14,13,11,17,11,14
5,1001,source_premigration,1166898,M,38,HG_A,121,13,24,13,11,13,28,13,11,14,16,13,12
5,1001,source_premigration,1167965,M,37,HG_A,312,15,25,14,12,13,30,12,11,14,13,13,12
5,1001,source_premigration,1171044,M,35,HG_C,244,12,21,12,15,14,25,13,11,9,16,13,14
5,1001,source_premigration,1171309,M,35,HG_E,330,12,28,13,11,18,27,14,13,11,17,11,14
5,1001,source_premigration,1171968,M,34,HG_B,198,12,26,16,10,12,30,12,12,15,14,10,11
5,1001,source_premigration,1172866,M,33,HG_C,329,15,21,12,15,14,28,16,11,12,14,12,13
5,1001,source_premigration,1172867,M,33,HG_C,329,15,21,12,15,14,28,16,11,12,14,12,13
5,1001,source_premigration,1172952,M,33,HG_D,303,15,18,17,13,10,33,13,11,16,12,14,8
5,1001,source_premigration,1172994,M,33,HG_D,238,15,22,19,13,11,32,13,13,17,13,14,10
5,1001,source_premigration,1173600,M,33,HG_B,483,11,25,15,11,12,31,13,12,16,15,9,11
5,1001,source_premigration,1175032,M,32,HG_D,238,15,22,18,13,11,32,13,13,17,13,14,10
5,1001,source_premigration,1175223,M,31,HG_B,198,12,26,16,10,12,30,12,12,15,14,10,11
5,1001,source_premigration,1175405,M,31,HG_B,444,12,25,16,9,13,32,12,14,15,14,10,11
5,1001,source_premigration,1175745,M,31,HG_B,198,12,26,16,10,12,30,12,12,15,14,10,11
5,1001,source_premigration,1175983,M,31,HG_D,303,15,18,17,13,12,33,13,11,16,12,14,8
5,1001,source_premigration,1176006,M,31,HG_D,303,15,18,17,13,12,33,13,11,16,12,14,8
5,1001,source_premigration,1176234,M,31,HG_C,244,12,21,12,15,14,25,14,11,9,16,13,14
5,1001,source_premigration,1176512,M,30,HG_C,244,13,21,12,15,14,25,13,11,9,16,13,14
5,1001,source_premigration,1176535,M,30,HG_A,121,13,24,13,11,13,28,13,11,14,16,13,12
5,1001,source_premigration,1176868,M,30,HG_C,329,15,21,12,15,14,28,16,11,12,14,12,13
5,1001,source_premigration,1177326,M,30,HG_B,168,12,25,17,11,12,31,11,12,16,15,9,11
5,1001,source_premigration,1177356,M,30,HG_D,303,15,18,17,13,12,33,13,11,16,12,14,8
5,1001,source_premigration,1177468,M,30,HG_D,245,14,19,18,15,10,32,13,13,16,11,15,10
5,1001,source_premigration,1177524,M,30,HG_E,255,11,26,12,9,17,26,14,12,13,19,12,15
5,1001,source_premigration,1177636,M,29,HG_B,291,12,24,17,9,13,32,12,12,15,15,10,11
5,1001,source_premigration,1177740,M,29,HG_A,234,13,22,15,11,13,28,12,9,14,16,12,11
5,1001,source_premigration,1177773,M,29,HG_D,65,15,18,17,13,11,33,11,13,17,11,14,9
5,1001,source_premigration,1177785,M,29,HG_D,245,14,19,18,15,10,32,13,13,16,11,15,10
5,1001,source_premigration,1177796,M,29,HG_A,121,13,24,13,11,13,28,13,11,14,16,13,12
5,1001,source_premigration,1177918,M,29,HG_A,125,13,25,16,12,13,29,15,11,12,15,14,12
5,1001,source_premigration,1177921,M,29,HG_B,126,12,26,15,10,11,31,12,11,17,13,9,12
5,1001,source_premigration,1177926,M,29,HG_D,238,15,22,18,13,11,32,13,13,17,13,14,10
5,1001,source_premigration,1178309,M,29,HG_D,94,16,20,18,12,10,34,11,14,18,12,15,9
5,1001,source_premigration,1178649,M,29,HG_A,98,13,23,14,11,13,30,13,10,14,14,12,12
5,1001,source_premigration,1178659,M,29,HG_D,245,14,19,18,15,10,32,13,13,16,11,15,10
5,1001,source_premigration,1178896,M,28,HG_C,244,12,21,12,15,14,25,14,11,9,16,13,14
5,1001,source_premigration,1178918,M,28,HG_B,168,12,25,17,11,12,31,12,12,16,15,9,11
5,1001,source_premigration,1178942,M,28,HG_A,121,13,24,13,11,13,28,13,11,14,16,13,12
5,1001,source_premigration,1178956,M,28,HG_E,330,12,28,13,11,18,27,14,13,11,17,11,14
5,1001,source_premigration,1179122,M,28,HG_C,244,12,21,12,15,14,25,14,11,9,16,13,14
5,1001,source_premigration,1179486,M,28,HG_D,91,16,19,18,14,9,33,11,14,16,12,14,9
5,1001,source_premigration,1180190,M,27,HG_D,91,16,19,18,14,9,32,11,14,16,12,14,9
5,1001,source_premigration,1180197,M,27,HG_B,26,12,25,16,11,12,29,12,12,16,13,12,11
5,1001,source_premigration,1180314,M,27,HG_A,343,13,23,14,11,14,30,14,12,15,14,13,11
5,1001,source_premigration,1180502,M,27,HG_B,198,12,26,16,10,12,30,12,12,15,14,10,11
5,1001,source_premigration,1180521,M,27,HG_D,238,15,22,19,13,11,32,13,13,17,13,14,10
5,1001,source_premigration,1180522,M,27,HG_D,238,15,22,19,13,11,32,13,13,17,13,14,10
5,1001,source_premigration,1180566,M,27,HG_D,238,15,22,18,13,11,32,13,13,17,13,14,10
5,1001,source_premigration,1180599,M,27,HG_D,303,15,18,17,13,12,33,13,11,16,12,14,8
5,1001,source_premigration,1180606,M,27,HG_A,98,13,22,14,11,13,30,13,10,14,14,12,12
5,1001,source_premigration,1180675,M,27,HG_E,74,10,29,13,9,15,26,15,14,13,19,12,15
5,1001,source_premigration,1180724,M,27,HG_D,129,14,21,18,13,11,32,11,12,17,12,12,8
5,1001,source_premigration,1180787,M,27,HG_A,121,13,24,13,11,13,28,13,11,14,16,13,12
5,1001,source_premigration,1180788,M,27,HG_A,121,13,24,13,11,13,28,13,11,14,16,13,12
5,1001,source_premigration,1180854,M,27,HG_B,483,11,25,15,11,12,31,13,12,16,15,9,11
5,1001,source_premigration,1180871,M,27,HG_B,33,13,26,16,10,12,29,9,11,16,13,9,11
5,1001,source_premigration,1180885,M,27,HG_A,234,13,22,15,11,13,28,12,9,14,16,12,11
5,1001,source_premigration,1181076,M,27,HG_B,291,12,24,17,9,13,32,12,12,15,15,10,11
5,1001,source_premigration,1181197,M,26,HG_C,493,13,24,11,14,13,28,16,10,11,15,13,15
5,1001,source_premigration,1181339,M,26,HG_C,244,11,21,12,15,14,25,14,11,9,16,13,14
5,1001,source_premigration,1181347,M,26,HG_C,244,12,21,12,15,14,25,15,11,9,16,13,14
5,1001,source_premigration,1181379,M,26,HG_B,168,12,25,17,11,12,31,12,12,16,15,9,11
5,1001,source_premigration,1181401,M,26,HG_D,238,15,22,18,13,11,32,13,13,17,13,14,10
5,1001,source_premigration,1181501,M,26,HG_E,74,10,29,13,9,15,26,15,14,13,19,12,15
5,1001,source_premigration,1181502,M,26,HG_B,26,12,25,16,11,12,29,12,12,16,13,12,11
5,1001,source_premigration,1181599,M,26,HG_E,270,10,28,14,10,15,26,14,14,13,18,11,15
5,1001,source_premigration,1181614,M,26,HG_C,475,15,22,10,13,15,26,13,10,9,17,15,13
5,1001,source_premigration,1181906,M,26,HG_C,244,12,21,12,15,14,25,13,11,9,16,13,14
5,1001,source_premigration,1181946,M,26,HG_E,120,12,27,12,9,14,27,14,14,12,19,11,15
5,1001,source_premigration,1181975,M,26,HG_B,302,13,24,17,10,11,31,11,12,15,12,9,10
5,1001,source_premigration,1182010,M,26,HG_E,330,12,28,12,11,19,27,14,13,11,17,11,14
5,1001,source_premigration,1182016,M,26,HG_E,255,11,26,12,9,17,26,14,13,13,19,12,15
5,1001,source_premigration,1182076,M,26,HG_E,255,11,26,12,9,17,26,14,12,13,19,12,15
5,1001,source_premigration,1182135,M,26,HG_E,255,11,26,12,9,17,26,14,13,13,19,12,15
5,1001,source_premigration,1182148,M,26,HG_C,493,13,24,11,14,13,28,16,10,11,15,13,15
5,1001,source_premigration,1182221,M,26,HG_D,109,15,21,21,13,10,33,13,13,17,14,14,9
5,1001,source_premigration,1182258,M,26,HG_E,330,12,28,13,11,18,27,14,13,11,17,11,14
5,1001,source_premigration,1182363,M,26,HG_D,238,15,22,18,13,11,32,13,13,17,13,14,10
5,1001,source_premigration,1182422,M,25,HG_E,270,10,28,14,10,15,26,14,13,13,18,11,15
5,1001,source_premigration,1182579,M,25,HG_E,255,11,26,12,9,17,26,14,14,13,19,12,15
5,1001,source_premigration,1182584,M,25,HG_C,244,12,21,13,15,14,25,14,11,9,16,13,14
5,1001,source_premigration,1182642,M,25,HG_B,126,13,26,15,10,11,31,11,11,17,13,9,12
5,1001,source_premigration,1182644,M,25,HG_B,126,13,26,15,10,11,31,11,11,17,13,9,12
5,1001,source_premigration,1182805,M,25,HG_D,91,16,19,18,14,9,32,11,14,16,12,14,9
5,1001,source_premigration,1182898,M,25,HG_A,234,13,23,15,11,13,28,12,9,14,16,12,11
5,1001,source_premigration,1182934,M,25,HG_C,475,15,22,10,13,15,26,13,10,9,17,15,13
5,1001,source_premigration,1182946,M,25,HG_B,302,13,24,17,10,11,31,11,12,15,13,9,10
5,1001,source_premigration,1183082,M,25,HG_E,255,11,26,12,9,17,26,14,14,13,19,12,15
5,1001,source_premigration,1183177,M,25,HG_D,303,15,19,16,13,10,33,13,11,16,12,14,8
5,1001,source_premigration,1183269,M,25,HG_B,126,13,26,15,10,11,32,11,11,17,13,9,12
5,1001,source_premigration,1183385,M,25,HG_A,234,13,22,15,11,13,28,12,9,14,16,12,11
5,1001,source_premigration,1183426,M,25,HG_A,228,12,25,13,10,13,31,12,11,13,14,12,11
5,1001,source_premigration,1183449,M,25,HG_D,65,15,18,17,12,11,33,10,12,17,11,14,9
5,1001,source_premigration,1183535,M,25,HG_C,493,13,24,11,14,13,28,16,10,11,15,13,15
5,1001,source_premigration,1183682,M,24,HG_E,255,11,26,12,9,17,27,14,14,12,19,12,15
5,1001,source_premigration,1183741,M,24,HG_C,329,15,21,12,15,14,28,16,11,12,14,12,13
5,1001,source_premigration,1183797,M,24,HG_A,312,15,25,14,12,13,30,12,11,14,13,13,12
5,1001,source_premigration,1183800,M,24,HG_A,301,12,25,15,11,12,28,14,11,14,15,12,11
5,1001,source_premigration,1183832,M,24,HG_E,330,12,28,13,11,18,27,14,13,11,17,11,14
5,1001,source_premigration,1183840,M,24,HG_A,234,13,23,15,11,13,28,12,9,14,16,12,11
5,1001,source_premigration,1183870,M,24,HG_E,120,12,27,12,9,14,27,14,14,12,19,11,15
5,1001,source_premigration,1184117,M,24,HG_E,330,12,28,13,11,18,27,14,13,11,17,11,14
5,1001,source_premigration,1184247,M,24,HG_C,329,15,21,12,15,14,28,16,11,12,14,12,13
5,1001,source_premigration,1184250,M,24,HG_C,329,15,21,12,15,14,28,16,11,12,14,12,13
5,1001,source_premigration,1184278,M,24,HG_B,198,12,26,16,10,12,30,12,12,15,14,10,11
5,1001,source_premigration,1184351,M,24,HG_E,409,12,27,13,9,17,24,13,15,11,19,10,15
5,1001,source_premigration,1184369,M,24,HG_D,65,15,18,17,13,11,33,11,13,17,11,14,9
5,1001,source_premigration,1184397,M,24,HG_D,303,15,18,17,13,12,33,13,11,16,12,14,8
5,1001,source_premigration,1184493,M,24,HG_D,91,16,19,18,14,9,32,11,14,16,12,14,9
5,1001,source_premigration,1184496,M,24,HG_D,91,16,19,18,14,9,32,11,14,16,12,14,9
5,1001,source_premigration,1184511,M,24,HG_A,237,13,25,15,10,12,30,14,11,14,16,10,12
5,1001,source_premigration,1184556,M,24,HG_C,475,15,22,10,13,15,26,14,10,9,17,15,13
5,1001,source_premigration,1184664,M,24,HG_E,330,12,28,13,11,18,27,14,13,11,17,11,14
5,1001,source_premigration,1184735,M,24,HG_A,121,13,24,13,11,13,28,13,11,14,16,13,12
5,1001,source_premigration,1184828,M,23,HG_D,303,15,18,17,13,12,33,13,11,16,12,14,8
5,1001,source_premigration,1184856,M,23,HG_E,74,10,29,13,9,15,26,15,14,13,19,12,15
5,1001,source_premigration,1184892,M,23,HG_B,302,13,24,17,10,11,31,11,12,15,13,9,10
5,1001,source_premigration,1184958,M,23,HG_D,303,15,18,17,13,10,33,13,11,16,12,14,8
5,1001,source_premigration,1184959,M,23,HG_B,302,13,24,17,10,11,31,11,12,15,13,9,10
5,1001,source_premigration,1185046,M,23,HG_D,303,15,18,17,13,12,33,13,11,16,12,14,8
5,1001,source_premigration,1185068,M,23,HG_D,303,15,18,17,13,12,33,13,11,16,12,14,8
5,1001,source_premigration,1185073,M,23,HG_C,244,12,21,12,15,14,25,14,11,9,16,13,14
5,1001,source_premigration,1185113,M,23,HG_A,234,13,23,15,11,13,28,12,9,14,16,12,11
5,1001,source_premigration,1185138,M,23,HG_A,237,13,25,16,10,12,30,14,11,14,16,10,12
5,1001,source_premigration,1185151,M,23,HG_D,303,15,18,17,13,10,33,13,11,16,12,14,8
5,1001,source_premigration,1185160,M,23,HG_D,238,15,22,19,13,11,31,13,13,17,13,14,10
5,1001,source_premigration,1185367,M,23,HG_D,303,15,18,17,13,12,33,14,11,16,12,14,8
5,1001,source_premigration,1185377,M,23,HG_A,228,12,25,13,10,13,31,12,11,13,14,12,11
5,1001,source_premigration,1185467,M,23,HG_B,302,13,24,17,10,11,31,11,12,15,13,9,10
5,1001,source_premigration,1185482,M,23,HG_A,301,12,25,15,11,12,28,14,11,14,15,12,11
5,1001,source_premigration,1185484,M,23,HG_A,301,12,25,15,11,12,28,14,11,14,15,12,11
5,1001,source_premigration,1185494,M,23,HG_A,301,12,24,15,11,12,28,14,11,14,15,12,11
5,1001,source_premigration,1185541,M,23,HG_E,74,11,28,13,9,15,26,15,14,13,19,12,15
5,1001,source_premigration,1185581,M,23,HG_E,330,12,28,13,11,18,27,14,13,11,17,11,14
5,1001,source_premigration,1185588,M,23,HG_C,475,15,22,11,13,15,26,13,10,9,17,15,13
5,1001,source_premigration,1185603,M,23,HG_E,330,12,28,13,11,18,27,14,13,11,17,11,14
5,1001,source_premigration,1185735,M,23,HG_D,303,15,18,17,13,12,33,13,11,16,12,14,8
5,1001,source_premigration,1185809,M,23,HG_E,330,12,28,13,11,18,27,14,13,11,18,11,14
5,1001,source_premigration,1185819,M,23,HG_D,303,15,18,17,13,12,33,13,11,16,12,14,8
5,1001,source_premigration,1185860,M,23,HG_A,98,13,22,14,11,13,30,13,10,14,14,12,12
5,1001,source_premigration,1185879,M,23,HG_D,238,15,22,18,13,10,32,13,13,17,13,14,10
5,1001,source_premigration,1185896,M,23,HG_C,244,12,21,12,15,15,25,14,11,9,16,13,14
5,1001,source_premigration,1185902,M,23,HG_E,255,11,26,12,9,17,27,14,14,12,19,12,15
5,1001,source_premigration,1185952,M,23,HG_C,493,13,24,11,14,13,28,16,10,11,15,13,15
5,1001,source_premigration,1186007,M,22,HG_A,121,13,24,13,11,13,28,13,11,14,16,13,12
5,1001,source_premigration,1186041,M,22,HG_A,237,13,25,15,10,12,30,14,11,14,16,10,12
5,1001,source_premigration,1186071,M,22,HG_D,129,14,21,18,13,11,32,11,12,17,12,12,8
5,1001,source_premigration,1186128,M,22,HG_C,329,14,21,12,15,14,28,16,11,12,14,12,13
5,1001,source_premigration,1186218,M,22,HG_D,410,13,18,18,13,11,34,11,12,17,13,12,11
5,1001,source_premigration,1186318,M,22,HG_B,198,12,26,16,10,12,30,12,12,15,14,10,11
5,1001,source_premigration,1186334,M,22,HG_E,74,11,28,13,10,15,26,15,14,13,19,12,15
5,1001,source_premigration,1186347,M,22,HG_D,238,15,22,18,13,11,32,13,13,17,13,14,10
5,1001,source_premigration,1186367,M,22,HG_C,475,15,22,11,13,15,26,13,10,9,17,15,13
5,1001,source_premigration,1186410,M,22,HG_C,475,15,22,11,13,15,26,13,10,9,17,15,13
5,1001,source_premigration,1186497,M,22,HG_A,98,13,23,14,11,13,30,13,10,14,14,13,12
5,1001,source_premigration,1186526,M,22,HG_C,493,13,24,11,14,12,28,16,10,11,15,13,15
5,1001,source_premigration,1186533,M,22,HG_C,329,15,21,12,15,14,28,16,11,12,14,12,13
5,1001,source_premigration,1186549,M,22,HG_A,121,14,24,13,11,13,28,12,11,14,16,13,12
5,1001,source_premigration,1186550,M,22,HG_A,121,14,24,13,11,13,28,12,11,14,16,13,12
5,1001,source_premigration,1186699,M,22,HG_A,60,13,25,15,10,13,29,14,13,14,15,12,14
5,1001,source_premigration,1186706,M,22,HG_C,244,12,21,12,15,15,25,14,11,9,16,13,14
5,1001,source_premigration,1186709,M,22,HG_C,244,12,21,12,15,15,25,14,11,9,16,13,14
5,1001,source_premigration,1186735,M,22,HG_E,330,12,28,13,11,19,27,14,13,11,17,11,14
5,1001,source_premigration,1186866,M,22,HG_E,330,12,28,13,11,18,27,14,13,11,17,11,14
5,1001,source_premigration,1187025,M,22,HG_C,493,13,24,11,14,13,28,16,10,11,15,13,15
5,1001,source_premigration,1187068,M,22,HG_C,244,12,21,12,15,14,25,14,11,9,16,13,14
5,1001,source_premigration,1187069,M,22,HG_C,244,12,21,12,15,14,25,14,11,9,16,13,14
5,1001,source_premigration,1187098,M,22,HG_E,330,12,28,13,11,18,27,14,13,11,17,11,14
5,1001,source_premigration,1187102,M,22,HG_E,74,10,29,13,9,15,26,15,14,13,19,12,15
5,1001,source_premigration,1187130,M,22,HG_A,125,13,25,16,12,12,29,15,12,12,15,14,12
5,1001,source_premigration,1187257,M,21,HG_A,121,13,24,13,11,13,28,13,11,14,16,13,12
5,1001,source_premigration,1187395,M,21,HG_C,244,12,21,12,15,15,25,14,11,9,16,13,14
5,1001,source_premigration,1187406,M,21,HG_C,493,13,24,11,14,13,28,16,10,11,15,13,15
5,1001,source_premigration,1187470,M,21,HG_B,302,13,24,17,10,11,31,11,12,15,12,9,10
5,1001,source_premigration,1187471,M,21,HG_B,302,13,24,17,10,11,31,11,12,15,12,9,10
5,1001,source_premigration,1187477,M,21,HG_A,98,13,23,14,11,13,30,13,10,14,14,12,12
5,1001,source_premigration,1187501,M,21,HG_E,120,12,27,12,9,14,27,14,14,12,19,11,15
5,1001,source_premigration,1187552,M,21,HG_C,493,13,24,11,14,13,28,16,10,11,15,13,15
5,1001,source_premigration,1187557,M,21,HG_E,120,12,27,12,9,14,27,14,14,12,19,11,15
5,1001,source_premigration,1187588,M,21,HG_D,238,15,22,19,13,11,32,13,13,17,13,14,10
5,1001,source_premigration,1187591,M,21,HG_C,475,15,22,10,13,15,26,13,10,9,17,15,13
5,1001,source_premigration,1187597,M,21,HG_D,238,15,22,18,13,11,32,13,13,17,13,14,10
5,1001,source_premigration,1187598,M,21,HG_B,168,12,24,17,11,12,31,11,12,16,15,9,11
5,1001,source_premigration,1187601,M,21,HG_E,270,10,28,14,10,15,26,14,13,13,18,11,15
5,1001,source_premigration,1187612,M,21,HG_C,244,12,21,12,15,14,25,14,11,9,16,13,14
5,1001,source_premigration,1187622,M,21,HG_E,120,12,27,12,9,14,27,14,14,12,19,11,15
5,1001,source_premigration,1187627,M,21,HG_B,26,12,25,16,11,12,29,12,12,16,13,12,11
5,1001,source_premigration,1187628,M,21,HG_C,299,13,20,12,13,14,27,13,10,11,15,13,15
5,1001,source_premigration,1187662,M,21,HG_B,444,12,25,16,9,13,32,12,14,15,14,10,11
5,1001,source_premigration,1187691,M,21,HG_E,330,12,28,13,11,19,27,14,13,11,17,11,14
5,1001,source_premigration,1187752,M,21,HG_E,330,12,28,13,11,18,27,14,13,11,17,11,14
5,1001,source_premigration,1187768,M,21,HG_C,244,12,21,12,15,14,25,13,11,9,16,13,14
5,1001,source_premigration,1187785,M,21,HG_E,330,12,28,13,11,18,27,14,13,11,17,11,14
5,1001,source_premigration,1187795,M,21,HG_D,238,15,22,18,13,11,32,13,13,17,13,14,10
5,1001,source_premigration,1187852,M,21,HG_E,255,11,26,12,9,17,26,14,13,13,19,12,15
5,1001,source_premigration,1187928,M,21,HG_B,302,13,24,17,10,11,31,11,12,15,13,9,10
5,1001,source_premigration,1187929,M,21,HG_B,302,13,24,17,10,11,31,11,12,15,13,9,10
5,1001,source_premigration,1187983,M,21,HG_A,121,13,24,13,11,13,28,13,11,14,16,13,12
5,1001,source_premigration,1188013,M,21,HG_E,330,12,28,13,11,18,27,14,13,11,18,11,14
5,1001,source_premigration,1188030,M,21,HG_E,255,11,26,12,9,17,27,14,12,13,19,12,15
5,1001,source_premigration,1188108,M,21,HG_C,475,15,22,10,13,15,26,14,10,9,17,15,13
5,1001,source_premigration,1188110,M,21,HG_E,255,11,26,12,9,17,27,14,12,13,19,12,15
5,1001,source_premigration,1188124,M,21,HG_A,121,13,24,13,11,13,28,13,11,14,16,13,12
5,1001,source_premigration,1188130,M,21,HG_D,109,15,21,21,13,9,33,13,13,17,14,14,9
5,1001,source_premigration,1188209,M,21,HG_D,249,15,20,17,12,12,34,11,13,17,11,12,10
5,1001,source_premigration,1188249,M,21,HG_C,329,15,21,12,15,14,28,16,11,12,14,12,13
5,1001,source_premigration,1188254,M,21,HG_D,109,15,21,21,13,10,33,13,13,17,14,14,9
5,1001,source_premigration,1188263,M,21,HG_B,198,12,26,16,10,12,30,12,12,15,14,10,11
5,1001,source_premigration,1188309,M,21,HG_B,26,12,25,16,11,12,29,12,12,16,13,12,11
5,1001,source_premigration,1188342,M,21,HG_A,234,13,22,15,11,13,28,13,9,14,16,12,11
5,1001,source_premigration,1188360,M,21,HG_A,121,13,24,12,11,13,28,13,11,14,16,13,12
5,1001,source_premigration,1188377,M,21,HG_D,238,15,22,19,13,11,32,13,13,17,13,14,10
5,1001,source_premigration,1188385,M,21,HG_B,302,13,24,17,10,11,31,11,12,15,13,9,10
5,1001,source_premigration,1188410,M,20,HG_E,255,11,26,12,9,17,26,13,14,13,19,12,15
5,1001,source_premigration,1188454,M,20,HG_E,120,12,27,12,9,14,27,14,14,12,19,11,15
5,1001,source_premigration,1188481,M,20,HG_E,255,11,26,12,9,17,28,14,12,13,19,12,15
5,1001,source_premigration,1188489,M,20,HG_D,129,14,21,18,13,11,32,11,12,17,12,12,8
5,1001,source_premigration,1188495,M,20,HG_C,432,15,22,12,14,15,27,15,9,10,16,14,15
5,1001,source_premigration,1188569,M,20,HG_E,255,11,26,12,9,17,26,14,15,13,19,12,15
5,1001,source_premigration,1188679,M,20,HG_B,302,13,24,17,10,11,31,11,12,15,13,9,10
5,1001,source_premigration,1188699,M,20,HG_D,410,13,18,18,13,11,34,11,12,17,13,13,11
5,1001,source_premigration,1188730,M,20,HG_E,330,12,28,12,11,18,27,14,13,11,17,11,14
5,1001,source_premigration,1188761,M,20,HG_A,98,13,23,14,11,13,30,13,10,14,14,12,12
5,1001,source_premigration,1188806,M,20,HG_B,168,12,25,17,11,12,31,12,12,16,15,9,11
5,1001,source_premigration,1188808,M,20,HG_D,245,14,19,18,15,10,34,14,13,16,11,15,10
5,1001,source_premigration,1188832,M,20,HG_D,303,15,18,17,13,12,33,13,11,16,12,14,8
5,1001,source_premigration,1188852,M,20,HG_E,270,10,28,14,10,15,26,14,14,13,18,11,15
5,1001,source_premigration,1188864,M,20,HG_E,330,12,28,13,11,19,27,14,13,11,17,11,14
5,1001,source_premigration,1188879,M,20,HG_A,234,13,23,15,11,13,28,12,9,14,16,12,11
5,1001,source_premigration,1188891,M,20,HG_B,126,13,25,15,10,11,32,11,11,17,13,9,12
5,1001,source_premigration,1188893,M,20,HG_B,126,13,25,15,10,11,32,11,11,17,13,9,12
5,1001,source_premigration,1188904,M,20,HG_E,409,12,27,13,9,17,24,13,15,11,19,10,15
5,1001,source_premigration,1188919,M,20,HG_A,98,13,23,14,11,13,30,13,10,14,14,12,12
5,1001,source_premigration,1188969,M,20,HG_A,301,12,25,16,11,12,28,14,11,14,15,12,11
5,1001,source_premigration,1188989,M,20,HG_C,244,12,21,12,15,14,25,14,11,9,16,13,14
5,1001,source_premigration,1188998,M,20,HG_C,475,15,22,11,13,15,26,13,10,9,17,15,13
5,1001,source_premigration,1189053,M,20,HG_D,303,15,18,17,13,12,33,13,11,16,12,14,8
5,1001,source_premigration,1189087,M,20,HG_E,120,12,27,12,9,14,27,14,14,12,19,11,15
5,1001,source_premigration,1189094,M,20,HG_D,249,14,19,17,12,12,34,11,13,17,11,13,10
5,1001,source_premigration,1189100,M,20,HG_D,238,15,21,18,13,11,32,13,13,17,13,14,10
5,1001,source_premigration,1189158,M,20,HG_C,244,12,21,13,15,14,25,14,11,9,16,13,14
5,1001,source_premigration,1189177,M,20,HG_B,26,12,25,16,11,12,29,12,12,16,13,12,11
5,1001,source_premigration,1189182,M,20,HG_D,249,14,19,17,12,12,34,11,13,17,11,13,10
5,1001,source_premigration,1189218,M,20,HG_D,91,16,19,18,14,9,33,11,14,16,12,14,9
5,1001,source_premigration,1189229,M,20,HG_E,120,11,27,12,9,14,27,15,15,12,19,11,15
5,1001,source_premigration,1189236,M,20,HG_C,475,15,22,10,13,15,26,14,10,9,17,15,13
5,1001,source_premigration,1189333,M,20,HG_D,245,14,19,18,15,10,32,13,13,16,11,15,10
5,1001,source_premigration,1189394,M,20,HG_D,303,15,18,17,13,10,33,13,11,16,12,14,8
5,1001,source_premigration,1189411,M,20,HG_B,198,12,26,16,10,12,30,12,12,15,14,10,11
5,1001,source_premigration,1189429,M,20,HG_A,98,13,22,14,11,13,30,13,10,14,14,12,12
5,1001,source_premigration,1189477,M,20,HG_B,291,12,24,17,9,13,32,12,12,15,15,10,11
5,1001,source_premigration,1189491,M,20,HG_E,330,12,28,13,11,18,27,14,13,11,17,11,14
5,1001,source_premigration,1189529,M,20,HG_A,326,13,24,14,12,13,29,13,11,14,16,13,10
5,1001,source_premigration,1189546,M,20,HG_B,168,12,25,17,11,12,31,12,12,16,15,9,11
5,1001,source_premigration,1189562,M,20,HG_E,330,12,28,13,11,18,27,14,13,11,17,11,14
5,1001,source_premigration,1189576,M,20,HG_D,238,15,22,18,13,11,32,13,13,17,13,14,10
5,1001,source_premigration,1189600,M,20,HG_A,234,13,23,15,11,13,28,12,9,14,16,12,11
5,1001,source_premigration,1189611,M,20,HG_C,299,13,20,12,13,14,27,13,10,11,15,13,15
5,1001,source_premigration,1189637,M,20,HG_A,98,13,23,14,11,13,30,13,10,14,14,12,12
5,1001,source_premigration,1189673,M,20,HG_E,330,12,28,13,11,19,27,14,13,11,17,11,14
5,1001,source_premigration,1189709,M,19,HG_E,255,11,26,12,9,17,26,14,15,13,19,12,15
5,1001,source_premigration,1189715,M,19,HG_C,244,11,21,12,15,14,25,14,11,9,16,13,14
5,1001,source_premigration,1189807,M,19,HG_C,493,13,24,11,14,13,28,16,10,11,15,13,15
5,1001,source_premigration,1189873,M,19,HG_D,249,14,19,17,12,12,34,11,13,17,11,13,10
5,1001,source_premigration,1189891,M,19,HG_A,98,12,22,14,11,13,30,13,10,14,14,12,12
5,1001,source_premigration,1189916,M,19,HG_B,168,12,25,17,11,12,31,12,12,16,15,9,11
5,1001,source_premigration,1189929,M,19,HG_D,394,15,20,18,14,12,32,11,14,18,12,14,10
5,1001,source_premigration,1189950,M,19,HG_D,249,14,19,17,12,12,34,11,13,17,11,13,10
5,1001,source_premigration,1189951,M,19,HG_D,249,14,19,17,12,12,34,11,13,17,11,13,10
5,1001,source_premigration,1189962,M,19,HG_C,244,12,21,12,15,14,26,13,11,9,16,13,14
5,1001,source_premigration,1189970,M,19,HG_A,98,13,23,14,11,13,30,13,10,14,14,12,12
5,1001,source_premigration,1189989,M,19,HG_C,432,15,22,12,14,15,27,15,9,10,16,14,15
5,1001,source_premigration,1190008,M,19,HG_D,303,15,18,17,13,12,33,13,11,16,12,14,8
5,1001,source_premigration,1190022,M,19,HG_E,120,12,27,12,9,14,27,14,14,12,19,11,15
5,1001,source_premigration,1190037,M,19,HG_B,291,12,24,17,9,13,32,12,12,15,15,10,11
5,1001,source_premigration,1190108,M,19,HG_E,255,11,26,12,9,17,26,14,15,13,19,12,15
5,1001,source_premigration,1190109,M,19,HG_E,255,11,26,12,9,17,26,14,15,13,19,12,15
5,1001,source_premigration,1190135,M,19,HG_A,234,13,22,15,11,13,28,12,9,14,16,12,11
5,1001,source_premigration,1190154,M,19,HG_E,330,12,28,13,11,18,27,14,13,11,17,11,14
5,1001,source_premigration,1190166,M,19,HG_D,249,15,20,17,12,12,34,11,13,17,11,12,10
5,1001,source_premigration,1190221,M,19,HG_B,168,12,25,17,11,12,31,12,12,16,15,9,11
5,1001,source_premigration,1190235,M,19,HG_E,74,10,28,13,9,15,26,15,14,14,19,12,15
5,1001,source_premigration,1190240,M,19,HG_C,20,15,23,12,14,13,27,14,10,10,16,12,12
5,1001,source_premigration,1190243,M,19,HG_B,198,12,26,16,10,12,30,12,12,15,14,10,11
5,1001,source_premigration,1190302,M,19,HG_B,126,13,26,15,10,11,32,11,11,17,13,9,12
5,1001,source_premigration,1190328,M,19,HG_E,255,11,26,12,9,17,26,14,12,13,19,12,15
5,1001,source_premigration,1190367,M,19,HG_B,302,13,24,18,10,11,31,11,12,15,13,9,10
5,1001,source_premigration,1190399,M,19,HG_C,299,13,20,12,13,14,27,13,10,11,15,13,15
5,1001,source_premigration,1190429,M,19,HG_B,302,13,24,17,10,11,31,11,12,15,13,9,10
5,1001,source_premigration,1190444,M,19,HG_A,237,13,25,15,10,12,30,14,10,14,16,10,12
5,1001,source_premigration,1190450,M,19,HG_D,245,14,19,18,15,10,34,14,13,16,11,15,10
5,1001,source_premigration,1190487,M,19,HG_A,98,13,22,14,11,13,30,13,10,14,14,12,12
5,1001,source_premigration,1190490,M,19,HG_B,126,13,26,15,10,11,31,11,11,17,13,9,12
5,1001,source_premigration,1190502,M,19,HG_C,329,15,21,12,15,14,28,16,11,12,14,12,13
5,1001,source_premigration,1190503,M,19,HG_C,329,15,21,12,15,14,28,16,11,12,14,12,13
5,1001,source_premigration,1190510,M,19,HG_E,120,12,27,12,9,14,27,14,14,12,19,11,15
5,1001,source_premigration,1190552,M,19,HG_B,227,12,24,16,11,14,31,11,13,15,14,10,10
5,1001,source_premigration,1190574,M,19,HG_A,121,13,24,13,11,13,28,13,11,14,16,13,12
5,1001,source_premigration,1190575,M,19,HG_A,121,13,24,13,11,13,28,13,11,14,16,13,12
5,1001,source_premigration,1190592,M,19,HG_A,121,13,24,13,11,13,28,13,11,14,16,13,12
5,1001,source_premigration,1190608,M,19,HG_E,330,12,28,13,11,18,27,14,13,11,17,11,14
5,1001,source_premigration,1190621,M,19,HG_D,394,15,20,18,14,12,32,11,14,18,12,14,10
5,1001,source_premigration,1190663,M,19,HG_D,109,15,21,21,13,9,33,13,13,17,14,14,9
5,1001,source_premigration,1190670,M,19,HG_C,493,13,24,11,13,13,28,16,10,11,15,13,15
5,1001,source_premigration,1190696,M,19,HG_E,255,11,26,12,9,17,26,13,14,13,19,12,15
5,1001,source_premigration,1190704,M,19,HG_A,121,13,24,13,11,13,28,13,11,14,16,13,12
5,1001,source_premigration,1190728,M,19,HG_D,249,14,19,17,12,12,34,11,13,17,11,13,10
5,1001,source_premigration,1190766,M,19,HG_D,238,15,22,19,13,11,32,13,13,17,13,14,10
5,1001,source_premigration,1190768,M,19,HG_B,26,12,25,16,11,12,29,12,12,16,13,12,11
5,1001,source_premigration,1190816,M,19,HG_E,330,12,28,13,11,18,27,14,13,11,17,11,14
5,1001,source_premigration,1190835,M,19,HG_C,475,15,22,10,13,15,26,13,10,9,17,15,13
5,1001,source_premigration,1190837,M,19,HG_A,121,13,24,13,11,13,28,13,11,14,16,13,12
5,1001,source_premigration,1190852,M,19,HG_D,91,16,19,18,14,9,33,11,14,16,12,14,9
5,1001,source_premigration,1190854,M,19,HG_B,302,13,24,17,10,11,31,11,12,15,13,9,10
5,1001,source_premigration,1190868,M,19,HG_B,151,12,26,16,9,13,31,13,13,14,15,10,11
5,1001,source_premigration,1190884,M,19,HG_A,237,13,25,15,10,12,30,14,11,14,16,10,12
5,1001,source_premigration,1190885,M,19,HG_A,237,13,25,15,10,12,30,14,11,14,16,10,12
5,1001,source_premigration,1190897,M,19,HG_B,126,13,26,15,10,11,31,12,11,17,13,9,12
5,1001,source_premigration,1190910,M,19,HG_C,432,15,22,12,14,15,27,15,9,10,16,14,15
5,1001,source_premigration,1190914,M,19,HG_B,302,13,24,17,10,11,31,11,12,15,13,8,10
5,1001,source_premigration,1190920,M,19,HG_C,493,13,24,11,14,13,28,16,10,11,15,13,15
5,1001,source_premigration,1190926,M,19,HG_B,26,12,25,16,11,12,29,12,12,16,13,12,11
5,1001,source_premigration,1190964,M,18,HG_D,249,14,19,17,12,12,34,11,13,17,11,13,10
5,1001,source_premigration,1190983,M,18,HG_D,129,14,21,18,13,11,32,11,12,17,12,12,8
5,1001,source_premigration,1191013,M,18,HG_B,26,12,25,16,11,12,29,12,12,16,13,12,11
5,1001,source_premigration,1191026,M,18,HG_A,121,13,24,13,11,13,28,13,11,14,16,13,12
5,1001,source_premigration,1191059,M,18,HG_E,330,12,28,13,11,18,27,14,13,11,17,11,14
5,1001,source_premigration,1191060,M,18,HG_B,26,12,25,16,11,12,29,12,12,16,13,12,11
5,1001,source_premigration,1191062,M,18,HG_B,26,12,25,16,11,12,29,12,12,16,13,12,11
5,1001,source_premigration,1191064,M,18,HG_B,26,12,25,16,11,12,29,12,12,16,13,12,11
5,1001,source_premigration,1191071,M,18,HG_A,121,13,24,13,11,13,28,13,11,14,16,13,12
5,1001,source_premigration,1191119,M,18,HG_B,126,12,26,15,10,11,31,12,11,17,13,9,12
5,1001,source_premigration,1191138,M,18,HG_A,98,13,23,14,11,13,30,13,10,14,14,12,12
5,1001,source_premigration,1191149,M,18,HG_E,74,11,28,13,11,15,26,15,14,13,19,12,15
5,1001,source_premigration,1191196,M,18,HG_B,168,12,25,17,11,12,31,12,12,16,15,9,11
5,1001,source_premigration,1191199,M,18,HG_B,168,12,25,17,11,12,31,12,12,16,15,9,11
5,1001,source_premigration,1191214,M,18,HG_D,129,14,21,18,13,11,32,11,12,17,12,12,8
5,1001,source_premigration,1191216,M,18,HG_B,302,13,24,17,10,11,31,11,12,15,13,9,10
5,1001,source_premigration,1191220,M,18,HG_C,475,15,22,11,13,15,26,13,10,9,17,15,13
5,1001,source_premigration,1191234,M,18,HG_E,255,11,26,12,9,17,26,14,12,13,19,12,15
5,1001,source_premigration,1191239,M,18,HG_E,330,12,28,13,11,18,27,14,13,11,17,11,14
5,1001,source_premigration,1191251,M,18,HG_A,234,13,22,15,11,13,28,12,9,14,16,12,11
5,1001,source_premigration,1191253,M,18,HG_A,234,13,22,15,11,13,28,12,9,14,16,12,11
5,1001,source_premigration,1191264,M,18,HG_A,125,13,25,16,12,13,29,15,11,12,15,14,12
5,1001,source_premigration,1191289,M,18,HG_D,238,15,22,18,13,11,32,13,13,17,13,14,10
5,1001,source_premigration,1191291,M,18,HG_B,26,12,25,16,11,12,29,12,12,16,13,12,11
5,1001,source_premigration,1191354,M,18,HG_E,330,12,28,13,11,18,27,14,13,11,17,11,14
5,1001,source_premigration,1191359,M,18,HG_D,303,15,19,16,13,10,33,13,11,16,12,14,8
5,1001,source_premigration,1191370,M,18,HG_B,26,12,25,16,11,12,29,12,11,16,13,12,11
5,1001,source_premigration,1191388,M,18,HG_E,74,11,28,13,11,15,26,15,14,13,19,12,15
5,1001,source_premigration,1191389,M,18,HG_E,330,12,28,13,11,18,27,14,13,11,17,11,14
5,1001,source_premigration,1191394,M,18,HG_C,299,13,20,12,13,14,27,13,10,11,15,13,15
5,1001,source_premigration,1191401,M,18,HG_D,91,16,19,18,14,9,33,11,14,16,12,14,9
5,1001,source_premigration,1191490,M,18,HG_E,270,10,28,14,10,15,26,14,13,13,18,11,15
5,1001,source_premigration,1191494,M,18,HG_B,26,12,25,16,11,12,29,12,12,16,13,12,11
5,1001,source_premigration,1191503,M,18,HG_B,302,13,24,17,10,11,31,11,12,15,14,9,10
5,1001,source_premigration,1191561,M,18,HG_D,303,15,18,16,13,10,33,13,11,16,12,14,8
5,1001,source_premigration,1191576,M,18,HG_B,302,13,24,17,10,11,31,11,12,15,13,9,10
5,1001,source_premigration,1191577,M,18,HG_B,302,13,24,17,10,11,31,11,12,15,13,9,10
5,1001,source_premigration,1191625,M,18,HG_C,493,13,24,11,14,13,28,16,10,11,15,13,15
5,1001,source_premigration,1191638,M,18,HG_C,244,12,21,12,15,14,25,13,11,9,16,13,14
5,1001,source_premigration,1191645,M,18,HG_B,302,13,24,17,10,11,31,11,12,15,13,9,10
5,1001,source_premigration,1191665,M,18,HG_C,244,12,21,12,15,14,25,14,11,9,16,13,14
5,1001,source_premigration,1191669,M,18,HG_E,120,11,27,11,9,14,27,14,14,12,19,11,15
5,1001,source_premigration,1191682,M,18,HG_C,244,12,21,12,15,14,25,14,11,9,16,13,14
5,1001,source_premigration,1191704,M,18,HG_A,98,13,23,14,11,13,30,13,10,14,14,12,12
5,1001,source_premigration,1191772,M,18,HG_C,244,12,20,12,15,14,25,14,11,9,16,13,14
5,1001,source_premigration,1191790,M,18,HG_B,302,13,24,17,10,11,31,11,12,15,13,9,10
5,1001,source_premigration,1191796,M,18,HG_E,330,12,28,13,11,18,27,14,13,11,17,11,14
5,1001,source_premigration,1191807,M,18,HG_B,43,12,25,16,11,12,31,11,13,14,16,10,13
5,1001,source_premigration,1191866,M,18,HG_E,255,11,26,12,9,17,26,14,15,13,19,12,15
5,1001,source_premigration,1191877,M,18,HG_E,330,12,28,13,11,18,27,14,13,11,17,11,14
5,1001,source_premigration,1191881,M,18,HG_C,244,12,21,12,15,14,25,13,11,9,16,13,14
5,1001,source_premigration,1191887,M,18,HG_B,26,12,25,16,11,12,29,12,12,16,13,12,11
5,1001,source_premigration,1191888,M,18,HG_B,126,12,26,15,10,11,31,12,11,17,13,9,12
5,1001,source_premigration,1191890,M,18,HG_D,249,14,19,17,12,12,34,11,13,17,11,13,10
5,1001,source_premigration,1191908,M,18,HG_E,330,12,28,12,11,18,27,14,13,11,17,11,14
5,1001,source_premigration,1191919,M,18,HG_C,329,15,21,12,15,14,28,16,11,12,14,12,13
5,1001,source_premigration,1191927,M,18,HG_B,168,12,25,17,11,12,31,11,12,16,15,9,11
5,1001,source_premigration,1191960,M,18,HG_B,26,12,25,16,11,12,29,12,12,16,13,12,11
5,1001,source_premigration,1191961,M,18,HG_B,26,12,25,16,11,12,29,12,12,16,13,12,11
5,1001,source_premigration,1191970,M,18,HG_A,237,13,25,15,10,12,30,14,11,14,16,10,12
5,1001,source_premigration,1191982,M,18,HG_A,234,13,22,15,11,13,28,12,9,14,16,12,11
5,1001,source_premigration,1191996,M,18,HG_C,329,14,21,12,15,14,28,16,11,12,14,12,13
5,1001,source_premigration,1192007,M,18,HG_C,493,13,24,11,14,13,28,16,10,11,15,13,15
5,1001,source_premigration,1192026,M,18,HG_E,120,12,27,12,9,14,27,14,14,12,19,11,15
5,1001,source_premigration,1192054,M,18,HG_B,302,13,24,17,10,11,31,11,12,15,13,9,10
5,1001,source_premigration,1192076,M,18,HG_B,198,12,26,16,10,12,30,12,12,15,14,10,11
5,1001,source_premigration,1192082,M,18,HG_A,234,13,23,15,11,12,28,12,9,14,16,12,11
5,1001,source_premigration,1192085,M,18,HG_B,302,13,24,17,10,11,31,11,12,15,13,9,10
5,1001,source_premigration,1192093,M,18,HG_A,234,13,22,14,11,13,28,12,9,14,16,12,12
5,1001,source_premigration,1192094,M,18,HG_D,245,14,19,18,15,10,32,13,13,16,11,15,10
5,1001,source_premigration,1192115,M,18,HG_A,301,12,24,15,11,13,28,14,11,14,15,12,11
5,1001,source_premigration,1192150,M,18,HG_B,126,13,26,15,10,11,31,11,11,17,13,9,12
5,1001,source_premigration,1192198,M,18,HG_E,120,12,27,12,9,14,27,14,14,12,19,11,15
5,1001,source_premigration,1192212,M,17,HG_D,245,14,19,18,15,10,32,13,13,16,11,15,10
5,1001,source_premigration,1192213,M,17,HG_A,237,13,25,15,10,12,30,14,11,14,16,10,12
5,1001,source_premigration,1192214,M,17,HG_A,237,13,25,14,10,12,30,14,11,14,16,10,12
5,1001,source_premigration,1192244,M,17,HG_E,74,10,29,13,9,15,26,15,14,13,19,12,15
5,1001,source_premigration,1192258,M,17,HG_B,302,13,24,17,10,11,31,11,12,15,13,9,10
5,1001,source_premigration,1192260,M,17,HG_B,302,13,24,17,10,11,31,11,12,15,13,9,10
5,1001,source_premigration,1192268,M,17,HG_C,299,13,20,12,13,14,27,13,10,11,15,13,15
5,1001,source_premigration,1192271,M,17,HG_C,299,13,20,12,13,14,27,13,10,11,15,13,15
5,1001,source_premigration,1192285,M,17,HG_D,129,14,21,18,13,11,32,11,12,17,12,12,8
5,1001,source_premigration,1192297,M,17,HG_B,302,13,24,17,10,11,31,11,12,15,13,9,10
5,1001,source_premigration,1192299,M,17,HG_C,20,15,23,12,14,13,27,14,10,10,16,12,12
5,1001,source_premigration,1192306,M,17,HG_C,475,15,22,11,13,15,26,13,10,9,17,15,13
5,1001,source_premigration,1192321,M,17,HG_A,234,13,22,15,11,13,28,12,9,14,16,12,11
5,1001,source_premigration,1192355,M,17,HG_D,303,15,18,17,13,12,33,13,11,16,12,14,8
5,1001,source_premigration,1192356,M,17,HG_D,303,15,18,17,13,12,33,13,11,16,12,14,8
5,1001,source_premigration,1192360,M,17,HG_D,249,14,19,17,12,12,34,11,13,17,11,13,10
5,1001,source_premigration,1192372,M,17,HG_D,249,15,20,17,12,12,34,11,13,17,11,12,10
5,1001,source_premigration,1192380,M,17,HG_B,302,13,24,17,10,11,31,11,12,15,13,9,10
5,1001,source_premigration,1192381,M,17,HG_B,302,13,24,17,10,11,31,11,12,15,13,9,10
5,1001,source_premigration,1192392,M,17,HG_B,198,12,26,16,10,12,30,12,12,15,14,10,11
5,1001,source_premigration,1192398,M,17,HG_D,303,15,18,17,13,10,33,13,11,16,12,14,8
5,1001,source_premigration,1192400,M,17,HG_D,303,15,18,17,13,10,33,13,11,16,12,14,8
5,1001,source_premigration,1192407,M,17,HG_A,234,13,22,15,11,13,28,12,9,14,16,12,11
5,1001,source_premigration,1192420,M,17,HG_D,109,15,21,21,13,9,33,13,13,17,14,14,9
5,1001,source_premigration,1192429,M,17,HG_D,249,14,19,17,12,12,34,11,13,17,11,13,10
5,1001,source_premigration,1192458,M,17,HG_C,475,15,22,10,13,15,26,13,10,9,17,15,13
5,1001,source_premigration,1192486,M,17,HG_A,234,12,23,15,11,13,28,12,9,14,16,12,11
5,1001,source_premigration,1192487,M,17,HG_D,238,15,22,19,13,11,32,13,12,17,13,14,10
5,1001,source_premigration,1192500,M,17,HG_D,238,15,22,18,13,11,32,13,13,17,13,14,10
5,1001,source_premigration,1192504,M,17,HG_A,301,12,24,15,12,12,28,14,11,14,15,12,11
5,1001,source_premigration,1192512,M,17,HG_E,270,10,28,14,10,15,26,14,14,13,18,11,15
5,1001,source_premigration,1192519,M,17,HG_D,238,15,22,18,13,11,32,13,13,17,13,14,10
5,1001,source_premigration,1192540,M,17,HG_B,168,12,25,17,11,12,31,12,12,16,15,9,11
5,1001,source_premigration,1192546,M,17,HG_B,291,12,24,17,9,13,32,12,12,15,15,10,11
5,1001,source_premigration,1192553,M,17,HG_A,98,13,23,14,11,13,30,13,10,14,14,12,12
5,1001,source_premigration,1192559,M,17,HG_A,234,13,22,15,11,13,28,12,9,14,16,12,11
5,1001,source_premigration,1192580,M,17,HG_D,238,15,22,18,13,11,32,13,13,17,13,14,10
5,1001,source_premigration,1192607,M,17,HG_D,303,15,19,16,13,10,33,13,11,16,12,14,8
5,1001,source_premigration,1192621,M,17,HG_B,26,12,25,16,11,12,29,12,12,16,13,12,11
5,1001,source_premigration,1192641,M,17,HG_D,303,15,18,17,13,12,33,13,11,16,12,14,8
5,1001,source_premigration,1192642,M,17,HG_D,303,15,18,17,13,12,33,13,11,16,12,14,8
5,1001,source_premigration,1192664,M,17,HG_E,270,10,28,14,10,15,26,14,14,13,18,11,15
5,1001,source_premigration,1192670,M,17,HG_A,98,13,22,14,11,13,30,13,10,14,14,12,12
5,1001,source_premigration,1192675,M,17,HG_E,255,11,26,12,9,17,26,13,14,13,19,12,15
5,1001,source_premigration,1192676,M,17,HG_E,255,11,26,12,9,17,26,13,14,13,19,12,15
5,1001,source_premigration,1192677,M,17,HG_E,255,11,26,12,9,17,26,13,14,13,19,12,15
5,1001,source_premigration,1192682,M,17,HG_E,120,12,27,12,8,14,27,14,14,12,19,11,15
5,1001,source_premigration,1192692,M,17,HG_C,244,12,21,12,15,15,25,14,11,9,16,13,14
5,1001,source_premigration,1192697,M,17,HG_C,475,15,22,10,14,15,26,13,10,9,17,15,13
5,1001,source_premigration,1192705,M,17,HG_B,198,12,26,16,10,12,30,12,12,15,14,10,11
5,1001,source_premigration,1192714,M,17,HG_E,330,12,28,13,11,18,27,14,13,11,18,11,14
5,1001,source_premigration,1192717,M,17,HG_E,330,12,28,13,11,18,27,14,13,11,17,11,14
5,1001,source_premigration,1192722,M,17,HG_E,74,11,28,13,10,15,26,15,14,13,19,12,15
5,1001,source_premigration,1192761,M,17,HG_A,121,13,24,13,11,13,28,13,11,14,16,13,12
5,1001,source_premigration,1192790,M,17,HG_C,432,15,22,12,14,15,27,15,9,10,16,14,15
5,1001,source_premigration,1192816,M,17,HG_A,125,13,25,16,12,13,29,14,12,12,15,14,12
5,1001,source_premigration,1192841,M,17,HG_E,330,12,28,13,11,18,27,14,13,11,17,11,14
5,1001,source_premigration,1192848,M,17,HG_E,330,12,28,13,11,18,27,14,13,11,17,11,14
5,1001,source_premigration,1192931,M,17,HG_D,238,15,21,18,13,11,32,13,13,17,13,14,10
5,1001,source_premigration,1192941,M,17,HG_A,312,15,25,14,12,13,30,12,11,14,13,13,12
5,1001,source_premigration,1192944,M,17,HG_A,234,13,22,15,11,13,28,12,9,14,16,12,11
5,1001,source_premigration,1192961,M,17,HG_B,126,13,26,15,10,11,32,11,11,17,13,9,12
5,1001,source_premigration,1192991,M,17,HG_C,329,15,21,12,15,14,28,16,11,12,14,12,13
5,1001,source_premigration,1193005,M,17,HG_A,234,13,22,15,11,13,28,12,9,14,16,12,11
5,1001,source_premigration,1193011,M,17,HG_E,270,10,28,14,10,15,26,14,14,13,18,11,15
5,1001,source_premigration,1193014,M,17,HG_E,330,12,28,13,11,18,27,14,13,11,17,11,14
5,1001,source_premigration,1193027,M,17,HG_B,26,13,25,16,11,13,29,12,12,16,13,12,11
5,1001,source_premigration,1193062,M,17,HG_D,109,15,21,21,13,10,33,13,13,17,14,14,9
5,1001,source_premigration,1193104,M,17,HG_B,126,13,26,15,10,11,31,11,11,17,13,9,12
5,1001,source_premigration,1193157,M,17,HG_C,299,13,20,12,13,14,27,13,10,11,15,13,15
5,1001,source_premigration,1193172,M,17,HG_E,330,12,28,13,11,18,27,14,13,11,17,11,14
5,1001,source_premigration,1193178,M,17,HG_C,329,15,21,12,15,14,28,16,11,12,14,12,13
5,1001,source_premigration,1193187,M,17,HG_A,98,13,22,14,11,13,30,13,10,14,14,12,12
5,1001,source_premigration,1193189,M,17,HG_A,98,13,22,14,11,13,30,13,10,14,14,12,12
5,1001,source_premigration,1193217,M,17,HG_D,109,15,21,21,13,10,33,13,13,17,14,14,9
5,1001,source_premigration,1193228,M,17,HG_C,244,12,21,12,15,14,26,13,11,9,16,13,14
5,1001,source_premigration,1193231,M,17,HG_C,244,12,21,12,15,14,25,15,11,9,16,13,14
5,1001,source_premigration,1193266,M,17,HG_E,330,12,28,13,11,18,27,14,13,11,17,11,14
5,1001,source_premigration,1193290,M,17,HG_D,249,14,19,17,12,12,34,11,13,17,11,13,10
5,1001,source_premigration,1193319,M,17,HG_B,26,12,25,16,11,12,29,12,12,16,13,12,11
5,1001,source_premigration,1193321,M,17,HG_C,244,12,21,12,15,14,25,14,11,9,16,13,14
5,1001,source_premigration,1193346,M,17,HG_C,244,12,21,12,15,14,25,13,11,9,16,13,14
5,1001,source_premigration,1193349,M,17,HG_A,121,13,24,13,11,13,28,13,11,14,16,13,12
5,1001,source_premigration,1193356,M,17,HG_D,94,16,20,18,12,10,33,11,14,18,12,15,9
5,1001,source_premigration,1193379,M,17,HG_B,168,12,25,17,11,12,31,11,12,16,15,9,11
5,1001,source_premigration,1193380,M,17,HG_B,168,12,25,17,11,12,31,11,12,16,15,9,11
5,1001,source_premigration,1193387,M,17,HG_D,249,14,19,17,12,12,34,11,13,17,11,13,10
5,1001,source_premigration,1193420,M,17,HG_A,234,13,23,15,11,13,28,12,9,14,16,12,11
5,1001,source_premigration,1193424,M,17,HG_A,234,13,23,15,11,13,28,12,9,14,16,12,11
5,1001,source_premigration,1193428,M,17,HG_C,329,15,21,12,15,14,28,16,11,12,14,12,13
5,1001,source_premigration,1193430,M,17,HG_E,255,11,26,12,9,17,26,14,13,13,19,12,15
5,1001,source_premigration,1193434,M,16,HG_C,244,12,21,12,15,14,25,13,11,9,16,13,14
5,1001,source_premigration,1193440,M,16,HG_B,168,12,25,17,11,12,31,11,12,16,15,9,11
5,1001,source_premigration,1193483,M,16,HG_A,234,13,23,15,11,13,28,12,9,14,16,12,11
5,1001,source_premigration,1193494,M,16,HG_D,303,15,18,17,13,12,33,13,11,16,12,14,8
5,1001,source_premigration,1193504,M,16,HG_D,394,15,20,18,14,12,32,11,14,18,12,14,10
5,1001,source_premigration,1193515,M,16,HG_C,493,13,24,11,14,13,28,16,10,11,15,13,15
5,1001,source_premigration,1193517,M,16,HG_B,168,12,25,17,11,12,31,11,12,16,15,9,11
5,1001,source_premigration,1193535,M,16,HG_B,291,12,24,17,9,13,32,12,13,15,15,10,11
5,1001,source_premigration,1193572,M,16,HG_D,303,15,19,16,13,10,33,13,11,16,12,14,8
5,1001,source_premigration,1193576,M,16,HG_B,26,12,25,16,11,12,29,12,12,16,13,12,11
5,1001,source_premigration,1193598,M,16,HG_D,303,15,18,16,13,10,33,13,11,16,12,14,8
5,1001,source_premigration,1193621,M,16,HG_D,238,15,22,19,13,11,32,13,13,17,13,14,10
5,1001,source_premigration,1193641,M,16,HG_C,493,13,24,11,14,13,28,16,10,11,15,13,15
5,1001,source_premigration,1193670,M,16,HG_C,20,15,23,12,14,13,27,14,10,10,16,12,12
5,1001,source_premigration,1193671,M,16,HG_C,20,15,23,12,14,13,27,14,10,10,16,12,12
5,1001,source_premigration,1193677,M,16,HG_C,244,12,21,12,15,14,25,13,11,9,16,13,14
5,1001,source_premigration,1193685,M,16,HG_C,329,15,21,12,15,14,28,16,11,12,14,12,13
5,1001,source_premigration,1193686,M,16,HG_E,120,11,27,12,9,14,27,14,14,12,19,11,15
5,1001,source_premigration,1193695,M,16,HG_D,394,15,20,18,14,12,32,11,14,18,12,14,10
5,1001,source_premigration,1193698,M,16,HG_D,394,15,20,18,14,12,32,11,14,18,12,14,10
5,1001,source_premigration,1193708,M,16,HG_E,330,12,28,13,11,18,27,14,13,11,17,11,14
5,1001,source_premigration,1193709,M,16,HG_E,330,12,28,13,11,18,27,14,13,11,17,11,14
5,1001,source_premigration,1193727,M,16,HG_B,302,13,24,17,10,11,31,11,12,15,12,9,10
5,1001,source_premigration,1193729,M,16,HG_A,326,13,24,14,12,13,29,13,11,14,16,13,10
5,1001,source_premigration,1193734,M,16,HG_A,343,13,23,14,11,14,29,14,12,15,14,13,11
5,1001,source_premigration,1193753,M,16,HG_A,60,13,25,15,10,14,29,14,13,14,15,12,14
5,1001,source_premigration,1193783,M,16,HG_A,301,12,24,15,11,14,28,14,10,14,15,12,11
5,1001,source_premigration,1193785,M,16,HG_D,91,16,19,18,14,9,32,11,14,16,12,14,9
5,1001,source_premigration,1193795,M,16,HG_B,26,12,25,16,11,12,29,12,11,16,13,12,11
5,1001,source_premigration,1193811,M,16,HG_E,330,12,28,13,11,18,27,14,13,11,17,11,14
5,1001,source_premigration,1193842,M,16,HG_D,303,15,18,17,13,12,33,13,11,16,12,14,8
5,1001,source_premigration,1193864,M,16,HG_A,121,13,24,13,11,13,28,13,11,14,16,13,12
5,1001,source_premigration,1193870,M,16,HG_B,444,12,25,16,9,13,32,12,14,15,14,10,11
5,1001,source_premigration,1193911,M,16,HG_C,244,12,21,12,15,14,25,15,11,9,16,13,14
5,1001,source_premigration,1193923,M,16,HG_C,244,12,21,12,15,14,25,14,11,9,16,13,14
5,1001,source_premigration,1193924,M,16,HG_A,301,12,24,15,12,12,28,14,11,14,15,12,11
5,1001,source_premigration,1193925,M,16,HG_A,234,13,22,15,11,13,28,12,9,14,16,12,11
5,1001,source_premigration,1193931,M,16,HG_C,329,15,21,12,15,14,28,16,11,12,14,12,13
5,1001,source_premigration,1193932,M,16,HG_C,329,15,21,12,15,14,28,16,11,12,14,12,13
5,1001,source_premigration,1193935,M,16,HG_E,255,11,26,12,9,17,26,13,14,13,19,12,15
5,1001,source_premigration,1193937,M,16,HG_C,493,13,24,11,13,13,28,16,10,11,15,13,15
5,1001,source_premigration,1193942,M,16,HG_A,237,13,25,15,10,12,30,14,10,14,16,10,12
5,1001,source_premigration,1193946,M,16,HG_A,234,13,22,15,11,13,28,12,9,14,16,12,11
5,1001,source_premigration,1193948,M,16,HG_D,303,15,18,17,13,12,33,13,11,16,12,14,8
5,1001,source_premigration,1193954,M,16,HG_C,329,15,21,12,15,14,28,16,11,12,14,12,13
5,1001,source_premigration,1193965,M,16,HG_C,244,12,21,12,15,15,25,14,11,9,16,13,14
5,1001,source_premigration,1193970,M,16,HG_A,234,13,23,15,11,13,28,12,9,14,16,12,11
5,1001,source_premigration,1193980,M,16,HG_B,26,12,25,16,11,12,29,12,12,16,13,12,11
5,1001,source_premigration,1193997,M,16,HG_D,303,15,19,16,13,10,33,13,11,16,12,14,8
5,1001,source_premigration,1194012,M,16,HG_C,493,13,24,11,14,13,28,16,10,11,15,13,15
5,1001,source_premigration,1194018,M,16,HG_E,270,10,28,14,10,15,26,14,14,13,18,11,15
5,1001,source_premigration,1194020,M,16,HG_D,129,14,21,18,13,11,32,11,12,17,12,12,8
5,1001,source_premigration,1194027,M,16,HG_E,330,12,28,13,11,18,27,14,13,11,17,11,14
5,1001,source_premigration,1194043,M,16,HG_A,301,12,24,15,11,14,28,14,10,14,15,12,11
5,1001,source_premigration,1194045,M,16,HG_E,330,12,28,13,11,18,27,14,13,11,17,11,14
5,1001,source_premigration,1194053,M,16,HG_C,244,12,21,12,15,14,25,14,11,9,16,13,14
5,1001,source_premigration,1194068,M,16,HG_A,121,13,24,13,11,13,28,13,11,14,16,13,12
5,1001,source_premigration,1194069,M,16,HG_A,121,13,24,13,11,13,28,13,11,14,16,13,12
5,1001,source_premigration,1194071,M,16,HG_D,245,14,19,18,15,10,34,14,13,16,11,15,10
5,1001,source_premigration,1194085,M,16,HG_E,120,12,27,12,9,14,27,14,14,12,19,11,15
5,1001,source_premigration,1194089,M,16,HG_B,198,12,26,16,10,12,30,12,12,15,14,10,11
5,1001,source_premigration,1194093,M,16,HG_D,303,15,18,17,13,10,33,13,11,16,12,14,8
5,1001,source_premigration,1194096,M,16,HG_D,238,15,22,19,13,11,32,13,13,17,13,14,10
5,1001,source_premigration,1194104,M,16,HG_D,238,15,22,18,13,11,32,13,13,17,13,14,10
5,1001,source_premigration,1194105,M,16,HG_D,238,15,22,18,13,11,32,13,13,17,13,14,10
5,1001,source_premigration,1194151,M,16,HG_A,60,13,25,15,10,13,29,14,12,14,15,12,14
5,1001,source_premigration,1194166,M,16,HG_E,255,11,26,12,9,17,26,14,14,13,19,12,15
5,1001,source_premigration,1194195,M,16,HG_D,303,15,18,17,13,12,33,13,11,16,12,14,8
5,1001,source_premigration,1194196,M,16,HG_D,303,15,18,17,13,12,33,13,11,16,12,14,8
5,1001,source_premigration,1194198,M,16,HG_C,299,13,20,12,13,14,27,13,10,11,15,13,15
5,1001,source_premigration,1194210,M,16,HG_D,65,15,18,17,13,11,33,11,13,17,11,14,9
5,1001,source_premigration,1194221,M,16,HG_C,475,15,22,10,13,14,26,13,10,9,17,15,13
5,1001,source_premigration,1194233,M,16,HG_B,126,13,26,15,10,11,31,11,11,17,13,9,12
5,1001,source_premigration,1194245,M,16,HG_D,249,14,18,17,12,12,34,11,13,17,11,13,10
5,1001,source_premigration,1194309,M,16,HG_D,303,15,18,16,13,10,33,13,11,16,12,14,8
5,1001,source_premigration,1194328,M,16,HG_C,244,11,21,12,15,14,25,14,11,9,16,13,14
5,1001,source_premigration,1194363,M,16,HG_C,299,13,20,12,13,14,27,13,10,11,15,13,15
5,1001,source_premigration,1194375,M,16,HG_C,432,15,22,12,14,15,27,15,9,10,16,14,15
5,1001,source_premigration,1194381,M,16,HG_D,303,15,18,17,13,12,33,13,11,16,12,14,8
5,1001,source_premigration,1194387,M,16,HG_A,343,13,23,14,11,14,29,14,12,15,14,13,11
5,1001,source_premigration,1194400,M,16,HG_B,302,13,24,17,10,11,31,11,12,15,13,9,10
5,1001,source_premigration,1194402,M,16,HG_B,302,13,24,17,10,11,31,11,12,15,13,9,10
5,1001,source_premigration,1194430,M,16,HG_D,245,14,19,18,15,10,32,13,13,16,11,15,10
5,1001,source_premigration,1194435,M,16,HG_A,98,13,22,14,11,13,30,13,10,14,14,12,12
5,1001,source_premigration,1194438,M,16,HG_D,303,15,18,17,13,10,33,13,11,16,12,14,8
5,1001,source_premigration,1194441,M,16,HG_E,270,10,28,14,10,15,26,14,13,13,18,11,15
5,1001,source_premigration,1194453,M,16,HG_D,303,15,19,16,13,10,33,13,11,16,12,14,8
5,1001,source_premigration,1194476,M,16,HG_E,330,12,28,13,11,18,27,14,13,11,17,11,14
5,1001,source_premigration,1194497,M,16,HG_A,60,13,25,15,10,14,29,14,13,14,15,12,14
5,1001,source_premigration,1194507,M,16,HG_D,109,15,21,21,13,10,33,13,13,17,14,14,9
5,1001,source_premigration,1194520,M,16,HG_A,98,13,23,14,11,13,30,13,10,14,14,12,12
5,1001,source_premigration,1194527,M,16,HG_B,26,12,25,16,11,12,29,12,12,16,13,12,11
5,1001,source_premigration,1194542,M,16,HG_A,125,13,25,16,12,13,29,15,12,12,15,14,12
5,1001,source_premigration,1194552,M,16,HG_A,234,13,23,15,11,13,28,12,9,14,16,12,11
5,1001,source_premigration,1194660,M,15,HG_A,121,13,24,13,11,13,28,13,11,14,16,13,12
5,1001,source_premigration,1194662,M,15,HG_E,270,10,28,14,10,15,26,14,13,13,18,11,15
5,1001,source_premigration,1194666,M,15,HG_E,120,12,27,12,9,14,27,14,14,12,19,11,15
5,1001,source_premigration,1194674,M,15,HG_A,326,13,24,14,12,13,29,13,11,14,16,13,10
5,1001,source_premigration,1194726,M,15,HG_D,303,15,19,16,13,10,33,13,11,16,12,14,8
5,1001,source_premigration,1194733,M,15,HG_D,410,13,18,18,13,11,34,11,12,17,13,12,11
5,1001,source_premigration,1194746,M,15,HG_C,493,13,24,11,14,13,28,16,10,11,15,13,15
5,1001,source_premigration,1194747,M,15,HG_A,301,12,24,15,11,14,28,14,10,14,15,12,11
5,1001,source_premigration,1194767,M,15,HG_E,330,12,28,13,11,18,27,14,13,11,17,11,14
5,1001,source_premigration,1194771,M,15,HG_E,330,12,28,13,11,18,27,14,13,11,17,11,14
5,1001,source_premigration,1194797,M,15,HG_E,330,12,28,13,11,18,27,14,13,11,17,11,14
5,1001,source_premigration,1194806,M,15,HG_A,121,13,24,13,11,13,28,13,11,14,16,13,12
5,1001,source_premigration,1194808,M,15,HG_E,255,11,26,12,9,17,26,14,13,13,19,12,15
5,1001,source_premigration,1194810,M,15,HG_E,255,11,26,12,9,17,26,14,13,13,19,12,15
5,1001,source_premigration,1194828,M,15,HG_D,109,15,21,21,13,10,33,13,13,17,14,14,9
5,1001,source_premigration,1194836,M,15,HG_A,60,13,25,15,10,14,29,14,13,14,15,12,14
5,1001,source_premigration,1194845,M,15,HG_A,234,13,22,15,11,13,28,12,9,14,16,12,11
5,1001,source_premigration,1194855,M,15,HG_D,394,15,20,18,14,12,31,11,14,18,12,14,10
5,1001,source_premigration,1194892,M,15,HG_B,43,13,25,16,11,12,31,11,13,14,16,10,13
5,1001,source_premigration,1194893,M,15,HG_B,43,12,25,16,11,12,31,11,13,14,16,10,13
5,1001,source_premigration,1194894,M,15,HG_D,129,14,21,18,13,11,32,11,12,17,12,12,8
5,1001,source_premigration,1194896,M,15,HG_B,26,12,25,16,11,12,29,12,12,16,13,12,11
5,1001,source_premigration,1194897,M,15,HG_B,26,12,25,16,11,12,29,12,12,16,13,12,11
5,1001,source_premigration,1194907,M,15,HG_D,303,15,18,17,13,12,33,13,11,16,12,14,8
5,1001,source_premigration,1194908,M,15,HG_C,244,12,21,12,15,14,25,13,11,9,16,13,14
5,1001,source_premigration,1194930,M,15,HG_D,303,15,18,17,13,12,33,13,11,16,12,14,8
5,1001,source_premigration,1194932,M,15,HG_B,26,12,25,16,11,12,29,12,12,16,13,12,11
5,1001,source_premigration,1194943,M,15,HG_E,330,12,28,13,11,18,27,14,13,11,17,11,14
5,1001,source_premigration,1194949,M,15,HG_C,493,13,24,11,14,13,28,16,10,11,15,13,15
5,1001,source_premigration,1194959,M,15,HG_A,237,13,25,15,10,12,30,14,11,14,16,10,12
5,1001,source_premigration,1194960,M,15,HG_C,244,12,21,12,15,14,25,13,11,9,16,13,14
5,1001,source_premigration,1194961,M,15,HG_C,244,12,21,12,15,14,25,13,11,9,16,13,14
5,1001,source_premigration,1194977,M,15,HG_E,330,12,28,13,11,18,27,14,13,11,17,11,14
5,1001,source_premigration,1194991,M,15,HG_C,244,12,21,12,15,14,25,13,11,9,16,13,14
5,1001,source_premigration,1194992,M,15,HG_C,244,12,21,12,15,14,25,13,11,9,16,13,14
5,1001,source_premigration,1195031,M,15,HG_C,20,15,23,12,14,13,27,14,10,10,16,12,12
5,1001,source_premigration,1195048,M,15,HG_B,291,12,23,17,9,13,32,12,12,15,15,10,11
5,1001,source_premigration,1195068,M,15,HG_C,493,13,24,11,14,13,28,16,10,11,15,13,15
5,1001,source_premigration,1195084,M,15,HG_A,60,13,25,15,10,13,29,14,13,14,15,12,14
5,1001,source_premigration,1195093,M,15,HG_A,326,13,24,14,12,13,29,13,11,14,16,13,10
5,1001,source_premigration,1195109,M,15,HG_A,125,13,25,16,12,13,29,14,12,12,15,14,12
5,1001,source_premigration,1195120,M,15,HG_E,330,12,28,13,11,18,27,14,13,11,18,11,14
5,1001,source_premigration,1195121,M,15,HG_D,245,14,19,18,15,10,34,14,13,16,11,15,10
5,1001,source_premigration,1195141,M,15,HG_A,237,13,25,15,10,12,30,14,11,14,16,10,12
5,1001,source_premigration,1195154,M,15,HG_B,302,13,24,17,10,11,31,11,12,15,13,9,10
5,1001,source_premigration,1195158,M,15,HG_B,126,13,26,15,10,11,31,11,11,17,13,9,12
5,1001,source_premigration,1195165,M,15,HG_B,302,13,24,17,10,11,31,11,12,15,13,9,10
5,1001,source_premigration,1195167,M,15,HG_E,330,12,28,13,11,18,27,14,13,11,17,11,14
5,1001,source_premigration,1195171,M,15,HG_C,20,15,23,12,14,13,27,14,10,10,16,12,12
5,1001,source_premigration,1195200,M,15,HG_E,270,10,28,14,10,15,26,14,14,13,18,11,15
5,1001,source_premigration,1195217,M,15,HG_B,26,12,25,16,11,12,29,12,12,16,13,12,11
5,1001,source_premigration,1195218,M,15,HG_B,26,12,25,16,11,12,29,12,12,16,13,12,11
5,1001,source_premigration,1195245,M,15,HG_D,303,15,19,16,13,10,33,13,11,16,12,14,8
5,1001,source_premigration,1195249,M,15,HG_C,493,13,24,11,14,13,28,16,10,11,15,13,15
5,1001,source_premigration,1195261,M,15,HG_A,343,13,23,14,11,14,29,14,12,15,14,13,11
5,1001,source_premigration,1195265,M,15,HG_A,343,13,23,14,11,14,29,14,12,15,14,13,11
5,1001,source_premigration,1195274,M,15,HG_B,126,12,26,15,10,11,31,12,11,17,13,9,12
5,1001,source_premigration,1195308,M,15,HG_B,302,13,24,17,10,11,31,11,12,15,13,9,10
5,1001,source_premigration,1195313,M,15,HG_C,244,12,21,12,15,14,25,15,11,9,16,13,14
5,1001,source_premigration,1195316,M,15,HG_A,234,13,22,15,11,13,28,12,9,14,16,12,11
5,1001,source_premigration,1195317,M,15,HG_B,444,12,25,15,9,13,32,12,14,15,14,10,11
5,1001,source_premigration,1195337,M,15,HG_B,198,12,26,16,10,12,30,12,12,15,14,10,11
5,1001,source_premigration,1195346,M,15,HG_B,302,13,24,17,10,11,31,11,12,15,13,9,10
5,1001,source_premigration,1195348,M,15,HG_A,234,13,23,15,11,13,28,12,9,14,16,12,11
5,1001,source_premigration,1195350,M,15,HG_A,343,13,23,14,11,14,29,14,12,15,14,13,11
5,1001,source_premigration,1195360,M,15,HG_D,94,16,20,19,12,10,33,11,13,17,12,15,9
5,1001,source_premigration,1195377,M,15,HG_D,238,15,22,19,13,11,32,13,13,17,13,14,10
5,1001,source_premigration,1195391,M,15,HG_A,234,13,22,15,11,13,28,12,9,14,16,12,11
5,1001,source_premigration,1195419,M,15,HG_E,330,12,28,13,11,18,27,14,13,11,17,11,14
5,1001,source_premigration,1195432,M,15,HG_C,244,12,21,12,15,14,25,14,11,9,16,13,14
5,1001,source_premigration,1195435,M,15,HG_A,98,12,23,14,11,13,30,13,10,14,14,12,12
5,1001,source_premigration,1195442,M,15,HG_C,299,13,20,12,13,14,27,13,10,11,15,13,15
5,1001,source_premigration,1195455,M,15,HG_E,330,12,28,13,11,18,27,14,13,11,17,11,14
5,1001,source_premigration,1195458,M,15,HG_D,238,15,22,18,13,11,32,13,13,17,13,14,10
5,1001,source_premigration,1195480,M,15,HG_C,244,12,21,12,15,15,25,14,11,9,16,13,14
5,1001,source_premigration,1195484,M,15,HG_C,244,12,21,12,15,15,25,14,11,9,16,13,14
5,1001,source_premigration,1195498,M,15,HG_C,299,13,20,12,13,14,27,13,10,11,15,13,15
5,1001,source_premigration,1195518,M,15,HG_D,303,15,18,17,13,12,33,13,11,16,12,14,8
5,1001,source_premigration,1195524,M,15,HG_E,330,12,28,13,11,18,27,14,13,11,17,11,14
5,1001,source_premigration,1195534,M,15,HG_B,302,13,24,17,10,11,31,11,12,15,13,9,10
5,1001,source_premigration,1195537,M,15,HG_E,74,10,28,13,9,15,26,15,14,14,19,12,15
5,1001,source_premigration,1195564,M,15,HG_D,129,14,21,18,13,11,32,11,12,17,12,12,8
5,1001,source_premigration,1195570,M,15,HG_D,303,15,18,17,13,12,33,13,11,16,12,14,8
5,1001,source_premigration,1195602,M,15,HG_D,249,14,19,17,12,12,34,11,13,17,11,13,10
5,1001,source_premigration,1195616,M,15,HG_D,303,15,18,17,13,10,33,13,11,16,12,14,8
5,1001,source_premigration,1195636,M,15,HG_E,330,12,28,13,11,18,27,14,13,11,17,11,14
5,1001,source_premigration,1195639,M,15,HG_D,249,14,19,17,12,12,34,11,13,17,11,13,10
5,1001,source_premigration,1195642,M,15,HG_B,126,13,26,15,10,11,31,11,12,17,13,9,12
5,1001,source_premigration,1195645,M,15,HG_B,126,13,26,15,10,11,31,11,12,17,13,9,12
5,1001,source_premigration,1195653,M,15,HG_D,129,14,21,18,13,11,32,11,12,17,11,12,8
5,1001,source_premigration,1195668,M,15,HG_C,475,15,22,10,13,15,26,14,10,9,17,15,13
5,1001,source_premigration,1195670,M,15,HG_C,475,15,22,10,13,15,26,14,10,9,17,15,13
5,1001,source_premigration,1195677,M,15,HG_E,74,11,28,13,11,15,26,15,14,13,19,12,15
5,1001,source_premigration,1195681,M,15,HG_A,234,13,22,15,11,13,28,12,9,14,16,12,11
5,1001,source_premigration,1195698,M,15,HG_A,343,13,23,14,11,14,29,14,12,15,14,13,11
5,1001,source_premigration,1195700,M,15,HG_D,249,15,20,17,12,12,34,11,13,17,11,12,10
5,1001,source_premigration,1195703,M,15,HG_B,227,12,24,16,11,14,31,11,13,15,14,10,10
5,1001,source_premigration,1195744,M,15,HG_B,126,13,26,15,10,11,31,11,11,17,13,9,12
5,1001,source_premigration,1195747,M,15,HG_C,244,12,21,12,15,15,25,14,11,9,16,13,14
5,1001,source_premigration,1195753,M,15,HG_C,493,13,24,11,14,13,28,16,10,11,15,13,15
5,1001,source_premigration,1195782,M,15,HG_A,98,13,22,14,11,13,30,13,10,14,14,12,12
5,1001,source_premigration,1195783,M,15,HG_C,475,15,22,10,13,14,26,13,10,9,17,15,13
5,1001,source_premigration,1195788,M,15,HG_A,121,13,24,13,11,13,28,13,11,14,16,13,12
5,1001,source_premigration,1195802,M,15,HG_B,302,13,24,17,10,11,31,11,12,15,13,9,10
5,1001,source_premigration,1195806,M,15,HG_E,74,11,28,13,11,15,26,15,14,13,19,12,15
5,1001,source_premigration,1195807,M,15,HG_E,74,11,28,13,11,15,26,15,14,13,19,12,15
5,1001,source_premigration,1195813,M,15,HG_C,493,13,24,11,13,13,28,16,10,11,15,13,15
5,1001,source_premigration,1195823,M,15,HG_D,94,16,20,18,12,10,33,11,14,18,12,15,9
5,1001,source_premigration,1195852,M,15,HG_B,302,13,24,17,10,11,31,11,12,15,13,9,10
5,1001,source_premigration,1195876,M,15,HG_A,301,12,24,15,11,14,28,14,10,14,15,12,11
5,1001,source_premigration,1195877,M,15,HG_A,234,13,22,15,11,13,28,12,9,14,16,12,11
5,1001,source_premigration,1195910,M,14,HG_D,129,14,21,18,13,11,32,11,12,17,11,12,8
5,1001,source_premigration,1195912,M,14,HG_C,329,15,21,12,15,14,28,16,11,12,14,12,13
5,1001,source_premigration,1195915,M,14,HG_C,329,15,21,12,15,14,28,16,11,12,14,12,13
5,1001,source_premigration,1195917,M,14,HG_D,394,15,20,18,14,12,32,11,14,18,12,14,10
5,1001,source_premigration,1195925,M,14,HG_B,198,12,26,16,10,12,30,12,12,15,14,10,11
5,1001,source_premigration,1195936,M,14,HG_A,234,13,22,14,11,13,28,12,9,14,16,12,12
5,1001,source_premigration,1195939,M,14,HG_A,234,13,22,14,11,13,28,12,9,14,16,12,12
5,1001,source_premigration,1195942,M,14,HG_D,303,15,18,17,13,12,33,13,11,16,12,14,8
5,1001,source_premigration,1195943,M,14,HG_D,303,15,18,17,13,12,33,13,11,16,12,14,8
5,1001,source_premigration,1195950,M,14,HG_B,291,12,23,17,9,13,32,12,12,15,15,10,11
5,1001,source_premigration,1195954,M,14,HG_E,330,12,28,13,11,18,27,14,13,11,17,11,14
5,1001,source_premigration,1195957,M,14,HG_C,244,12,21,12,15,14,26,13,11,9,16,13,14
5,1001,source_premigration,1195974,M,14,HG_B,26,12,25,16,11,12,29,12,12,16,13,12,11
5,1001,source_premigration,1195986,M,14,HG_D,129,14,21,18,13,11,32,11,12,17,12,12,8
5,1001,source_premigration,1195989,M,14,HG_B,444,12,25,15,9,13,32,12,14,15,14,10,11
5,1001,source_premigration,1195994,M,14,HG_B,126,13,26,14,10,11,32,11,11,17,13,9,12
5,1001,source_premigration,1195999,M,14,HG_A,312,15,25,14,12,13,30,12,11,14,13,13,12
5,1001,source_premigration,1196003,M,14,HG_A,312,15,25,15,12,13,28,12,11,14,13,13,12
5,1001,source_premigration,1196024,M,14,HG_E,255,11,26,12,9,17,26,14,13,13,19,12,15
5,1001,source_premigration,1196029,M,14,HG_A,237,13,25,15,10,13,30,14,11,14,16,10,12
5,1001,source_premigration,1196031,M,14,HG_B,26,12,25,16,11,12,29,12,12,16,13,12,11
5,1001,source_premigration,1196037,M,14,HG_D,109,15,21,21,13,10,33,13,13,17,14,14,9
5,1001,source_premigration,1196053,M,14,HG_B,168,12,25,17,11,12,31,12,12,16,15,9,11
5,1001,source_premigration,1196062,M,14,HG_A,301,12,24,15,12,12,28,14,11,14,15,12,11
5,1001,source_premigration,1196065,M,14,HG_A,234,13,22,15,11,13,28,12,9,14,16,12,11
5,1001,source_premigration,1196070,M,14,HG_B,168,12,25,17,11,12,31,12,12,16,15,9,11
5,1001,source_premigration,1196076,M,14,HG_E,120,12,27,12,9,14,27,14,14,12,19,11,15
5,1001,source_premigration,1196090,M,14,HG_E,330,12,28,13,11,18,27,14,13,11,17,11,14
5,1001,source_premigration,1196095,M,14,HG_C,475,15,22,10,13,14,26,13,10,9,17,15,13
5,1001,source_premigration,1196097,M,14,HG_E,74,10,29,13,9,15,26,15,14,13,19,12,15
5,1001,source_premigration,1196125,M,14,HG_A,121,13,24,13,11,13,28,13,11,14,16,13,12
5,1001,source_premigration,1196133,M,14,HG_A,326,13,24,14,12,13,29,13,11,14,16,13,10
5,1001,source_premigration,1196135,M,14,HG_A,326,13,24,14,12,13,29,13,11,14,16,13,10
5,1001,source_premigration,1196142,M,14,HG_D,129,14,21,18,13,11,32,11,12,17,12,12,8
5,1001,source_premigration,1196159,M,14,HG_A,234,13,22,15,11,13,28,12,9,14,16,12,11
5,1001,source_premigration,1196162,M,14,HG_E,120,11,27,11,9,14,27,14,14,12,19,11,15
5,1001,source_premigration,1196163,M,14,HG_E,120,11,27,11,9,14,27,14,14,12,19,11,15
5,1001,source_premigration,1196169,M,14,HG_B,302,13,24,17,10,11,31,11,12,15,13,9,10
5,1001,source_premigration,1196174,M,14,HG_A,234,13,23,15,11,12,28,12,9,14,16,12,11
5,1001,source_premigration,1196175,M,14,HG_E,330,12,28,13,11,19,27,13,13,11,17,11,14
5,1001,source_premigration,1196226,M,14,HG_D,394,15,20,18,14,12,32,11,14,18,12,14,10
5,1001,source_premigration,1196244,M,14,HG_B,26,12,25,16,11,12,29,12,12,16,13,12,11
5,1001,source_premigration,1196281,M,14,HG_C,475,15,22,10,13,15,26,13,10,9,17,15,13
5,1001,source_premigration,1196287,M,14,HG_E,120,12,27,12,9,14,27,14,14,12,19,11,15
5,1001,source_premigration,1196291,M,14,HG_E,330,12,28,12,11,18,27,14,13,11,17,11,14
5,1001,source_premigration,1196311,M,14,HG_E,330,12,28,13,11,18,27,14,13,11,17,11,14
5,1001,source_premigration,1196322,M,14,HG_D,249,14,19,17,12,12,34,11,13,17,11,13,10
5,1001,source_premigration,1196331,M,14,HG_A,98,13,23,14,11,13,30,13,10,14,14,12,12
5,1001,source_premigration,1196336,M,14,HG_C,244,12,21,12,15,14,25,14,11,9,16,13,14
5,1001,source_premigration,1196345,M,14,HG_C,475,15,22,10,13,15,26,13,10,9,17,15,13
5,1001,source_premigration,1196352,M,14,HG_C,299,13,20,12,13,14,27,13,10,11,15,13,15
5,1001,source_premigration,1196354,M,14,HG_C,299,13,20,12,13,14,27,13,10,11,15,13,15
5,1001,source_premigration,1196361,M,14,HG_A,121,13,24,13,11,13,28,13,11,14,16,13,12
5,1001,source_premigration,1196374,M,14,HG_D,238,15,22,18,13,11,32,13,13,17,13,14,10
5,1001,source_premigration,1196383,M,14,HG_A,234,13,22,15,11,13,28,12,9,14,16,12,11
5,1001,source_premigration,1196399,M,14,HG_A,234,13,22,15,11,13,28,12,9,14,16,12,11
5,1001,source_premigration,1196403,M,14,HG_E,330,12,28,13,11,18,27,14,13,11,17,11,14
5,1001,source_premigration,1196420,M,14,HG_D,109,15,21,21,13,10,33,13,13,17,14,14,9
5,1001,source_premigration,1196442,M,14,HG_E,74,11,28,13,11,15,26,15,14,13,19,12,15
5,1001,source_premigration,1196444,M,14,HG_B,302,13,24,17,10,11,31,11,12,15,13,9,10
5,1001,source_premigration,1196469,M,14,HG_A,121,13,24,13,11,13,28,13,11,14,16,13,12
5,1001,source_premigration,1196473,M,14,HG_C,244,12,21,12,15,14,25,14,11,9,16,13,14
5,1001,source_premigration,1196477,M,14,HG_C,244,12,21,12,15,14,25,14,11,9,16,13,14
5,1001,source_premigration,1196482,M,14,HG_B,26,12,25,16,11,12,29,12,12,16,13,12,11
5,1001,source_premigration,1196485,M,14,HG_B,26,12,25,16,11,12,29,12,12,16,13,12,11
5,1001,source_premigration,1196501,M,14,HG_A,237,13,25,15,10,12,30,14,11,14,16,10,12
5,1001,source_premigration,1196508,M,14,HG_E,409,12,27,13,9,17,24,13,15,11,19,10,15
5,1001,source_premigration,1196517,M,14,HG_A,234,13,23,15,11,13,28,12,9,14,16,12,11
5,1001,source_premigration,1196523,M,14,HG_B,302,13,24,17,10,11,31,11,12,15,13,9,10
5,1001,source_premigration,1196534,M,14,HG_A,125,12,25,15,12,13,29,15,12,12,15,14,12
5,1001,source_premigration,1196555,M,14,HG_D,303,15,18,17,13,12,33,13,11,16,12,14,8
5,1001,source_premigration,1196556,M,14,HG_A,301,12,24,15,11,12,28,14,11,14,15,12,11
5,1001,source_premigration,1196567,M,14,HG_D,303,15,18,17,13,12,33,13,11,16,12,14,8
5,1001,source_premigration,1196568,M,14,HG_C,299,13,20,12,13,14,27,13,10,11,15,13,15
5,1001,source_premigration,1196569,M,14,HG_C,299,13,20,12,13,14,27,13,10,11,15,13,15
5,1001,source_premigration,1196596,M,14,HG_E,74,11,28,13,10,15,26,15,14,13,19,12,15
5,1001,source_premigration,1196598,M,14,HG_E,74,11,28,13,10,15,26,15,14,13,19,12,15
5,1001,source_premigration,1196611,M,14,HG_E,255,11,26,12,9,17,26,13,15,13,19,12,15
5,1001,source_premigration,1196624,M,14,HG_D,245,14,19,18,15,10,34,14,13,16,11,15,10
5,1001,source_premigration,1196628,M,14,HG_C,244,12,21,12,15,14,25,14,11,9,16,13,14
5,1001,source_premigration,1196651,M,14,HG_D,238,15,22,19,13,11,32,13,13,17,13,14,10
5,1001,source_premigration,1196656,M,14,HG_B,302,13,24,17,10,11,31,11,12,15,13,9,10
5,1001,source_premigration,1196659,M,14,HG_B,126,13,26,15,10,11,31,11,12,17,13,9,12
5,1001,source_premigration,1196665,M,14,HG_E,270,10,28,14,10,15,26,14,13,13,18,11,15
5,1001,source_premigration,1196689,M,14,HG_A,234,13,22,15,11,13,28,12,9,14,16,12,11
5,1001,source_premigration,1196695,M,14,HG_B,227,12,24,16,11,14,31,11,13,15,14,10,10
5,1001,source_premigration,1196714,M,14,HG_C,244,12,21,12,15,14,25,14,11,9,16,13,14
5,1001,source_premigration,1196719,M,14,HG_D,303,15,18,17,13,10,33,13,11,16,12,14,8
5,1001,source_premigration,1196721,M,14,HG_A,237,13,25,15,10,12,30,14,11,14,16,10,12
5,1001,source_premigration,1196748,M,14,HG_D,129,14,21,18,13,11,32,11,12,17,12,12,8
5,1001,source_premigration,1196761,M,14,HG_C,493,13,24,11,14,13,28,16,10,11,15,13,15
5,1001,source_premigration,1196762,M,14,HG_C,493,13,24,11,14,13,28,16,10,11,15,13,15
5,1001,source_premigration,1196764,M,14,HG_C,329,15,21,12,15,14,28,16,11,12,14,12,13
5,1001,source_premigration,1196766,M,14,HG_C,329,15,21,12,15,14,28,16,11,12,14,12,13
5,1001,source_premigration,1196767,M,14,HG_C,329,15,21,12,15,14,28,16,11,12,14,12,13
5,1001,source_premigration,1196782,M,14,HG_B,26,12,25,16,11,12,29,12,12,16,13,12,11
5,1001,source_premigration,1196785,M,14,HG_B,26,12,25,16,11,12,29,12,12,16,13,12,11
5,1001,source_premigration,1196786,M,14,HG_B,26,12,25,16,11,12,29,12,12,16,13,12,11
5,1001,source_premigration,1196790,M,14,HG_C,244,12,21,12,15,14,25,14,11,9,16,13,14
5,1001,source_premigration,1196801,M,14,HG_D,249,15,20,17,12,12,34,11,13,17,11,12,10
5,1001,source_premigration,1196807,M,14,HG_A,98,13,22,14,11,13,30,13,10,14,14,12,12
5,1001,source_premigration,1196812,M,14,HG_C,329,15,21,12,15,14,28,16,11,12,14,12,13
5,1001,source_premigration,1196813,M,14,HG_A,326,13,24,14,12,13,29,13,11,14,16,13,10
5,1001,source_premigration,1196815,M,14,HG_C,244,12,21,12,15,14,25,13,11,9,16,13,14
5,1001,source_premigration,1196824,M,14,HG_B,302,13,24,17,10,11,31,11,12,15,13,9,10
5,1001,source_premigration,1196831,M,14,HG_D,91,16,19,18,14,9,32,11,14,16,12,14,9
5,1001,source_premigration,1196848,M,14,HG_E,330,12,28,12,11,18,27,14,13,11,17,11,14
5,1001,source_premigration,1196852,M,14,HG_C,493,13,24,11,13,12,28,16,10,11,15,13,15
5,1001,source_premigration,1196856,M,14,HG_B,43,12,25,16,11,12,31,11,13,14,16,10,13
5,1001,source_premigration,1196869,M,14,HG_C,244,12,21,12,15,14,25,13,11,9,16,13,14
5,1001,source_premigration,1196888,M,14,HG_C,475,15,22,10,14,15,26,13,10,9,17,15,13
5,1001,source_premigration,1196889,M,14,HG_C,475,15,22,10,14,15,26,13,10,9,17,15,13
5,1001,source_premigration,1196898,M,14,HG_B,302,13,24,17,10,11,31,11,12,15,13,9,10
5,1001,source_premigration,1196912,M,14,HG_D,249,14,19,17,12,12,34,11,13,17,11,13,11
5,1001,source_premigration,1196928,M,14,HG_C,329,15,21,12,15,14,28,16,11,12,14,12,13
5,1001,source_premigration,1196932,M,14,HG_C,244,12,21,12,15,14,25,13,11,9,16,13,14
5,1001,source_premigration,1196939,M,14,HG_C,475,15,22,11,13,15,26,13,10,9,17,15,13
5,1001,source_premigration,1196940,M,14,HG_C,475,15,22,11,13,15,26,13,10,9,17,15,13
5,1001,source_premigration,1196941,M,14,HG_C,475,15,22,11,13,15,26,13,10,9,17,15,13
5,1001,source_premigration,1196956,M,14,HG_E,330,12,28,13,11,18,27,14,13,11,17,11,14
5,1001,source_premigration,1196957,M,14,HG_A,60,13,25,15,10,14,29,14,13,14,15,12,14
5,1001,source_premigration,1196975,M,14,HG_C,493,13,24,11,14,13,28,16,10,11,15,13,15
5,1001,source_premigration,1196979,M,14,HG_B,26,12,25,16,11,12,29,13,12,16,13,12,11
5,1001,source_premigration,1196994,M,14,HG_D,238,15,22,19,13,11,32,13,13,17,13,14,10
5,1001,source_premigration,1196997,M,14,HG_D,94,16,20,18,12,10,33,11,14,18,12,15,9
5,1001,source_premigration,1197028,M,14,HG_D,303,15,18,17,13,12,33,13,11,16,12,14,8
5,1001,source_premigration,1197043,M,14,HG_A,121,13,24,13,11,13,28,13,11,14,16,13,12
5,1001,source_premigration,1197047,M,14,HG_D,303,15,18,17,13,12,33,13,11,16,12,14,8
5,1001,source_premigration,1197058,M,14,HG_B,302,13,24,17,10,11,31,11,12,15,13,9,10
5,1001,source_premigration,1197064,M,14,HG_D,238,15,22,19,13,11,32,13,13,17,13,14,10
5,1001,source_premigration,1197066,M,14,HG_E,270,10,28,14,10,15,26,14,14,13,18,11,15
5,1001,source_premigration,1197067,M,14,HG_E,270,10,28,14,10,15,26,14,14,13,18,11,15
5,1001,source_premigration,1197089,M,14,HG_A,98,13,23,14,11,13,30,13,10,14,14,12,12
5,1001,source_premigration,1197094,M,13,HG_A,234,13,22,15,11,13,28,12,9,14,16,12,11
5,1001,source_premigration,1197096,M,13,HG_A,234,13,22,15,11,13,28,12,9,14,16,12,11
5,1001,source_premigration,1197099,M,13,HG_A,125,13,25,16,12,13,29,15,12,12,15,14,12
5,1001,source_premigration,1197112,M,13,HG_E,120,11,27,12,9,14,27,14,14,12,19,11,15
5,1001,source_premigration,1197127,M,13,HG_B,198,12,26,16,10,12,30,12,12,15,14,10,11
5,1001,source_premigration,1197134,M,13,HG_B,168,12,25,17,11,12,31,12,12,16,15,9,11
5,1001,source_premigration,1197143,M,13,HG_B,291,12,23,17,9,13,32,12,12,15,15,10,11
5,1001,source_premigration,1197151,M,13,HG_E,330,12,28,12,11,18,27,14,13,11,17,11,14
5,1001,source_premigration,1197158,M,13,HG_E,255,11,26,12,9,17,26,14,13,13,19,12,15
5,1001,source_premigration,1197162,M,13,HG_E,255,11,26,12,9,17,26,14,13,13,19,12,15
5,1001,source_premigration,1197170,M,13,HG_E,330,12,28,13,11,19,27,14,14,11,17,11,14
5,1001,source_premigration,1197182,M,13,HG_D,65,15,18,17,13,11,33,10,13,17,11,14,9
5,1001,source_premigration,1197185,M,13,HG_D,65,15,18,17,13,11,33,10,13,17,11,14,9
5,1001,source_premigration,1197202,M,13,HG_E,330,12,28,12,11,18,27,14,13,11,17,11,14
5,1001,source_premigration,1197221,M,13,HG_D,303,15,18,17,13,12,33,13,11,16,12,14,8
5,1001,source_premigration,1197222,M,13,HG_D,249,14,18,17,12,12,34,11,13,17,11,13,10
5,1001,source_premigration,1197224,M,13,HG_D,249,14,18,17,12,12,34,11,13,17,11,13,10
5,1001,source_premigration,1197232,M,13,HG_A,237,13,25,15,10,12,30,14,11,14,16,10,12
5,1001,source_premigration,1197275,M,13,HG_C,244,12,21,12,15,14,25,14,11,9,16,13,14
5,1001,source_premigration,1197277,M,13,HG_C,244,12,21,12,15,14,25,14,11,9,16,13,14
5,1001,source_premigration,1197282,M,13,HG_B,227,12,24,16,11,14,31,11,13,15,14,10,10
5,1001,source_premigration,1197283,M,13,HG_A,234,13,23,15,11,12,28,12,9,14,16,12,11
5,1001,source_premigration,1197292,M,13,HG_E,330,12,28,13,11,18,27,14,13,11,17,11,14
5,1001,source_premigration,1197313,M,13,HG_C,244,12,21,12,15,14,25,14,11,9,16,13,14
5,1001,source_premigration,1197315,M,13,HG_D,109,15,21,21,13,10,33,13,13,17,14,14,9
5,1001,source_premigration,1197323,M,13,HG_B,26,12,25,16,11,12,29,12,12,16,13,12,11
5,1001,source_premigration,1197353,M,13,HG_C,329,15,21,12,15,14,28,16,11,12,14,12,13
5,1001,source_premigration,1197363,M,13,HG_B,26,12,25,16,11,12,29,12,12,16,13,12,11
5,1001,source_premigration,1197365,M,13,HG_B,26,12,25,16,11,12,29,12,12,16,13,12,11
5,1001,source_premigration,1197367,M,13,HG_B,291,12,24,17,9,13,32,12,12,15,15,10,11
5,1001,source_premigration,1197393,M,13,HG_D,410,13,18,18,13,11,34,11,12,17,13,12,11
5,1001,source_premigration,1197396,M,13,HG_E,255,11,26,12,9,17,26,14,12,13,19,12,15
5,1001,source_premigration,1197405,M,13,HG_A,301,12,24,15,11,14,28,14,10,14,15,12,11
5,1001,source_premigration,1197408,M,13,HG_B,302,13,24,17,10,11,31,11,12,15,13,9,10
5,1001,source_premigration,1197410,M,13,HG_A,125,13,25,16,12,13,29,14,12,12,15,14,12
5,1001,source_premigration,1197420,M,13,HG_E,330,12,28,13,11,18,27,14,13,11,17,11,14
5,1001,source_premigration,1197434,M,13,HG_A,326,13,24,14,12,13,29,13,11,14,16,13,10
5,1001,source_premigration,1197439,M,13,HG_B,302,13,24,17,10,11,31,11,12,15,13,9,10
5,1001,source_premigration,1197440,M,13,HG_B,302,13,24,17,10,11,31,11,12,15,13,9,10
5,1001,source_premigration,1197463,M,13,HG_A,60,13,25,15,10,14,29,14,13,14,15,12,14
5,1001,source_premigration,1197469,M,13,HG_A,312,15,25,15,12,12,28,12,11,14,13,13,12
5,1001,source_premigration,1197478,M,13,HG_C,329,15,21,12,15,14,28,16,11,12,14,12,13
5,1001,source_premigration,1197481,M,13,HG_E,330,12,28,13,11,18,27,14,13,11,17,11,14
5,1001,source_premigration,1197491,M,13,HG_A,237,13,25,15,10,12,30,14,11,14,16,10,12
5,1001,source_premigration,1197506,M,13,HG_E,330,12,28,13,11,18,27,14,13,11,17,11,14
5,1001,source_premigration,1197526,M,13,HG_D,91,16,19,18,14,9,32,11,14,16,12,14,9
5,1001,source_premigration,1197527,M,13,HG_D,91,16,19,18,14,9,32,11,14,16,12,14,9
5,1001,source_premigration,1197530,M,13,HG_E,120,11,27,11,9,14,27,14,14,12,19,11,15
5,1001,source_premigration,1197555,M,13,HG_D,94,16,20,19,12,10,33,11,13,17,12,15,9
5,1001,source_premigration,1197556,M,13,HG_D,94,16,20,19,12,10,33,11,13,17,12,15,9
5,1001,source_premigration,1197567,M,13,HG_B,26,12,25,16,11,12,29,12,12,16,13,12,11
5,1001,source_premigration,1197568,M,13,HG_B,26,12,25,16,11,12,29,12,12,16,13,12,11
5,1001,source_premigration,1197592,M,13,HG_B,302,13,24,17,10,11,31,11,12,15,13,9,10
5,1001,source_premigration,1197595,M,13,HG_D,249,14,19,17,12,12,34,11,13,17,11,13,10
5,1001,source_premigration,1197596,M,13,HG_A,98,13,23,14,11,13,30,13,10,14,14,12,12
5,1001,source_premigration,1197609,M,13,HG_D,303,15,18,17,13,12,33,14,11,16,12,14,8
5,1001,source_premigration,1197635,M,13,HG_C,329,15,21,12,15,14,28,16,11,12,14,12,13
5,1001,source_premigration,1197652,M,13,HG_D,303,15,18,17,13,12,33,13,11,16,12,14,8
5,1001,source_premigration,1197658,M,13,HG_A,326,13,24,14,12,13,29,13,11,14,16,13,10
5,1001,source_premigration,1197668,M,13,HG_A,234,13,23,15,11,13,28,12,9,14,16,12,11
5,1001,source_premigration,1197682,M,13,HG_C,493,13,24,11,14,13,28,16,10,11,15,13,15
5,1001,source_premigration,1197685,M,13,HG_E,270,10,28,14,10,15,26,14,14,13,18,11,15
5,1001,source_premigration,1197714,M,13,HG_C,244,13,21,12,15,14,25,13,11,9,16,13,14
5,1001,source_premigration,1197720,M,13,HG_A,121,13,24,13,11,13,28,13,11,14,16,13,12
5,1001,source_premigration,1197739,M,13,HG_A,60,13,25,15,10,13,29,14,13,14,15,12,14
5,1001,source_premigration,1197742,M,13,HG_D,238,15,22,19,13,11,32,13,13,17,13,14,10
5,1001,source_premigration,1197743,M,13,HG_D,303,15,18,16,13,10,33,13,11,16,12,14,8
5,1001,source_premigration,1197761,M,13,HG_B,126,13,26,15,10,11,32,11,11,17,13,9,12
5,1001,source_premigration,1197779,M,13,HG_D,129,14,21,18,13,11,32,11,12,17,12,12,8
5,1001,source_premigration,1197831,M,13,HG_B,444,12,25,15,9,13,32,12,14,15,14,10,11
5,1001,source_premigration,1197834,M,13,HG_B,26,12,25,16,11,12,29,12,12,16,13,12,11
5,1001,source_premigration,1197845,M,13,HG_A,98,13,23,14,11,13,30,13,10,14,14,12,12
5,1001,source_premigration,1197846,M,13,HG_A,98,13,23,14,11,13,30,13,10,14,14,12,12
5,1001,source_premigration,1197847,M,13,HG_E,330,12,28,13,11,18,27,14,13,11,17,11,14
5,1001,source_premigration,1197857,M,13,HG_D,249,14,19,17,12,12,34,11,13,17,11,13,10
5,1001,source_premigration,1197883,M,13,HG_E,330,12,28,13,11,18,27,14,13,11,17,11,14
5,1001,source_premigration,1197886,M,13,HG_E,255,11,26,12,9,17,26,14,15,13,19,12,15
5,1001,source_premigration,1197899,M,13,HG_A,125,13,25,16,12,13,29,15,12,12,15,14,12
5,1001,source_premigration,1197946,M,13,HG_A,234,13,22,15,11,13,28,12,9,14,16,12,11
5,1001,source_premigration,1197948,M,13,HG_A,237,13,25,15,10,12,30,14,11,14,16,10,12
5,1001,source_premigration,1197952,M,13,HG_B,198,12,26,16,10,12,30,12,12,15,14,10,11
5,1001,source_premigration,1197988,M,13,HG_C,20,15,23,12,14,13,27,14,10,10,16,12,12
5,1001,source_premigration,1197990,M,13,HG_C,493,13,24,11,14,13,28,16,10,11,15,13,15
5,1001,source_premigration,1197999,M,13,HG_B,26,12,25,16,11,12,29,12,12,16,13,12,11
5,1001,source_premigration,1198004,M,13,HG_B,444,12,25,15,9,13,32,13,14,15,14,10,11
5,1001,source_premigration,1198017,M,13,HG_E,330,12,28,13,11,19,27,14,14,11,17,11,14
5,1001,source_premigration,1198029,M,13,HG_A,343,13,23,14,10,14,29,14,12,15,14,13,11
5,1001,source_premigration,1198032,M,13,HG_A,237,13,25,15,10,12,30,14,11,14,16,10,12
5,1001,source_premigration,1198037,M,13,HG_E,255,11,26,12,9,17,26,13,15,13,19,12,15
5,1001,source_premigration,1198041,M,13,HG_C,329,15,21,12,15,14,28,16,11,12,14,12,13
5,1001,source_premigration,1198051,M,13,HG_D,129,14,21,18,13,11,32,11,12,17,12,12,8
5,1001,source_premigration,1198055,M,13,HG_B,198,12,26,16,10,12,30,12,12,15,14,10,11
5,1001,source_premigration,1198056,M,13,HG_B,198,12,26,16,10,12,30,12,12,15,14,10,11
5,1001,source_premigration,1198088,M,13,HG_E,330,12,28,13,11,18,27,14,13,11,17,11,14
5,1001,source_premigration,1198091,M,13,HG_A,312,15,25,14,12,13,30,12,11,14,13,13,12
5,1001,source_premigration,1198095,M,13,HG_D,249,14,19,17,12,12,34,11,13,17,11,13,10
5,1001,source_premigration,1198097,M,13,HG_D,249,14,19,17,12,12,34,11,13,17,11,13,10
5,1001,source_premigration,1198106,M,13,HG_B,26,12,25,16,11,12,29,13,12,16,13,12,11
5,1001,source_premigration,1198117,M,13,HG_E,330,12,28,13,11,18,27,14,13,11,17,11,14
5,1001,source_premigration,1198129,M,13,HG_A,234,13,22,15,11,13,28,12,9,14,16,12,11
5,1001,source_premigration,1198135,M,13,HG_B,483,11,25,15,11,12,31,13,12,16,15,9,11
5,1001,source_premigration,1198139,M,13,HG_D,129,14,21,18,13,11,32,11,12,17,12,12,8
5,1001,source_premigration,1198145,M,13,HG_D,303,15,18,17,13,12,33,13,11,16,12,14,8
5,1001,source_premigration,1198175,M,13,HG_D,94,16,20,18,12,10,33,11,14,18,12,15,9
5,1001,source_premigration,1198182,M,13,HG_E,74,11,28,13,10,15,26,15,14,13,19,12,15
5,1001,source_premigration,1198183,M,13,HG_E,74,11,28,13,10,15,26,15,14,13,19,12,15
5,1001,source_premigration,1198187,M,13,HG_B,227,12,24,16,11,14,31,11,13,15,14,10,10
5,1001,source_premigration,1198195,M,13,HG_A,60,13,25,15,10,14,29,14,13,14,15,12,14
5,1001,source_premigration,1198198,M,13,HG_E,330,12,28,13,11,18,27,14,13,11,17,11,14
5,1001,source_premigration,1198200,M,13,HG_A,234,13,22,14,11,13,28,12,9,14,16,12,12
5,1001,source_premigration,1198224,M,13,HG_A,121,13,24,13,11,13,28,13,11,14,16,13,12
5,1001,source_premigration,1198244,M,13,HG_C,244,11,21,12,15,14,25,14,11,9,16,13,14
5,1001,source_premigration,1198255,M,13,HG_A,312,15,25,14,12,13,30,12,11,14,13,13,12
5,1001,source_premigration,1198257,M,13,HG_D,91,16,19,18,14,9,32,11,14,16,12,14,9
5,1001,source_premigration,1198265,M,13,HG_E,330,12,28,13,11,18,27,14,13,11,17,11,14
5,1001,source_premigration,1198329,M,13,HG_B,291,12,24,17,9,13,32,12,12,15,15,10,11
5,1001,source_premigration,1198356,M,13,HG_E,120,11,27,11,9,14,27,14,14,12,19,11,15
5,1001,source_premigration,1198381,M,13,HG_A,121,13,24,13,11,13,28,13,11,14,16,13,12
5,1001,source_premigration,1198398,M,12,HG_C,329,15,21,12,15,14,28,16,11,12,14,12,13
5,1001,source_premigration,1198405,M,12,HG_E,330,12,28,13,11,19,27,14,14,11,17,11,14
5,1001,source_premigration,1198411,M,12,HG_D,303,15,18,17,13,12,33,13,11,16,12,14,8
5,1001,source_premigration,1198426,M,12,HG_D,238,15,22,18,13,11,32,13,13,17,13,14,10
5,1001,source_premigration,1198428,M,12,HG_D,410,13,18,18,13,11,34,11,12,17,13,12,11
5,1001,source_premigration,1198429,M,12,HG_D,410,13,18,18,13,11,34,11,12,17,13,12,11
5,1001,source_premigration,1198431,M,12,HG_D,238,15,22,19,13,11,32,13,13,17,13,14,10
5,1001,source_premigration,1198441,M,12,HG_D,238,15,22,19,13,11,32,13,13,17,13,14,10
5,1001,source_premigration,1198443,M,12,HG_D,238,15,22,19,13,11,32,13,13,17,13,14,10
5,1001,source_premigration,1198456,M,12,HG_B,26,12,25,16,11,12,29,12,12,16,13,12,11
5,1001,source_premigration,1198461,M,12,HG_D,245,14,19,18,15,10,34,14,13,16,11,15,10
5,1001,source_premigration,1198485,M,12,HG_C,244,12,21,12,15,14,25,15,10,9,17,13,14
5,1001,source_premigration,1198502,M,12,HG_B,302,13,24,17,10,11,31,11,12,15,13,9,10
5,1001,source_premigration,1198513,M,12,HG_E,255,11,26,12,9,17,26,14,15,13,19,12,15
5,1001,source_premigration,1198514,M,12,HG_E,255,11,26,12,9,17,26,14,15,13,19,12,15
5,1001,source_premigration,1198517,M,12,HG_A,234,13,23,15,11,13,28,12,9,14,16,12,11
5,1001,source_premigration,1198533,M,12,HG_E,255,11,26,12,9,17,26,14,13,13,19,12,15
5,1001,source_premigration,1198537,M,12,HG_D,238,15,22,18,13,11,32,13,13,17,13,14,10
5,1001,source_premigration,1198550,M,12,HG_C,493,13,24,11,14,13,28,16,10,11,15,13,15
5,1001,source_premigration,1198558,M,12,HG_E,255,11,26,12,9,17,26,13,14,13,19,12,15
5,1001,source_premigration,1198571,M,12,HG_B,291,12,23,17,9,13,32,12,12,15,15,10,11
5,1001,source_premigration,1198588,M,12,HG_B,26,12,25,16,11,12,29,12,12,16,13,12,11
5,1001,source_premigration,1198590,M,12,HG_E,330,12,28,13,11,18,27,14,13,11,17,11,14
5,1001,source_premigration,1198610,M,12,HG_B,483,11,25,15,11,12,31,13,12,16,15,9,11
5,1001,source_premigration,1198627,M,12,HG_E,255,11,26,12,9,17,26,14,12,13,19,12,15
5,1001,source_premigration,1198634,M,12,HG_A,125,13,25,16,12,13,29,14,12,12,15,14,12
5,1001,source_premigration,1198635,M,12,HG_C,244,12,21,12,15,14,25,14,11,9,16,13,14
5,1001,source_premigration,1198642,M,12,HG_D,303,15,18,17,13,12,33,13,11,16,12,14,8
5,1001,source_premigration,1198645,M,12,HG_D,303,15,18,17,13,12,33,13,11,16,12,14,8
5,1001,source_premigration,1198646,M,12,HG_D,303,15,18,17,13,12,33,13,11,16,12,14,8
5,1001,source_premigration,1198649,M,12,HG_D,303,15,18,16,13,10,33,13,11,16,12,14,8
5,1001,source_premigration,1198651,M,12,HG_D,303,15,18,16,13,10,33,13,11,16,12,14,8
5,1001,source_premigration,1198654,M,12,HG_C,244,12,21,12,15,14,25,14,11,9,16,13,14
5,1001,source_premigration,1198666,M,12,HG_E,120,12,27,12,9,14,27,14,14,12,19,11,15
5,1001,source_premigration,1198674,M,12,HG_D,109,15,21,21,13,10,33,13,13,17,14,14,9
5,1001,source_premigration,1198676,M,12,HG_C,475,15,22,11,13,16,26,13,10,9,17,15,13
5,1001,source_premigration,1198687,M,12,HG_B,302,13,24,17,10,11,31,11,12,15,13,9,10
5,1001,source_premigration,1198701,M,12,HG_C,244,12,21,12,15,14,25,14,11,9,16,13,14
5,1001,source_premigration,1198703,M,12,HG_A,121,13,24,13,11,13,28,13,11,14,16,13,12
5,1001,source_premigration,1198718,M,12,HG_C,244,12,21,12,15,14,25,13,11,9,16,13,14
5,1001,source_premigration,1198719,M,12,HG_A,301,12,24,15,11,14,28,14,10,14,15,12,11
5,1001,source_premigration,1198724,M,12,HG_E,255,11,26,12,9,17,27,14,14,12,19,12,15
5,1001,source_premigration,1198726,M,12,HG_D,303,15,18,17,13,10,33,13,11,16,12,14,8
5,1001,source_premigration,1198742,M,12,HG_A,98,13,22,14,11,13,30,13,10,14,14,12,12
5,1001,source_premigration,1198743,M,12,HG_E,270,10,28,14,10,15,26,14,14,13,18,11,15
5,1001,source_premigration,1198744,M,12,HG_E,270,10,28,14,10,15,26,14,14,13,18,11,15
5,1001,source_premigration,1198755,M,12,HG_E,330,12,28,13,11,19,27,14,13,11,17,11,14
5,1001,source_premigration,1198764,M,12,HG_D,303,15,18,17,13,12,33,13,11,16,12,14,8
5,1001,source_premigration,1198767,M,12,HG_B,302,13,24,17,10,11,31,11,12,15,13,9,10
5,1001,source_premigration,1198769,M,12,HG_C,329,15,21,12,15,14,28,16,11,12,14,12,13
5,1001,source_premigration,1198782,M,12,HG_E,330,12,28,13,11,18,27,14,13,11,17,11,14
5,1001,source_premigration,1198783,M,12,HG_E,330,12,28,13,11,18,27,14,13,11,17,11,14
5,1001,source_premigration,1198786,M,12,HG_E,330,12,28,13,11,17,27,14,13,11,17,11,14
5,1001,source_premigration,1198790,M,12,HG_D,238,15,22,19,13,11,32,13,13,17,13,14,10
5,1001,source_premigration,1198803,M,12,HG_D,91,16,19,18,14,9,32,11,14,16,12,14,9
5,1001,source_premigration,1198804,M,12,HG_D,91,16,19,18,14,9,32,11,14,16,12,14,9
5,1001,source_premigration,1198811,M,12,HG_B,126,12,26,15,10,11,31,12,11,17,13,9,12
5,1001,source_premigration,1198823,M,12,HG_E,120,11,26,11,9,14,27,14,14,12,19,11,15
5,1001,source_premigration,1198829,M,12,HG_A,98,13,22,14,11,13,30,13,10,14,14,12,12
5,1001,source_premigration,1198831,M,12,HG_A,98,13,22,14,11,13,30,13,10,14,14,12,12
5,1001,source_premigration,1198837,M,12,HG_D,109,15,21,21,13,10,33,13,13,17,14,14,9
5,1001,source_premigration,1198839,M,12,HG_C,329,14,21,12,15,14,28,16,11,12,14,12,13
5,1001,source_premigration,1198842,M,12,HG_C,329,14,21,12,15,14,28,16,11,12,14,12,13
5,1001,source_premigration,1198845,M,12,HG_B,26,12,25,16,11,12,29,13,12,16,13,12,11
5,1001,source_premigration,1198870,M,12,HG_E,330,12,28,13,11,19,27,14,13,11,17,11,14
5,1001,source_premigration,1198879,M,12,HG_B,444,12,25,16,9,13,32,12,14,15,14,10,11
5,1001,source_premigration,1198884,M,12,HG_B,26,12,25,16,11,12,29,12,11,16,13,12,11
5,1001,source_premigration,1198889,M,12,HG_E,120,11,27,11,9,14,27,14,14,12,19,11,15
5,1001,source_premigration,1198891,M,12,HG_B,26,12,25,16,11,12,29,12,12,16,13,12,11
5,1001,source_premigration,1198895,M,12,HG_A,98,13,22,14,11,13,30,13,10,14,14,12,12
5,1001,source_premigration,1198905,M,12,HG_E,330,12,28,13,11,18,27,14,13,11,17,11,14
5,1001,source_premigration,1198909,M,12,HG_D,303,15,19,16,13,10,33,13,11,16,12,14,8
5,1001,source_premigration,1198915,M,12,HG_E,255,11,26,12,9,17,26,14,12,14,19,12,15
5,1001,source_premigration,1198917,M,12,HG_E,255,11,26,12,9,17,26,14,12,14,19,12,15
5,1001,source_premigration,1198922,M,12,HG_D,91,16,19,18,14,9,32,11,14,16,12,14,9
5,1001,source_premigration,1198926,M,12,HG_D,245,14,19,18,15,10,32,13,13,16,11,15,10
5,1001,source_premigration,1198927,M,12,HG_D,91,16,19,17,14,10,32,11,14,16,12,14,9
5,1001,source_premigration,1198930,M,12,HG_A,228,12,25,13,10,13,31,12,11,13,14,12,11
5,1001,source_premigration,1198931,M,12,HG_A,228,12,25,13,10,13,31,12,11,13,14,12,11
5,1001,source_premigration,1198932,M,12,HG_C,244,12,21,12,15,14,25,13,11,9,16,13,14
5,1001,source_premigration,1198933,M,12,HG_E,330,12,28,12,11,18,27,14,13,11,17,11,14
5,1001,source_premigration,1198934,M,12,HG_E,330,12,28,12,11,18,27,14,13,11,17,11,14
5,1001,source_premigration,1198965,M,12,HG_A,228,12,25,13,10,13,31,12,11,13,14,12,11
5,1001,source_premigration,1198971,M,12,HG_B,126,13,26,14,10,11,32,11,11,17,13,9,12
5,1001,source_premigration,1198980,M,12,HG_D,238,15,22,18,13,11,32,13,13,17,13,14,10
5,1001,source_premigration,1199005,M,12,HG_C,329,15,21,12,15,14,28,16,11,12,14,12,13
5,1001,source_premigration,1199019,M,12,HG_D,249,14,19,17,12,12,34,11,13,17,11,13,10
5,1001,source_premigration,1199038,M,12,HG_C,475,15,22,10,13,15,26,13,10,9,17,15,13
5,1001,source_premigration,1199045,M,12,HG_D,249,14,19,17,12,12,34,11,13,17,11,13,10
5,1001,source_premigration,1199050,M,12,HG_A,125,13,25,16,12,13,29,14,12,12,15,14,12
5,1001,source_premigration,1199055,M,12,HG_B,43,12,25,16,11,12,31,11,13,14,16,10,13
5,1001,source_premigration,1199067,M,12,HG_B,26,12,25,16,11,12,29,12,12,16,13,12,11
5,1001,source_premigration,1199071,M,12,HG_E,255,11,26,12,9,17,27,14,14,12,19,12,15
5,1001,source_premigration,1199074,M,12,HG_E,330,12,28,13,11,18,27,14,13,11,17,11,14
5,1001,source_premigration,1199083,M,12,HG_A,237,13,25,15,10,12,30,14,11,14,16,10,12
5,1001,source_premigration,1199094,M,12,HG_C,244,12,21,12,15,14,25,13,11,9,16,13,14
5,1001,source_premigration,1199109,M,12,HG_A,343,13,23,14,11,14,29,14,12,15,14,13,11
5,1001,source_premigration,1199114,M,12,HG_C,475,15,22,10,13,15,26,14,10,9,17,15,13
5,1001,source_premigration,1199124,M,12,HG_A,98,13,22,14,11,13,30,13,10,14,14,12,12
5,1001,source_premigration,1199143,M,12,HG_B,126,13,26,15,10,11,32,11,11,17,13,9,12
5,1001,source_premigration,1199145,M,12,HG_B,227,12,24,16,11,14,31,11,13,15,14,10,10
5,1001,source_premigration,1199170,M,12,HG_A,237,13,25,15,10,12,30,14,11,14,16,10,12
5,1001,source_premigration,1199175,M,12,HG_D,238,15,22,19,13,11,31,13,13,17,13,14,10
5,1001,source_premigration,1199194,M,12,HG_B,483,11,25,15,11,12,31,13,12,16,15,9,11
5,1001,source_premigration,1199196,M,12,HG_A,228,12,25,13,10,13,31,12,11,13,14,12,11
5,1001,source_premigration,1199204,M,12,HG_A,301,12,24,15,11,14,28,14,10,14,15,12,11
5,1001,source_premigration,1199206,M,12,HG_E,120,12,27,12,9,14,27,14,14,12,19,11,15
5,1001,source_premigration,1199226,M,12,HG_D,238,15,22,18,13,11,32,13,13,17,13,14,10
5,1001,source_premigration,1199252,M,12,HG_C,244,12,21,12,15,14,25,13,11,9,16,13,14
5,1001,source_premigration,1199254,M,12,HG_D,303,15,18,17,13,12,33,13,11,16,12,14,8
5,1001,source_premigration,1199266,M,12,HG_E,255,11,26,12,9,17,26,14,12,13,19,12,15
5,1001,source_premigration,1199267,M,12,HG_A,121,13,24,13,11,13,28,13,11,14,16,13,12
5,1001,source_premigration,1199279,M,12,HG_B,168,12,25,17,11,12,31,12,12,16,15,9,11
5,1001,source_premigration,1199281,M,12,HG_E,255,11,26,12,9,17,26,14,13,13,19,12,15
5,1001,source_premigration,1199287,M,12,HG_B,291,12,24,17,9,13,32,12,12,15,15,10,11
5,1001,source_premigration,1199292,M,12,HG_B,26,12,25,16,11,12,29,13,12,16,13,12,11
5,1001,source_premigration,1199293,M,12,HG_B,26,12,25,16,11,12,29,13,12,16,13,12,11
5,1001,source_premigration,1199297,M,12,HG_D,249,14,19,17,12,12,34,11,13,17,11,13,10
5,1001,source_premigration,1199301,M,12,HG_B,26,12,25,16,11,12,29,12,12,16,13,12,11
5,1001,source_premigration,1199311,M,12,HG_D,65,15,18,17,13,11,33,11,13,17,11,14,9
5,1001,source_premigration,1199312,M,12,HG_D,303,15,18,17,13,12,33,13,11,16,12,14,8
5,1001,source_premigration,1199318,M,12,HG_A,312,15,25,15,12,13,28,12,11,14,13,13,12
5,1001,source_premigration,1199321,M,12,HG_D,129,14,21,18,13,11,32,11,12,17,12,12,8
5,1001,source_premigration,1199324,M,12,HG_D,129,14,21,18,13,11,32,11,12,17,12,12,8
5,1001,source_premigration,1199335,M,12,HG_B,26,12,25,16,11,12,29,12,12,16,13,12,11
5,1001,source_premigration,1199336,M,12,HG_B,26,12,25,16,11,12,29,12,12,16,13,12,11
5,1001,source_premigration,1199341,M,12,HG_D,394,15,20,18,14,12,32,11,14,18,12,14,10
5,1001,source_premigration,1199357,M,12,HG_E,255,11,26,12,9,17,26,13,14,13,19,12,15
5,1001,source_premigration,1199362,M,12,HG_B,168,12,25,17,11,12,31,12,12,16,15,9,11
5,1001,source_premigration,1199364,M,12,HG_A,301,12,24,15,12,12,28,14,11,14,15,12,11
5,1001,source_premigration,1199374,M,12,HG_B,43,12,25,16,11,12,31,11,13,14,16,10,13
5,1001,source_premigration,1199375,M,12,HG_B,302,13,24,17,10,11,31,11,12,15,13,9,10
5,1001,source_premigration,1199382,M,12,HG_C,244,12,21,12,15,14,25,14,11,9,16,13,14
5,1001,source_premigration,1199395,M,12,HG_B,26,12,25,16,11,12,29,12,12,16,13,12,11
5,1001,source_premigration,1199396,M,12,HG_B,291,12,24,17,9,13,32,12,12,15,15,10,11
5,1001,source_premigration,1199415,M,12,HG_D,94,16,20,18,12,10,33,11,14,18,12,15,9
5,1001,source_premigration,1199439,M,12,HG_B,26,12,25,16,11,12,29,12,12,16,13,12,11
5,1001,source_premigration,1199454,M,12,HG_A,312,15,25,15,12,13,28,12,11,14,13,13,12
5,1001,source_premigration,1199464,M,12,HG_B,26,12,25,16,11,12,29,12,12,16,13,12,11
5,1001,source_premigration,1199468,M,12,HG_A,121,13,24,13,11,13,28,13,11,14,16,13,12
5,1001,source_premigration,1199472,M,12,HG_D,109,15,21,21,13,10,33,13,13,17,14,14,9
5,1001,source_premigration,1199478,M,12,HG_A,326,13,24,14,12,13,29,13,11,14,16,13,10
5,1001,source_premigration,1199482,M,12,HG_C,475,15,22,10,13,14,26,13,10,9,17,15,13
5,1001,source_premigration,1199492,M,12,HG_A,125,13,25,16,12,12,29,15,12,12,15,14,12
5,1001,source_premigration,1199495,M,12,HG_B,198,12,26,16,10,12,30,12,12,15,14,10,11
5,1001,source_premigration,1199501,M,12,HG_D,249,14,18,17,12,12,34,11,13,17,11,13,10
5,1001,source_premigration,1199537,M,12,HG_C,475,15,22,10,13,15,26,14,10,9,17,15,13
5,1001,source_premigration,1199541,M,12,HG_C,244,12,21,12,15,14,25,13,11,9,16,13,14
5,1001,source_premigration,1199558,M,12,HG_A,125,13,25,16,12,13,29,15,12,12,15,14,12
5,1001,source_premigration,1199562,M,12,HG_A,125,13,25,16,12,13,29,15,12,12,15,14,12
5,1001,source_premigration,1199592,M,12,HG_A,234,13,22,14,11,13,28,12,9,14,16,12,12
5,1001,source_premigration,1199594,M,12,HG_E,330,12,28,12,11,18,27,14,13,11,17,11,14
5,1001,source_premigration,1199597,M,12,HG_A,121,13,24,13,11,13,28,13,11,14,16,13,12
5,1001,source_premigration,1199603,M,12,HG_A,343,13,23,14,11,14,29,14,12,15,14,13,11
5,1001,source_premigration,1199606,M,12,HG_E,270,10,28,14,10,15,26,14,13,13,18,11,15
5,1001,source_premigration,1199611,M,12,HG_B,227,12,24,16,11,14,31,11,13,15,14,10,10
5,1001,source_premigration,1199613,M,12,HG_E,330,12,28,13,11,18,27,14,13,11,17,11,14
5,1001,source_premigration,1199615,M,12,HG_C,475,15,22,10,13,15,26,13,10,9,17,15,13
5,1001,source_premigration,1199623,M,12,HG_B,444,12,25,16,9,13,32,12,14,15,14,10,11
5,1001,source_premigration,1199635,M,12,HG_A,234,13,23,15,11,13,28,12,9,14,16,12,11
5,1001,source_premigration,1199652,M,12,HG_E,330,12,28,13,11,18,27,14,13,11,17,11,14
5,1001,source_premigration,1199687,M,12,HG_C,493,13,24,11,14,13,28,16,10,11,15,13,15
5,1001,source_premigration,1199701,M,12,HG_C,244,11,21,12,15,14,25,14,11,9,16,13,14
5,1001,source_premigration,1199702,M,12,HG_C,244,11,21,12,15,14,25,14,11,9,16,13,14
5,1001,source_premigration,1199703,M,12,HG_B,126,13,26,15,10,11,32,11,11,17,13,9,12
5,1001,source_premigration,1199707,M,12,HG_B,302,13,24,17,10,11,31,11,12,15,12,9,10
5,1001,source_premigration,1199717,M,11,HG_D,303,15,18,17,13,10,33,13,11,16,12,14,8
5,1001,source_premigration,1199741,M,11,HG_B,302,13,24,17,10,11,31,11,12,15,13,9,10
5,1001,source_premigration,1199744,M,11,HG_D,245,14,19,18,15,10,34,14,13,16,11,15,10
5,1001,source_premigration,1199752,M,11,HG_E,74,11,28,13,11,15,26,15,14,13,19,12,15
5,1001,source_premigration,1199754,M,11,HG_D,394,15,20,18,14,12,32,11,14,18,12,14,10
5,1001,source_premigration,1199758,M,11,HG_B,444,12,25,16,9,13,32,12,15,15,14,10,11
5,1001,source_premigration,1199759,M,11,HG_C,244,12,21,12,15,14,25,14,11,9,16,13,14
5,1001,source_premigration,1199763,M,11,HG_D,238,15,22,18,13,11,32,13,13,17,13,14,10
5,1001,source_premigration,1199764,M,11,HG_D,238,15,22,18,13,11,32,13,13,17,13,14,10
5,1001,source_premigration,1199765,M,11,HG_A,234,13,23,15,11,13,28,12,9,14,16,12,11
5,1001,source_premigration,1199769,M,11,HG_C,329,15,21,12,15,14,28,16,11,12,14,12,13
5,1001,source_premigration,1199774,M,11,HG_B,302,13,24,17,10,11,31,11,12,15,12,9,10
5,1001,source_premigration,1199791,M,11,HG_C,20,15,23,12,14,13,27,14,10,10,16,12,12
5,1001,source_premigration,1199793,M,11,HG_E,330,12,28,13,11,19,27,14,14,11,17,11,14
5,1001,source_premigration,1199803,M,11,HG_C,493,13,24,11,14,13,28,16,10,11,15,13,15
5,1001,source_premigration,1199806,M,11,HG_B,198,12,26,16,10,12,30,12,12,15,14,10,11
5,1001,source_premigration,1199813,M,11,HG_D,249,14,19,17,12,12,34,11,13,17,11,13,10
5,1001,source_premigration,1199815,M,11,HG_E,330,12,28,12,11,18,27,14,13,11,17,11,14
5,1001,source_premigration,1199817,M,11,HG_E,330,12,28,12,11,18,27,14,13,11,17,11,14
5,1001,source_premigration,1199835,M,11,HG_D,303,15,18,17,13,12,33,13,11,16,12,14,8
5,1001,source_premigration,1199839,M,11,HG_D,65,15,18,17,13,11,33,11,13,17,11,14,9
5,1001,source_premigration,1199843,M,11,HG_B,43,12,25,16,11,12,31,11,13,14,16,10,13
5,1001,source_premigration,1199862,M,11,HG_D,245,14,19,18,15,10,32,13,13,16,11,15,10
5,1001,source_premigration,1199863,M,11,HG_D,245,14,19,18,15,10,32,13,13,16,11,15,10
5,1001,source_premigration,1199874,M,11,HG_D,91,16,19,18,14,9,32,11,14,16,12,14,9
5,1001,source_premigration,1199891,M,11,HG_D,249,14,19,17,12,12,34,11,13,17,11,13,10
5,1001,source_premigration,1199892,M,11,HG_D,249,14,19,17,12,12,34,11,13,17,11,13,10
5,1001,source_premigration,1199895,M,11,HG_E,255,11,26,12,9,17,26,14,12,13,19,12,15
5,1001,source_premigration,1199896,M,11,HG_E,255,11,26,12,9,17,26,14,12,13,19,12,15
5,1001,source_premigration,1199897,M,11,HG_B,198,12,26,16,10,12,30,12,12,15,14,10,11
5,1001,source_premigration,1199898,M,11,HG_B,198,12,26,16,10,12,30,12,12,15,14,10,11
5,1001,source_premigration,1199915,M,11,HG_B,198,12,26,16,10,12,30,12,12,15,14,10,11
5,1001,source_premigration,1199927,M,11,HG_E,330,12,28,13,11,18,27,14,13,11,17,11,14
5,1001,source_premigration,1199938,M,11,HG_E,255,11,26,12,9,17,26,13,14,13,19,12,15
5,1001,source_premigration,1199953,M,11,HG_B,168,12,25,17,11,12,31,12,12,16,15,9,11
5,1001,source_premigration,1199954,M,11,HG_B,168,12,25,17,11,12,31,12,12,16,15,9,11
5,1001,source_premigration,1199967,M,11,HG_D,238,15,22,18,13,11,32,13,13,17,13,14,10
5,1001,source_premigration,1199970,M,11,HG_A,121,13,24,13,11,13,28,13,11,14,16,13,12
5,1001,source_premigration,1199971,M,11,HG_A,121,13,24,13,11,13,28,13,11,14,16,13,12
5,1001,source_premigration,1199995,M,11,HG_E,330,12,28,13,11,19,27,14,14,11,17,11,14
5,1001,source_premigration,1199996,M,11,HG_A,121,13,24,13,11,13,28,13,11,14,16,13,12
5,1001,source_premigration,1200000,M,11,HG_E,330,12,28,13,11,18,27,14,13,11,17,11,14
5,1001,source_premigration,1200002,M,11,HG_C,244,11,21,12,15,14,25,14,11,9,16,13,14
5,1001,source_premigration,1200003,M,11,HG_C,244,11,21,12,15,14,25,14,11,9,16,13,14
5,1001,source_premigration,1200030,M,11,HG_E,330,12,28,13,11,19,27,14,13,11,17,11,14
5,1001,source_premigration,1200031,M,11,HG_E,330,12,28,13,11,19,27,14,13,11,17,11,14
5,1001,source_premigration,1200035,M,11,HG_B,168,12,25,17,11,12,31,12,12,16,15,9,11
5,1001,source_premigration,1200037,M,11,HG_A,98,13,23,14,11,13,30,13,10,14,14,12,12
5,1001,source_premigration,1200041,M,11,HG_A,98,13,23,14,11,13,30,13,10,14,14,12,12
5,1001,source_premigration,1200045,M,11,HG_D,238,15,22,19,13,11,32,13,13,17,13,14,10
5,1001,source_premigration,1200047,M,11,HG_D,238,15,22,19,13,11,32,13,13,17,13,14,10
5,1001,source_premigration,1200056,M,11,HG_B,198,12,26,16,10,12,30,12,12,15,14,10,11
5,1001,source_premigration,1200065,M,11,HG_A,125,13,25,16,12,13,29,14,12,12,15,14,12
5,1001,source_premigration,1200068,M,11,HG_C,244,12,21,12,15,14,25,14,11,9,16,13,14
5,1001,source_premigration,1200073,M,11,HG_E,255,11,26,12,9,17,26,14,12,13,19,12,15
5,1001,source_premigration,1200078,M,11,HG_B,302,13,24,17,10,11,31,11,12,15,13,9,10
5,1001,source_premigration,1200088,M,11,HG_E,255,11,26,12,9,17,26,14,15,13,19,12,15
5,1001,source_premigration,1200096,M,11,HG_D,129,14,21,18,13,11,32,11,12,17,11,12,8
5,1001,source_premigration,1200100,M,11,HG_B,198,12,26,16,10,12,30,12,12,15,14,10,11
5,1001,source_premigration,1200111,M,11,HG_B,483,11,25,15,11,12,31,13,12,16,15,9,11
5,1001,source_premigration,1200134,M,11,HG_C,244,11,21,12,15,14,25,14,11,9,16,13,14
5,1001,source_premigration,1200152,M,11,HG_A,312,15,25,14,12,13,30,12,11,14,13,13,12
5,1001,source_premigration,1200155,M,11,HG_C,329,14,21,12,15,14,28,16,11,12,14,12,13
5,1001,source_premigration,1200162,M,11,HG_D,238,15,22,18,13,11,32,13,13,17,13,14,10
5,1001,source_premigration,1200168,M,11,HG_E,74,11,28,13,9,15,26,15,14,13,19,12,15
5,1001,source_premigration,1200190,M,11,HG_A,121,13,24,13,11,13,28,13,11,14,16,13,12
5,1001,source_premigration,1200196,M,11,HG_B,26,12,25,16,11,12,29,12,12,16,13,12,11
5,1001,source_premigration,1200197,M,11,HG_B,26,12,25,16,11,12,29,12,12,16,13,12,11
5,1001,source_premigration,1200211,M,11,HG_A,125,13,25,16,12,13,29,15,11,12,15,14,12
5,1001,source_premigration,1200217,M,11,HG_C,329,15,21,12,15,14,28,16,11,12,14,12,13
5,1001,source_premigration,1200219,M,11,HG_A,121,13,24,13,11,13,28,13,11,14,16,13,12
5,1001,source_premigration,1200226,M,11,HG_B,302,13,24,17,10,11,31,11,12,15,13,9,10
5,1001,source_premigration,1200227,M,11,HG_B,302,13,24,17,10,11,31,11,12,15,13,9,10
5,1001,source_premigration,1200234,M,11,HG_D,65,15,18,17,13,11,33,10,13,17,11,14,9
5,1001,source_premigration,1200240,M,11,HG_D,303,15,18,17,13,12,33,13,11,16,12,14,8
5,1001,source_premigration,1200249,M,11,HG_E,255,11,26,12,9,17,26,14,12,13,19,12,15
5,1001,source_premigration,1200252,M,11,HG_C,244,11,21,12,15,14,25,14,11,9,16,13,14
5,1001,source_premigration,1200274,M,11,HG_B,26,12,25,16,11,12,29,12,12,16,13,12,11
5,1001,source_premigration,1200276,M,11,HG_B,26,12,25,16,11,12,29,12,11,16,13,12,11
5,1001,source_premigration,1200282,M,11,HG_A,237,13,25,15,10,12,30,14,11,14,16,10,12
5,1001,source_premigration,1200285,M,11,HG_A,228,12,25,13,10,13,31,12,11,13,14,12,11
5,1001,source_premigration,1200287,M,11,HG_D,249,14,19,17,12,12,34,11,13,17,11,13,10
5,1001,source_premigration,1200316,M,11,HG_E,330,12,28,13,11,18,27,14,13,11,17,11,14
5,1001,source_premigration,1200318,M,11,HG_E,330,12,28,13,11,18,27,14,13,11,17,11,14
5,1001,source_premigration,1200330,M,11,HG_E,330,12,28,13,11,19,27,14,13,11,17,11,14
5,1001,source_premigration,1200339,M,11,HG_C,493,13,24,11,14,13,28,16,10,11,15,13,15
5,1001,source_premigration,1200347,M,11,HG_B,483,11,25,15,11,12,31,13,12,16,15,9,11
5,1001,source_premigration,1200349,M,11,HG_B,483,11,25,15,11,12,31,13,12,16,15,9,11
5,1001,source_premigration,1200353,M,11,HG_C,244,12,21,12,15,14,25,13,11,9,16,13,14
5,1001,source_premigration,1200355,M,11,HG_D,303,15,18,17,13,12,33,13,11,16,12,14,8
5,1001,source_premigration,1200358,M,11,HG_B,26,12,25,16,11,12,29,12,12,16,13,12,11
5,1001,source_premigration,1200368,M,11,HG_A,60,13,25,15,10,13,29,14,13,14,15,12,14
5,1001,source_premigration,1200369,M,11,HG_A,60,13,25,15,10,13,29,14,13,14,15,12,14
5,1001,source_premigration,1200391,M,11,HG_B,26,12,25,16,11,12,29,12,12,16,13,12,11
5,1001,source_premigration,1200397,M,11,HG_C,244,12,21,12,15,14,25,14,11,9,16,13,14
5,1001,source_premigration,1200401,M,11,HG_B,302,13,24,17,10,11,31,11,12,15,13,9,10
5,1001,source_premigration,1200404,M,11,HG_C,244,12,21,12,15,14,25,14,11,9,16,13,14
5,1001,source_premigration,1200412,M,11,HG_E,255,11,26,12,9,17,26,14,12,13,19,12,15
5,1001,source_premigration,1200419,M,11,HG_D,91,16,19,18,14,9,32,11,14,16,12,14,9
5,1001,source_premigration,1200427,M,11,HG_B,302,13,24,17,10,10,31,11,12,15,13,9,10
5,1001,source_premigration,1200438,M,11,HG_D,238,15,22,18,13,11,32,13,13,17,13,14,10
5,1001,source_premigration,1200448,M,11,HG_D,65,15,18,17,13,11,33,11,13,17,11,14,9
5,1001,source_premigration,1200451,M,11,HG_E,255,11,26,12,9,17,26,14,15,13,19,12,15
5,1001,source_premigration,1200459,M,11,HG_E,330,12,28,13,11,18,27,14,13,11,17,11,14
5,1001,source_premigration,1200470,M,11,HG_A,125,13,25,16,12,13,29,15,11,12,15,14,12
5,1001,source_premigration,1200471,M,11,HG_A,125,13,25,16,12,13,29,15,11,12,15,14,12
5,1001,source_premigration,1200472,M,11,HG_A,125,13,25,16,12,13,29,15,11,12,15,14,12
5,1001,source_premigration,1200476,M,11,HG_A,125,13,25,16,12,13,29,15,12,12,15,14,12
5,1001,source_premigration,1200480,M,11,HG_C,475,15,22,10,13,14,26,13,10,9,17,15,13
5,1001,source_premigration,1200484,M,11,HG_B,198,12,26,16,10,12,30,12,12,15,14,10,11
5,1001,source_premigration,1200486,M,11,HG_B,198,12,26,16,10,12,30,12,12,15,14,10,11
5,1001,source_premigration,1200497,M,11,HG_E,270,10,28,14,10,15,26,14,14,13,18,11,15
5,1001,source_premigration,1200518,M,11,HG_A,125,13,25,16,12,13,29,14,12,12,15,14,12
5,1001,source_premigration,1200528,M,11,HG_A,343,13,23,14,11,14,29,14,12,15,14,13,11
5,1001,source_premigration,1200538,M,11,HG_B,302,13,24,17,10,11,31,11,12,15,13,9,10
5,1001,source_premigration,1200561,M,11,HG_A,237,13,25,15,10,12,30,14,11,14,16,10,12
5,1001,source_premigration,1200587,M,11,HG_B,168,12,25,17,11,12,31,12,12,16,15,9,11
5,1001,source_premigration,1200597,M,11,HG_C,493,13,24,11,13,13,28,16,10,11,15,13,15
5,1001,source_premigration,1200600,M,11,HG_A,301,12,24,15,11,12,28,14,11,14,15,12,11
5,1001,source_premigration,1200609,M,11,HG_C,244,12,21,12,15,14,25,14,11,9,16,13,14
5,1001,source_premigration,1200615,M,11,HG_C,475,15,22,10,13,15,26,13,10,9,17,15,13
5,1001,source_premigration,1200621,M,11,HG_D,249,14,19,17,12,12,34,11,13,17,11,13,10
5,1001,source_premigration,1200626,M,11,HG_C,244,13,21,12,15,14,25,13,11,9,16,13,14
5,1001,source_premigration,1200631,M,11,HG_E,255,11,26,12,9,17,26,13,14,13,19,12,15
5,1001,source_premigration,1200634,M,11,HG_E,255,11,26,12,9,17,26,13,14,13,19,12,15
5,1001,source_premigration,1200639,M,11,HG_D,129,14,21,18,13,11,32,11,12,17,11,12,8
5,1001,source_premigration,1200640,M,11,HG_D,129,14,21,18,13,11,32,11,12,17,11,12,8
5,1001,source_premigration,1200653,M,11,HG_E,74,11,28,13,10,15,26,15,14,13,19,12,15
5,1001,source_premigration,1200666,M,11,HG_C,244,12,21,12,15,14,25,14,11,9,16,13,14
5,1001,source_premigration,1200679,M,11,HG_A,234,13,24,15,11,13,28,12,9,14,16,12,11
5,1001,source_premigration,1200683,M,11,HG_B,291,12,24,17,9,13,32,12,12,15,15,10,11
5,1001,source_premigration,1200693,M,11,HG_B,26,12,25,16,11,12,29,12,12,16,13,12,11
5,1001,source_premigration,1200696,M,11,HG_E,330,12,28,12,11,18,27,14,13,11,17,11,14
5,1001,source_premigration,1200699,M,11,HG_B,126,13,26,14,10,11,32,11,11,17,13,9,12
5,1001,source_premigration,1200701,M,11,HG_E,330,12,28,13,11,18,27,14,13,11,17,11,14
5,1001,source_premigration,1200706,M,11,HG_D,249,15,20,17,12,12,34,11,13,17,11,12,10
5,1001,source_premigration,1200711,M,11,HG_D,249,14,19,17,12,12,34,11,13,17,11,13,10
5,1001,source_premigration,1200738,M,11,HG_B,168,12,25,17,11,12,31,11,12,16,15,9,11
5,1001,source_premigration,1200746,M,11,HG_A,301,12,24,15,11,14,28,14,10,14,15,12,11
5,1001,source_premigration,1200747,M,11,HG_A,301,12,24,15,11,14,28,14,10,14,15,12,11
5,1001,source_premigration,1200752,M,11,HG_A,301,12,25,15,11,12,28,14,11,14,15,12,11
5,1001,source_premigration,1200753,M,11,HG_A,301,12,25,15,11,12,28,14,11,14,15,12,11
5,1001,source_premigration,1200772,M,11,HG_D,303,15,18,17,13,12,33,13,11,16,12,14,8
5,1001,source_premigration,1200776,M,11,HG_E,255,11,26,12,9,17,26,14,13,13,19,12,15
5,1001,source_premigration,1200780,M,11,HG_D,129,14,21,18,13,11,32,11,12,17,12,12,8
5,1001,source_premigration,1200783,M,11,HG_D,129,14,21,18,13,11,32,11,12,17,12,12,8
5,1001,source_premigration,1200784,M,11,HG_B,126,13,26,15,10,11,31,11,12,17,13,9,12
5,1001,source_premigration,1200785,M,11,HG_B,126,13,26,15,10,11,31,11,12,17,13,9,12
5,1001,source_premigration,1200800,M,11,HG_D,303,15,18,17,13,11,33,14,11,16,12,14,8
5,1001,source_premigration,1200810,M,11,HG_E,270,10,28,14,10,15,26,14,13,13,18,11,15
5,1001,source_premigration,1200816,M,11,HG_D,303,15,18,17,13,12,33,13,11,16,12,14,8
5,1001,source_premigration,1200820,M,11,HG_B,126,12,26,15,10,11,31,12,11,17,13,9,12
5,1001,source_premigration,1200830,M,11,HG_A,228,12,25,13,10,13,31,12,11,13,14,12,11
5,1001,source_premigration,1200832,M,11,HG_E,330,12,29,13,11,18,27,14,13,11,17,11,14
5,1001,source_premigration,1200837,M,11,HG_C,493,13,24,11,13,12,28,16,10,11,15,13,15
5,1001,source_premigration,1200848,M,11,HG_D,245,14,19,18,15,10,32,13,13,16,11,15,10
5,1001,source_premigration,1200852,M,11,HG_B,26,12,25,16,11,12,29,12,12,16,13,12,11
5,1001,source_premigration,1200857,M,11,HG_E,255,11,26,12,9,17,26,14,13,13,19,12,15
5,1001,source_premigration,1200858,M,11,HG_E,120,12,27,12,9,14,27,14,14,12,19,11,15
5,1001,source_premigration,1200863,M,11,HG_D,394,15,20,18,14,12,32,11,14,18,12,14,10
5,1001,source_premigration,1200868,M,11,HG_E,255,11,26,12,9,17,27,14,14,12,19,12,15
5,1001,source_premigration,1200877,M,11,HG_A,234,13,22,15,11,13,28,12,9,14,16,12,11
5,1001,source_premigration,1200879,M,11,HG_D,303,15,18,17,13,10,33,13,11,16,12,14,8
5,1001,source_premigration,1200885,M,11,HG_B,444,12,25,16,9,13,32,12,14,15,14,10,11
5,1001,source_premigration,1200894,M,11,HG_C,432,15,22,12,14,15,27,15,9,10,16,14,15
5,1001,source_premigration,1200900,M,11,HG_A,121,13,24,13,11,13,28,13,11,14,16,13,12
5,1001,source_premigration,1200904,M,11,HG_D,129,14,21,18,13,11,32,11,12,17,12,12,8
5,1001,source_premigration,1200907,M,11,HG_B,302,13,24,17,10,11,31,11,12,15,13,9,10
5,1001,source_premigration,1200911,M,11,HG_E,330,12,28,13,11,18,27,14,13,11,17,11,14
5,1001,source_premigration,1200914,M,11,HG_D,394,15,20,18,14,12,32,11,14,18,12,14,10
5,1001,source_premigration,1200928,M,11,HG_D,394,15,20,18,14,12,32,11,14,18,12,14,10
5,1001,source_premigration,1200944,M,11,HG_B,168,12,25,17,11,12,31,11,12,16,15,9,11
5,1001,source_premigration,1200946,M,11,HG_A,98,13,23,14,11,13,30,13,10,14,14,12,12
5,1001,source_premigration,1200948,M,11,HG_B,302,13,24,17,10,11,31,11,12,15,13,9,10
5,1001,source_premigration,1200949,M,11,HG_B,302,13,24,17,10,11,31,11,12,15,13,9,10
5,1001,source_premigration,1200950,M,11,HG_B,26,12,25,16,11,12,29,13,12,16,13,12,11
5,1001,source_premigration,1200951,M,11,HG_B,26,12,25,16,11,12,29,14,12,16,13,12,11
5,1001,source_premigration,1200958,M,11,HG_C,244,12,21,12,15,14,25,15,11,9,16,13,14
5,1001,source_premigration,1200973,M,11,HG_C,20,15,23,12,14,13,27,14,10,10,16,12,12
5,1001,source_premigration,1200976,M,11,HG_C,244,12,21,12,15,14,25,14,11,9,16,13,14
5,1001,source_premigration,1200982,M,11,HG_D,238,15,21,18,13,11,32,13,13,17,13,14,10
5,1001,source_premigration,1200985,M,11,HG_D,238,15,22,19,13,11,32,13,13,17,13,14,10
5,1001,source_premigration,1200990,M,11,HG_D,91,16,19,17,14,10,32,11,14,16,12,14,9
5,1001,source_premigration,1200992,M,11,HG_B,227,12,24,16,11,14,31,11,13,15,14,10,10
5,1001,source_premigration,1200993,M,11,HG_C,475,15,22,10,13,15,26,14,10,9,17,15,13
5,1001,source_premigration,1200994,M,11,HG_A,343,13,23,14,11,14,29,14,12,15,14,13,11
5,1001,source_premigration,1201001,M,11,HG_C,475,15,22,10,13,15,26,13,10,9,17,15,13
5,1001,source_premigration,1201004,M,11,HG_D,238,15,22,18,13,11,32,13,13,17,13,14,10
5,1001,source_premigration,1201009,M,11,HG_A,121,13,24,13,11,13,28,14,11,14,16,13,12
5,1001,source_premigration,1201014,M,11,HG_E,330,12,28,13,11,18,27,14,13,11,17,11,15
5,1001,source_premigration,1201017,M,11,HG_D,249,14,19,17,12,12,34,11,13,17,11,13,10
5,1001,source_premigration,1201020,M,11,HG_A,301,12,24,15,12,12,28,14,11,14,15,12,11
5,1001,source_premigration,1201026,M,10,HG_B,227,12,24,16,11,14,31,11,13,15,14,10,10
5,1001,source_premigration,1201028,M,10,HG_C,244,12,21,12,15,14,25,13,11,9,16,13,14
5,1001,source_premigration,1201034,M,10,HG_A,121,13,24,13,11,13,28,13,11,14,16,13,12
5,1001,source_premigration,1201039,M,10,HG_A,121,13,24,13,11,13,28,13,11,14,16,13,12
5,1001,source_premigration,1201080,M,10,HG_A,98,13,23,14,11,13,30,13,10,14,14,12,12
5,1001,source_premigration,1201081,M,10,HG_B,26,12,25,16,11,12,29,12,12,16,13,12,11
5,1001,source_premigration,1201092,M,10,HG_E,255,11,26,12,9,17,26,13,14,13,19,12,15
5,1001,source_premigration,1201096,M,10,HG_E,330,12,28,13,11,18,27,14,13,11,17,11,14
5,1001,source_premigration,1201107,M,10,HG_B,302,13,24,17,10,11,31,11,12,15,12,9,10
5,1001,source_premigration,1201113,M,10,HG_A,125,13,25,16,12,13,29,14,12,12,15,14,12
5,1001,source_premigration,1201123,M,10,HG_A,121,13,24,13,11,13,28,13,11,14,16,13,12
5,1001,source_premigration,1201130,M,10,HG_A,121,13,24,13,11,13,28,13,11,14,16,13,12
5,1001,source_premigration,1201151,M,10,HG_E,255,11,26,12,9,17,26,14,12,13,19,12,15
5,1001,source_premigration,1201154,M,10,HG_A,125,13,25,16,12,13,29,15,12,12,15,14,12
5,1001,source_premigration,1201159,M,10,HG_B,302,13,24,17,10,11,31,11,12,15,13,9,10
5,1001,source_premigration,1201160,M,10,HG_B,302,13,24,17,10,11,31,11,12,15,13,9,10
5,1001,source_premigration,1201163,M,10,HG_D,303,15,18,17,13,12,33,13,11,16,12,14,8
5,1001,source_premigration,1201165,M,10,HG_B,302,13,24,17,10,11,31,11,12,15,13,9,10
5,1001,source_premigration,1201168,M,10,HG_B,302,13,24,17,10,11,31,11,12,15,13,9,10
5,1001,source_premigration,1201169,M,10,HG_C,493,13,24,11,13,12,28,16,10,11,15,13,15
5,1001,source_premigration,1201185,M,10,HG_C,329,15,21,12,15,14,28,16,11,12,14,12,13
5,1001,source_premigration,1201199,M,10,HG_E,120,12,27,12,9,14,27,14,14,12,19,11,15
5,1001,source_premigration,1201211,M,10,HG_B,444,12,25,16,9,13,32,12,14,15,14,10,11
5,1001,source_premigration,1201221,M,10,HG_D,303,15,18,17,13,12,33,13,11,16,12,14,8
5,1001,source_premigration,1201227,M,10,HG_B,26,12,25,16,11,12,29,12,12,16,13,12,11
5,1001,source_premigration,1201232,M,10,HG_B,483,11,25,15,11,12,31,13,12,16,15,9,11
5,1001,source_premigration,1201241,M,10,HG_C,493,13,24,11,14,13,28,16,10,11,15,13,15
5,1001,source_premigration,1201242,M,10,HG_A,125,13,25,16,12,13,29,15,12,12,15,14,12
5,1001,source_premigration,1201246,M,10,HG_C,244,12,21,12,15,14,25,15,11,9,16,13,14
5,1001,source_premigration,1201251,M,10,HG_C,244,12,21,12,15,14,25,14,11,9,16,13,14
5,1001,source_premigration,1201252,M,10,HG_C,244,12,21,12,15,14,25,14,11,9,16,13,14
5,1001,source_premigration,1201260,M,10,HG_B,168,12,25,17,11,12,31,11,12,16,15,9,11
5,1001,source_premigration,1201264,M,10,HG_C,329,15,21,12,15,14,28,16,11,12,14,12,13
5,1001,source_premigration,1201265,M,10,HG_C,329,15,21,12,15,14,28,16,11,12,14,12,13
5,1001,source_premigration,1201268,M,10,HG_A,234,13,22,15,11,13,28,12,9,14,16,12,11
5,1001,source_premigration,1201294,M,10,HG_C,244,12,21,12,15,14,25,14,11,9,16,13,14
5,1001,source_premigration,1201295,M,10,HG_C,244,12,21,12,15,14,25,14,11,9,16,13,14
5,1001,source_premigration,1201312,M,10,HG_E,120,12,27,12,9,14,27,14,14,12,19,11,15
5,1001,source_premigration,1201318,M,10,HG_A,121,13,24,13,11,13,28,13,11,14,16,13,12
5,1001,source_premigration,1201321,M,10,HG_E,330,12,28,12,11,18,27,14,13,10,17,11,14
5,1001,source_premigration,1201334,M,10,HG_A,121,13,24,13,11,13,28,13,11,14,16,13,12
5,1001,source_premigration,1201335,M,10,HG_E,270,10,28,14,10,15,26,14,14,13,18,11,15
5,1001,source_premigration,1201338,M,10,HG_B,291,12,23,17,9,13,32,12,12,15,15,10,11
5,1001,source_premigration,1201339,M,10,HG_B,291,12,23,17,9,13,32,12,12,15,15,10,11
5,1001,source_premigration,1201345,M,10,HG_C,493,13,24,11,14,13,28,16,10,11,15,13,15
5,1001,source_premigration,1201349,M,10,HG_B,26,13,25,17,11,13,29,12,12,16,13,12,11
5,1001,source_premigration,1201353,M,10,HG_E,255,11,26,12,9,17,26,13,14,13,19,12,15
5,1001,source_premigration,1201354,M,10,HG_D,249,15,20,17,12,12,34,11,13,17,11,12,10
5,1001,source_premigration,1201355,M,10,HG_D,249,15,20,17,12,12,34,11,13,17,11,12,10
5,1001,source_premigration,1201357,M,10,HG_D,249,15,20,17,12,12,34,11,13,17,11,12,10
5,1001,source_premigration,1201362,M,10,HG_E,330,12,28,12,11,18,27,14,13,11,17,11,14
5,1001,source_premigration,1201363,M,10,HG_E,330,12,28,12,11,18,27,14,13,11,17,11,14
5,1001,source_premigration,1201365,M,10,HG_E,330,12,28,13,11,18,27,14,13,11,17,11,14
5,1001,source_premigration,1201369,M,10,HG_C,244,12,21,12,15,14,26,15,10,9,16,13,14
5,1001,source_premigration,1201374,M,10,HG_E,330,12,28,12,11,18,27,14,13,11,17,11,14
5,1001,source_premigration,1201379,M,10,HG_A,301,12,25,15,11,12,28,14,11,14,15,12,11
5,1001,source_premigration,1201380,M,10,HG_A,301,12,25,15,11,12,28,14,11,14,15,12,11
5,1001,source_premigration,1201386,M,10,HG_E,330,12,28,13,11,18,27,14,13,11,17,11,14
5,1001,source_premigration,1201409,M,10,HG_C,244,12,21,12,15,14,25,13,11,9,16,13,14
5,1001,source_premigration,1201419,M,10,HG_D,94,16,20,18,12,10,34,11,14,18,12,15,9
5,1001,source_premigration,1201441,M,10,HG_B,126,13,26,15,10,11,31,11,12,17,13,9,12
5,1001,source_premigration,1201456,M,10,HG_B,26,12,25,16,11,12,29,12,12,16,13,12,11
5,1001,source_premigration,1201458,M,10,HG_E,120,11,27,11,9,14,27,14,14,12,19,11,15
5,1001,source_premigration,1201471,M,10,HG_B,291,12,24,17,9,13,32,12,12,15,15,10,11
5,1001,source_premigration,1201472,M,10,HG_B,291,12,24,17,9,13,32,12,12,15,15,10,11
5,1001,source_premigration,1201493,M,10,HG_E,330,12,28,13,11,18,27,14,13,11,17,11,14
5,1001,source_premigration,1201504,M,10,HG_B,26,12,25,16,11,12,29,13,12,16,13,12,11
5,1001,source_premigration,1201508,M,10,HG_B,26,12,25,16,11,12,29,12,12,16,13,12,11
5,1001,source_premigration,1201520,M,10,HG_E,330,12,29,13,11,18,27,14,13,11,17,11,14
5,1001,source_premigration,1201522,M,10,HG_D,249,14,19,17,12,12,34,11,13,17,11,13,10
5,1001,source_premigration,1201526,M,10,HG_B,198,12,26,16,10,12,30,12,12,15,14,10,11
5,1001,source_premigration,1201528,M,10,HG_C,475,15,22,10,13,15,26,14,10,9,17,15,13
5,1001,source_premigration,1201530,M,10,HG_D,249,14,19,17,12,12,34,11,13,17,11,13,10
5,1001,source_premigration,1201531,M,10,HG_A,234,13,22,15,11,13,28,12,9,14,16,12,11
5,1001,source_premigration,1201536,M,10,HG_B,302,13,24,17,10,11,31,11,12,15,13,9,10
5,1001,source_premigration,1201540,M,10,HG_E,330,12,28,13,11,18,27,14,13,11,17,11,14
5,1001,source_premigration,1201543,M,10,HG_E,330,12,28,13,11,19,27,14,13,11,17,11,14
5,1001,source_premigration,1201545,M,10,HG_B,126,13,26,15,10,11,31,11,11,17,13,9,12
5,1001,source_premigration,1201547,M,10,HG_B,126,13,26,15,10,11,31,11,11,17,13,9,12
5,1001,source_premigration,1201549,M,10,HG_B,126,13,26,15,10,11,31,11,11,17,13,9,12
5,1001,source_premigration,1201558,M,10,HG_D,394,15,20,18,14,12,32,11,14,18,12,14,10
5,1001,source_premigration,1201584,M,10,HG_C,493,13,24,11,14,13,28,16,10,11,15,13,15
5,1001,source_premigration,1201586,M,10,HG_D,303,15,18,17,13,9,33,13,11,16,12,14,8
5,1001,source_premigration,1201598,M,10,HG_B,26,12,25,16,11,12,29,12,12,16,13,12,11
5,1001,source_premigration,1201605,M,10,HG_C,475,15,22,10,13,15,26,14,10,9,17,15,13
5,1001,source_premigration,1201608,M,10,HG_C,475,15,22,10,13,15,26,14,10,9,17,15,13
5,1001,source_premigration,1201636,M,10,HG_E,330,12,28,13,11,19,27,14,13,11,17,11,14
5,1001,source_premigration,1201638,M,10,HG_E,330,12,28,13,11,19,27,14,13,11,17,11,14
5,1001,source_premigration,1201672,M,10,HG_D,238,15,22,19,13,11,32,13,13,17,13,14,10
5,1001,source_premigration,1201675,M,10,HG_D,238,15,22,19,13,11,32,13,13,17,13,14,10
5,1001,source_premigration,1201676,M,10,HG_D,238,15,22,19,13,11,32,13,13,17,13,14,10
5,1001,source_premigration,1201686,M,10,HG_C,244,11,21,12,15,14,25,14,11,9,16,13,14
5,1001,source_premigration,1201696,M,10,HG_A,237,13,25,15,10,12,30,14,11,14,16,10,12
5,1001,source_premigration,1201702,M,10,HG_E,330,12,28,13,11,18,27,14,13,11,17,11,14
5,1001,source_premigration,1201706,M,10,HG_D,238,15,22,19,13,11,32,13,13,17,13,14,10
5,1001,source_premigration,1201715,M,10,HG_D,303,15,18,17,13,12,33,13,11,16,12,14,8
5,1001,source_premigration,1201718,M,10,HG_D,394,15,20,18,14,12,32,11,14,18,12,14,10
5,1001,source_premigration,1201722,M,10,HG_D,245,14,19,18,15,10,34,14,13,16,11,15,10
5,1001,source_premigration,1201725,M,10,HG_A,343,13,23,14,11,14,29,14,12,15,14,13,11
5,1001,source_premigration,1201727,M,10,HG_B,168,12,25,17,11,12,31,12,12,16,15,9,11
5,1001,source_premigration,1201732,M,10,HG_B,198,12,26,16,10,12,30,12,12,15,14,10,11
5,1001,source_premigration,1201736,M,10,HG_B,198,12,26,16,10,12,30,12,12,15,14,10,11
5,1001,source_premigration,1201743,M,10,HG_E,330,12,28,13,11,18,27,14,13,11,16,11,14
5,1001,source_premigration,1201763,M,10,HG_B,168,12,25,17,11,12,31,11,12,16,15,9,11
5,1001,source_premigration,1201765,M,10,HG_E,330,12,28,13,11,18,27,14,13,11,17,11,14
5,1001,source_premigration,1201768,M,10,HG_B,168,12,25,17,11,12,31,12,12,16,15,9,11
5,1001,source_premigration,1201769,M,10,HG_B,168,12,25,17,11,12,31,12,12,16,15,9,11
5,1001,source_premigration,1201771,M,10,HG_B,168,12,25,17,11,12,31,12,12,16,15,9,11
5,1001,source_premigration,1201786,M,10,HG_D,303,15,18,17,13,12,33,13,11,16,12,14,8
5,1001,source_premigration,1201787,M,10,HG_C,299,13,20,12,13,14,27,12,10,11,15,13,15
5,1001,source_premigration,1201794,M,10,HG_E,74,11,28,13,11,15,26,15,14,13,19,12,15
5,1001,source_premigration,1201798,M,10,HG_A,125,13,25,16,12,13,29,15,11,12,15,14,12
5,1001,source_premigration,1201801,M,10,HG_C,475,15,22,10,13,15,26,14,10,9,17,15,13
5,1001,source_premigration,1201809,M,10,HG_A,234,13,22,15,11,13,28,12,9,14,16,12,11
5,1001,source_premigration,1201813,M,10,HG_D,129,14,21,18,13,11,32,11,12,17,12,12,8
5,1001,source_premigration,1201815,M,10,HG_D,129,14,21,18,13,11,32,11,12,17,12,12,8
5,1001,source_premigration,1201828,M,10,HG_C,244,12,20,12,15,14,25,13,11,9,16,13,14
5,1001,source_premigration,1201830,M,10,HG_D,249,14,19,17,12,12,34,11,13,17,11,13,10
5,1001,source_premigration,1201832,M,10,HG_B,302,13,24,17,10,11,31,11,12,15,13,9,10
5,1001,source_premigration,1201834,M,10,HG_B,302,13,24,17,10,11,31,11,12,15,12,9,10
5,1001,source_premigration,1201838,M,10,HG_A,312,15,25,15,12,13,28,12,11,14,13,13,12
5,1001,source_premigration,1201850,M,10,HG_A,237,13,25,15,10,12,30,14,11,14,16,10,12
5,1001,source_premigration,1201855,M,10,HG_A,98,13,23,14,11,13,30,13,10,14,14,12,12
5,1001,source_premigration,1201858,M,10,HG_A,98,13,23,14,11,13,30,13,10,14,14,12,12
5,1001,source_premigration,1201871,M,10,HG_D,238,15,22,19,13,11,32,13,13,17,13,14,10
5,1001,source_premigration,1201874,M,10,HG_D,238,15,22,19,13,11,32,13,13,17,13,14,10
5,1001,source_premigration,1201875,M,10,HG_C,475,15,22,10,13,15,26,13,10,9,17,15,13
5,1001,source_premigration,1201889,M,10,HG_B,302,13,24,17,10,11,31,11,12,15,13,9,10
5,1001,source_premigration,1201897,M,10,HG_E,255,11,26,12,9,17,27,14,14,12,19,12,15
5,1001,source_premigration,1201901,M,10,HG_D,129,14,21,18,13,11,32,11,12,17,12,12,8
5,1001,source_premigration,1201907,M,10,HG_D,303,15,18,17,13,12,33,13,11,16,12,14,8
5,1001,source_premigration,1201912,M,10,HG_A,237,13,25,15,10,12,30,14,11,14,16,10,12
5,1001,source_premigration,1201916,M,10,HG_A,234,13,23,15,11,13,28,12,9,14,16,12,11
5,1001,source_premigration,1201940,M,10,HG_D,249,15,20,17,12,12,34,11,13,17,11,12,10
5,1001,source_premigration,1201944,M,10,HG_C,244,12,21,13,15,14,25,14,11,9,16,13,14
5,1001,source_premigration,1201945,M,10,HG_A,121,13,24,13,11,13,28,13,11,14,16,13,12
5,1001,source_premigration,1201949,M,10,HG_C,244,11,21,12,15,14,25,14,11,9,16,13,14
5,1001,source_premigration,1201963,M,10,HG_E,120,11,27,11,9,14,27,14,14,12,19,11,15
5,1001,source_premigration,1201967,M,10,HG_E,330,12,28,12,11,18,27,14,13,11,17,11,14
5,1001,source_premigration,1201974,M,10,HG_E,255,11,26,12,9,17,26,14,14,13,19,12,15
5,1001,source_premigration,1201975,M,10,HG_E,255,11,26,12,9,17,26,14,14,13,19,12,15
5,1001,source_premigration,1201989,M,10,HG_C,475,15,22,11,13,15,26,13,10,9,17,15,13
5,1001,source_premigration,1202000,M,10,HG_B,126,13,26,14,10,11,32,11,11,17,13,9,12
5,1001,source_premigration,1202007,M,10,HG_C,244,11,21,12,15,14,25,14,11,9,16,13,14
5,1001,source_premigration,1202018,M,10,HG_A,98,13,23,14,11,13,30,13,10,14,14,12,12
5,1001,source_premigration,1202020,M,10,HG_A,98,13,23,14,11,13,30,13,10,14,14,12,12
5,1001,source_premigration,1202032,M,10,HG_C,475,15,22,10,13,15,26,13,10,9,17,15,13
5,1001,source_premigration,1202035,M,10,HG_B,483,11,25,15,11,12,31,13,12,16,15,9,11
5,1001,source_premigration,1202049,M,10,HG_D,303,15,18,17,13,12,33,13,11,16,12,14,8
5,1001,source_premigration,1202050,M,10,HG_D,303,15,18,17,13,12,33,13,11,16,12,14,8
5,1001,source_premigration,1202055,M,10,HG_B,302,13,24,17,10,11,31,11,12,15,13,9,10
5,1001,source_premigration,1202057,M,10,HG_D,91,16,19,17,14,10,32,11,14,16,12,14,9
5,1001,source_premigration,1202064,M,10,HG_E,255,11,26,12,9,17,26,14,12,13,19,12,15
5,1001,source_premigration,1202079,M,10,HG_B,198,12,26,16,10,12,30,12,12,15,14,10,11
5,1001,source_premigration,1202093,M,10,HG_E,409,12,27,13,9,17,24,13,15,11,19,10,15
5,1001,source_premigration,1202107,M,10,HG_C,244,12,21,12,15,14,25,14,11,9,16,13,14
5,1001,source_premigration,1202116,M,10,HG_A,301,12,24,15,11,12,28,14,11,14,15,12,11
5,1001,source_premigration,1202131,M,10,HG_D,303,15,18,17,13,12,33,13,11,16,12,14,8
5,1001,source_premigration,1202142,M,10,HG_D,303,15,18,16,13,10,33,13,11,16,12,14,8
5,1001,source_premigration,1202148,M,10,HG_E,330,12,28,13,11,18,27,14,13,11,17,11,14
5,1001,source_premigration,1202150,M,10,HG_E,330,12,28,13,11,18,27,14,13,11,17,11,14
5,1001,source_premigration,1202154,M,10,HG_E,330,12,28,13,11,19,27,14,14,11,17,11,14
5,1001,source_premigration,1202160,M,10,HG_E,330,12,28,13,11,18,27,14,13,11,17,11,14
5,1001,source_premigration,1202167,M,10,HG_B,26,12,25,16,11,12,29,13,12,16,13,12,11
5,1001,source_premigration,1202175,M,10,HG_D,238,15,22,18,13,11,32,13,13,17,13,14,10
5,1001,source_premigration,1202176,M,10,HG_A,125,13,25,16,12,13,29,15,11,12,15,14,12
5,1001,source_premigration,1202178,M,10,HG_E,120,12,27,12,9,14,27,14,14,12,19,11,15
5,1001,source_premigration,1202182,M,10,HG_B,302,13,24,17,10,11,31,11,12,15,13,9,10
5,1001,source_premigration,1202183,M,10,HG_B,168,12,25,17,11,12,31,11,12,16,15,9,11
5,1001,source_premigration,1202195,M,10,HG_B,198,12,26,16,10,12,30,12,12,15,14,10,11
5,1001,source_premigration,1202204,M,10,HG_E,120,11,27,11,9,14,27,14,14,12,19,11,15
5,1001,source_premigration,1202205,M,10,HG_E,120,11,27,11,9,14,27,14,14,12,19,11,15
5,1001,source_premigration,1202211,M,10,HG_A,121,13,24,13,11,13,28,13,11,14,16,13,12
5,1001,source_premigration,1202258,M,10,HG_D,303,15,18,17,13,12,33,13,11,16,12,14,8
5,1001,source_premigration,1202268,M,9,HG_B,302,13,24,17,10,11,31,11,12,15,13,9,10
5,1001,source_premigration,1202272,M,9,HG_A,343,13,23,14,11,14,29,14,12,15,14,13,11
5,1001,source_premigration,1202273,M,9,HG_A,343,13,23,14,11,14,29,14,12,15,14,13,11
5,1001,source_premigration,1202288,M,9,HG_E,409,12,27,13,9,17,24,13,15,11,19,10,15
5,1001,source_premigration,1202299,M,9,HG_B,126,13,26,15,10,11,31,12,11,17,13,9,12
5,1001,source_premigration,1202304,M,9,HG_D,303,15,18,17,13,10,33,13,11,16,12,14,8
5,1001,source_premigration,1202310,M,9,HG_D,245,14,19,18,15,10,32,13,13,16,11,15,10
5,1001,source_premigration,1202314,M,9,HG_C,475,15,22,10,13,14,26,13,10,9,17,15,13
5,1001,source_premigration,1202317,M,9,HG_B,483,11,25,15,11,12,31,13,12,16,15,9,11
5,1001,source_premigration,1202318,M,9,HG_B,483,11,25,15,11,12,31,13,12,16,15,9,11
5,1001,source_premigration,1202322,M,9,HG_D,303,15,18,17,13,12,33,13,11,16,12,14,8
5,1001,source_premigration,1202326,M,9,HG_D,249,14,19,17,12,12,34,11,13,17,11,13,10
5,1001,source_premigration,1202328,M,9,HG_D,249,14,19,17,12,12,34,11,13,17,11,13,10
5,1001,source_premigration,1202339,M,9,HG_B,126,12,26,15,10,11,31,12,11,17,13,9,12
5,1001,source_premigration,1202341,M,9,HG_E,330,12,28,13,11,18,27,14,13,11,17,11,14
5,1001,source_premigration,1202350,M,9,HG_A,121,13,24,13,11,13,28,13,11,14,16,13,12
5,1001,source_premigration,1202363,M,9,HG_C,244,12,21,12,15,14,25,15,11,9,16,13,14
5,1001,source_premigration,1202379,M,9,HG_D,91,16,19,18,14,9,32,11,14,16,12,14,9
5,1001,source_premigration,1202390,M,9,HG_D,65,15,18,17,13,11,33,11,13,17,11,14,9
5,1001,source_premigration,1202400,M,9,HG_C,329,15,21,12,15,14,28,16,11,12,14,12,13
5,1001,source_premigration,1202407,M,9,HG_B,302,13,24,17,10,11,31,11,12,15,13,9,10
5,1001,source_premigration,1202414,M,9,HG_E,74,11,28,13,10,15,26,15,14,13,19,12,15
5,1001,source_premigration,1202415,M,9,HG_E,74,11,28,13,10,15,26,15,14,13,19,12,15
5,1001,source_premigration,1202419,M,9,HG_E,330,12,28,13,11,18,27,14,13,11,17,11,14
5,1001,source_premigration,1202445,M,9,HG_A,121,13,24,13,11,13,28,13,11,14,16,13,12
5,1001,source_premigration,1202453,M,9,HG_C,329,15,21,12,15,14,28,16,11,12,14,12,13
5,1001,source_premigration,1202465,M,9,HG_A,121,13,24,13,11,13,28,13,11,14,16,13,12
5,1001,source_premigration,1202466,M,9,HG_A,121,13,24,13,11,13,28,13,11,14,16,13,12
5,1001,source_premigration,1202469,M,9,HG_E,255,11,26,12,9,17,27,14,14,12,19,12,15
5,1001,source_premigration,1202476,M,9,HG_D,238,15,22,19,13,11,32,13,13,17,13,14,10
5,1001,source_premigration,1202478,M,9,HG_D,238,15,22,19,13,11,32,13,13,17,13,14,10
5,1001,source_premigration,1202485,M,9,HG_B,302,13,24,17,10,11,31,11,12,15,13,9,10
5,1001,source_premigration,1202489,M,9,HG_B,302,13,24,17,10,11,31,11,12,15,13,9,10
5,1001,source_premigration,1202493,M,9,HG_A,121,13,24,13,11,13,28,13,11,14,16,13,12
5,1001,source_premigration,1202495,M,9,HG_D,109,15,21,21,13,10,33,13,13,17,14,14,9
5,1001,source_premigration,1202510,M,9,HG_D,65,15,18,17,13,11,33,11,13,17,11,14,9
5,1001,source_premigration,1202527,M,9,HG_D,129,14,21,18,13,11,32,11,12,17,11,12,8
5,1001,source_premigration,1202551,M,9,HG_E,270,10,28,14,10,15,26,14,13,13,18,11,15
5,1001,source_premigration,1202559,M,9,HG_B,26,12,25,16,11,12,29,12,12,16,13,12,11
5,1001,source_premigration,1202564,M,9,HG_D,65,15,18,17,13,11,33,10,12,17,11,14,9
5,1001,source_premigration,1202575,M,9,HG_C,244,11,21,12,15,14,25,14,11,9,16,13,14
5,1001,source_premigration,1202585,M,9,HG_D,245,14,19,18,15,10,32,13,13,16,11,15,10
5,1001,source_premigration,1202586,M,9,HG_D,245,14,19,18,15,10,32,13,13,16,11,15,10
5,1001,source_premigration,1202600,M,9,HG_D,238,15,22,18,13,11,32,13,13,17,13,14,10
5,1001,source_premigration,1202605,M,9,HG_C,475,15,22,10,13,15,26,14,10,9,17,15,13
5,1001,source_premigration,1202607,M,9,HG_A,234,13,22,15,11,13,28,12,9,14,16,12,11
5,1001,source_premigration,1202609,M,9,HG_A,312,15,25,15,12,13,28,12,11,14,13,13,12
5,1001,source_premigration,1202624,M,9,HG_E,330,12,28,13,11,18,27,14,13,11,17,11,14
5,1001,source_premigration,1202628,M,9,HG_A,98,13,23,14,11,13,30,13,10,14,14,12,12
5,1001,source_premigration,1202639,M,9,HG_A,228,12,25,13,10,13,31,12,11,13,14,12,11
5,1001,source_premigration,1202645,M,9,HG_A,121,13,24,13,11,13,28,13,11,14,16,13,12
5,1001,source_premigration,1202648,M,9,HG_A,121,13,24,13,11,13,28,13,11,14,16,13,12
5,1001,source_premigration,1202660,M,9,HG_C,329,15,21,12,15,14,28,16,11,12,14,12,13
5,1001,source_premigration,1202663,M,9,HG_B,168,12,25,17,11,12,31,11,12,16,15,9,11
5,1001,source_premigration,1202674,M,9,HG_A,98,13,23,14,11,13,30,13,10,14,14,12,12
5,1001,source_premigration,1202676,M,9,HG_D,238,15,22,19,13,11,32,13,13,17,13,14,10
5,1001,source_premigration,1202701,M,9,HG_A,301,12,24,15,11,12,28,14,11,14,15,12,11
5,1001,source_premigration,1202702,M,9,HG_A,301,12,24,15,11,12,28,14,11,14,15,12,11
5,1001,source_premigration,1202712,M,9,HG_C,493,13,24,11,14,13,28,16,10,11,15,13,15
5,1001,source_premigration,1202715,M,9,HG_D,303,15,18,17,13,12,33,13,11,16,12,14,8
5,1001,source_premigration,1202716,M,9,HG_C,244,12,20,12,15,14,25,13,11,9,16,13,14
5,1001,source_premigration,1202717,M,9,HG_C,244,12,20,12,15,14,25,13,11,9,16,13,14
5,1001,source_premigration,1202723,M,9,HG_D,245,14,19,18,15,10,32,13,13,16,11,15,10
5,1001,source_premigration,1202725,M,9,HG_D,249,14,19,17,12,12,34,11,13,17,11,13,10
5,1001,source_premigration,1202731,M,9,HG_B,198,12,26,16,10,12,30,12,12,15,14,10,11
5,1001,source_premigration,1202733,M,9,HG_E,330,12,28,13,11,18,27,14,13,11,17,11,14
5,1001,source_premigration,1202740,M,9,HG_D,129,14,21,18,13,11,32,11,12,17,11,12,8
5,1001,source_premigration,1202741,M,9,HG_D,129,14,21,18,13,12,32,11,12,17,11,12,9
5,1001,source_premigration,1202743,M,9,HG_B,302,13,24,17,10,11,31,11,12,15,13,9,10
5,1001,source_premigration,1202752,M,9,HG_C,493,13,24,11,14,13,28,16,10,11,15,13,15
5,1001,source_premigration,1202757,M,9,HG_E,330,12,28,13,11,19,27,14,13,11,17,11,14
5,1001,source_premigration,1202767,M,9,HG_D,238,15,23,19,13,11,32,13,13,17,13,14,10
5,1001,source_premigration,1202771,M,9,HG_C,475,15,22,10,13,15,26,13,10,9,17,15,13
5,1001,source_premigration,1202778,M,9,HG_A,125,13,25,16,12,13,29,15,11,12,15,14,12
5,1001,source_premigration,1202779,M,9,HG_A,125,13,25,16,12,13,29,15,11,12,15,14,12
5,1001,source_premigration,1202784,M,9,HG_B,302,13,24,17,10,11,31,11,12,15,13,9,10
5,1001,source_premigration,1202795,M,9,HG_A,121,13,24,13,11,13,28,13,11,14,16,13,12
5,1001,source_premigration,1202799,M,9,HG_D,245,14,19,18,15,10,32,13,13,16,11,15,10
5,1001,source_premigration,1202808,M,9,HG_A,312,15,25,14,12,13,30,12,11,14,13,13,12
5,1001,source_premigration,1202822,M,9,HG_C,475,15,22,10,13,15,26,13,10,9,17,15,13
5,1001,source_premigration,1202826,M,9,HG_D,109,15,21,21,13,9,33,13,13,17,14,14,9
5,1001,source_premigration,1202833,M,9,HG_C,244,12,21,12,15,14,25,14,11,9,16,13,14
5,1001,source_premigration,1202834,M,9,HG_C,244,12,21,12,15,14,25,14,11,9,16,13,14
5,1001,source_premigration,1202837,M,9,HG_C,244,12,21,12,15,14,25,14,11,9,16,13,14
5,1001,source_premigration,1202845,M,9,HG_A,343,13,23,14,11,14,29,14,12,15,14,13,11
5,1001,source_premigration,1202860,M,9,HG_E,330,12,28,12,11,18,27,14,13,11,17,11,14
5,1001,source_premigration,1202863,M,9,HG_D,249,15,20,17,12,12,34,11,13,17,11,12,10
5,1001,source_premigration,1202869,M,9,HG_A,125,13,25,16,12,13,29,14,12,12,15,14,12
5,1001,source_premigration,1202872,M,9,HG_E,330,12,28,13,11,18,27,14,13,11,17,11,14
5,1001,source_premigration,1202881,M,9,HG_C,244,11,21,12,15,14,25,14,11,9,16,13,14
5,1001,source_premigration,1202896,M,9,HG_B,302,13,24,17,10,11,31,11,12,15,13,9,10
5,1001,source_premigration,1202898,M,9,HG_A,312,15,25,15,12,13,28,12,11,14,13,13,12
5,1001,source_premigration,1202902,M,9,HG_B,198,12,26,16,10,12,30,12,12,15,14,10,11
5,1001,source_premigration,1202909,M,9,HG_B,26,12,25,16,11,12,29,12,12,16,13,12,11
5,1001,source_premigration,1202911,M,9,HG_C,244,12,21,13,15,14,25,14,11,9,16,13,14
5,1001,source_premigration,1202912,M,9,HG_C,244,12,21,13,15,14,25,14,11,9,16,13,14
5,1001,source_premigration,1202915,M,9,HG_C,244,12,21,13,15,14,25,14,11,9,16,13,14
5,1001,source_premigration,1202919,M,9,HG_C,475,15,22,10,13,15,26,14,10,9,17,15,13
5,1001,source_premigration,1202922,M,9,HG_C,475,15,22,11,13,15,26,13,10,9,17,15,13
5,1001,source_premigration,1202927,M,9,HG_D,303,15,18,17,13,10,33,13,11,16,12,14,8
5,1001,source_premigration,1202936,M,9,HG_C,244,13,21,12,15,14,25,13,11,9,16,13,14
5,1001,source_premigration,1202945,M,9,HG_A,234,13,22,14,11,13,28,12,9,14,16,12,12
5,1001,source_premigration,1202949,M,9,HG_D,91,16,19,18,14,9,32,11,14,16,12,14,9
5,1001,source_premigration,1202960,M,9,HG_B,302,13,24,17,10,11,31,11,12,15,12,9,10
5,1001,source_premigration,1202969,M,9,HG_A,237,13,25,15,10,12,30,14,11,14,16,10,12
5,1001,source_premigration,1202970,M,9,HG_A,237,13,25,15,10,12,30,14,11,14,16,10,12
5,1001,source_premigration,1202974,M,9,HG_C,493,13,24,11,14,13,28,16,10,11,15,13,15
5,1001,source_premigration,1202976,M,9,HG_A,121,13,24,13,11,13,28,13,11,14,16,13,12
5,1001,source_premigration,1202980,M,9,HG_B,168,12,25,17,11,12,31,12,12,16,15,9,11
5,1001,source_premigration,1202983,M,9,HG_D,238,15,22,19,13,11,32,13,13,17,13,14,10
5,1001,source_premigration,1202989,M,9,HG_E,330,12,28,13,11,18,27,14,13,11,17,11,14
5,1001,source_premigration,1202999,M,9,HG_B,33,13,26,16,10,12,29,9,11,16,13,9,11
5,1001,source_premigration,1203001,M,9,HG_A,121,13,24,13,11,13,28,13,11,14,16,13,12
5,1001,source_premigration,1203002,M,9,HG_A,121,13,24,13,11,13,28,13,11,14,16,13,12
5,1001,source_premigration,1203010,M,9,HG_D,394,15,20,18,14,12,32,11,14,18,12,14,10
5,1001,source_premigration,1203025,M,9,HG_A,228,13,25,13,10,14,31,12,11,13,14,12,11
5,1001,source_premigration,1203026,M,9,HG_A,228,13,25,13,10,14,31,12,11,13,14,12,11
5,1001,source_premigration,1203031,M,9,HG_D,303,15,18,17,13,12,33,13,11,16,12,14,8
5,1001,source_premigration,1203035,M,9,HG_A,121,13,24,13,11,13,28,13,11,14,16,13,12
5,1001,source_premigration,1203037,M,9,HG_E,330,12,28,13,11,18,27,14,13,11,17,11,14
5,1001,source_premigration,1203039,M,9,HG_D,94,16,20,18,12,10,34,11,14,18,12,15,9
5,1001,source_premigration,1203041,M,9,HG_E,330,12,28,13,11,18,27,14,13,11,17,11,14
5,1001,source_premigration,1203043,M,9,HG_B,302,13,24,17,10,11,31,11,12,15,13,9,10
5,1001,source_premigration,1203053,M,9,HG_E,255,11,26,12,9,17,26,14,15,13,19,12,15
5,1001,source_premigration,1203056,M,9,HG_E,255,11,26,12,9,17,26,14,12,14,19,12,15
5,1001,source_premigration,1203069,M,9,HG_B,126,13,26,15,10,11,31,11,12,17,13,9,12
5,1001,source_premigration,1203086,M,9,HG_A,121,13,24,13,11,13,28,13,11,14,16,13,12
5,1001,source_premigration,1203091,M,9,HG_B,168,12,25,17,11,12,31,11,12,16,15,9,11
5,1001,source_premigration,1203095,M,9,HG_B,168,12,25,17,11,12,31,12,12,16,15,9,11
5,1001,source_premigration,1203101,M,9,HG_A,234,13,22,15,11,13,28,12,9,14,16,12,11
5,1001,source_premigration,1203102,M,9,HG_C,244,11,21,12,15,14,25,14,11,9,16,13,14
5,1001,source_premigration,1203106,M,9,HG_C,244,11,21,12,15,14,25,14,11,9,16,13,14
5,1001,source_premigration,1203107,M,9,HG_D,410,13,18,18,13,11,34,11,12,17,13,13,11
5,1001,source_premigration,1203111,M,9,HG_C,244,12,21,12,15,14,25,14,11,9,16,13,14
5,1001,source_premigration,1203130,M,9,HG_B,26,12,25,16,11,12,29,12,12,16,13,12,11
5,1001,source_premigration,1203134,M,9,HG_B,126,13,26,15,10,11,31,11,11,17,13,9,12
5,1001,source_premigration,1203148,M,9,HG_B,26,12,25,16,11,12,29,12,11,16,13,12,11
5,1001,source_premigration,1203149,M,9,HG_B,302,13,24,17,10,11,31,11,12,15,12,9,10
5,1001,source_premigration,1203150,M,9,HG_B,302,13,24,17,10,11,31,11,12,15,12,9,10
5,1001,source_premigration,1203152,M,9,HG_B,302,13,24,17,10,11,31,11,12,15,12,9,10
5,1001,source_premigration,1203158,M,9,HG_B,227,12,24,16,11,14,31,11,13,15,14,10,10
5,1001,source_premigration,1203169,M,9,HG_E,330,12,28,12,11,18,27,14,13,11,17,11,14
5,1001,source_premigration,1203174,M,9,HG_B,33,13,26,16,10,12,29,9,11,16,13,9,11
5,1001,source_premigration,1203175,M,9,HG_D,94,16,20,18,12,10,34,11,14,18,12,15,9
5,1001,source_premigration,1203187,M,9,HG_E,255,11,26,12,9,17,26,14,12,13,19,12,15
5,1001,source_premigration,1203192,M,9,HG_E,255,11,26,12,9,17,26,14,12,13,19,12,15
5,1001,source_premigration,1203198,M,9,HG_C,299,13,20,12,13,14,27,13,10,11,15,13,15
5,1001,source_premigration,1203202,M,9,HG_E,74,11,28,13,11,15,26,15,14,13,19,12,15
5,1001,source_premigration,1203214,M,9,HG_C,475,15,22,10,13,15,26,14,10,9,17,15,13
5,1001,source_premigration,1203217,M,9,HG_C,244,12,21,12,15,14,25,14,11,9,16,13,14
5,1001,source_premigration,1203220,M,9,HG_C,244,12,21,12,15,14,25,14,11,9,16,13,14
5,1001,source_premigration,1203221,M,9,HG_C,244,12,21,12,15,14,25,14,11,9,16,13,14
5,1001,source_premigration,1203224,M,9,HG_D,303,15,18,16,13,10,33,13,11,16,12,14,8
5,1001,source_premigration,1203225,M,9,HG_D,303,15,18,16,13,10,33,13,11,16,12,14,8
5,1001,source_premigration,1203229,M,9,HG_A,121,13,24,13,11,13,28,13,11,14,16,13,12
5,1001,source_premigration,1203230,M,9,HG_C,244,12,21,12,15,14,25,14,11,9,16,13,14
5,1001,source_premigration,1203231,M,9,HG_C,244,12,21,12,15,14,25,14,11,9,16,13,14
5,1001,source_premigration,1203235,M,9,HG_B,126,13,26,14,10,11,32,11,11,17,13,9,12
5,1001,source_premigration,1203245,M,9,HG_E,330,12,28,13,11,18,27,14,13,11,17,11,14
5,1001,source_premigration,1203255,M,9,HG_A,301,12,25,15,11,12,28,14,11,14,15,12,11
5,1001,source_premigration,1203261,M,9,HG_D,303,15,18,16,13,10,33,13,11,16,12,14,8
5,1001,source_premigration,1203262,M,9,HG_B,198,12,26,16,10,12,30,12,12,15,14,10,11
5,1001,source_premigration,1203265,M,9,HG_B,198,12,26,16,10,12,30,12,12,15,14,10,11
5,1001,source_premigration,1203266,M,9,HG_B,198,12,26,16,10,12,30,12,12,15,14,10,11
5,1001,source_premigration,1203270,M,9,HG_B,26,12,25,16,11,12,29,13,12,16,13,12,11
5,1001,source_premigration,1203278,M,9,HG_B,302,13,24,17,10,11,31,11,12,15,12,9,10
5,1001,source_premigration,1203281,M,9,HG_B,302,13,24,17,10,11,31,11,12,15,12,9,10
5,1001,source_premigration,1203289,M,9,HG_D,303,15,18,17,13,10,33,13,11,16,12,14,8
5,1001,source_premigration,1203293,M,9,HG_A,343,13,23,14,11,14,29,14,12,15,14,13,11
5,1001,source_premigration,1203295,M,9,HG_B,291,12,23,17,9,13,32,12,12,15,15,10,11
5,1001,source_premigration,1203302,M,9,HG_A,121,13,24,13,11,13,28,13,11,14,16,13,12
5,1001,source_premigration,1203306,M,9,HG_C,244,12,21,12,15,14,25,13,11,9,16,13,14
5,1001,source_premigration,1203307,M,9,HG_C,244,12,21,12,15,14,25,13,11,9,16,13,14
5,1001,source_premigration,1203310,M,9,HG_C,244,12,21,12,15,14,25,13,11,9,16,13,14
5,1001,source_premigration,1203329,M,9,HG_C,493,13,24,11,14,13,28,16,10,11,15,13,15
5,1001,source_premigration,1203332,M,9,HG_A,121,13,23,13,11,13,28,13,11,14,16,13,12
5,1001,source_premigration,1203337,M,9,HG_E,330,12,28,13,11,18,27,14,13,11,17,11,14
5,1001,source_premigration,1203355,M,9,HG_E,330,12,28,13,11,18,27,14,13,11,18,11,14
5,1001,source_premigration,1203360,M,9,HG_D,91,16,19,18,14,9,32,11,14,16,12,14,9
5,1001,source_premigration,1203368,M,9,HG_B,302,13,24,17,10,11,31,11,12,15,13,9,10
5,1001,source_premigration,1203373,M,9,HG_D,109,15,21,21,13,9,33,13,12,17,14,14,9
5,1001,source_premigration,1203380,M,9,HG_A,98,13,22,14,11,13,30,13,10,14,14,12,12
5,1001,source_premigration,1203382,M,9,HG_C,20,15,23,12,14,13,27,14,10,10,16,12,12
5,1001,source_premigration,1203394,M,9,HG_C,244,12,21,12,15,14,25,13,11,9,16,13,14
5,1001,source_premigration,1203409,M,9,HG_A,125,13,25,16,12,13,29,15,12,12,15,14,12
5,1001,source_premigration,1203414,M,9,HG_C,244,12,21,12,15,14,25,15,11,9,16,13,14
5,1001,source_premigration,1203419,M,9,HG_C,244,12,21,12,15,14,25,15,11,9,16,13,14
5,1001,source_premigration,1203425,M,9,HG_B,227,12,24,16,11,14,31,11,13,15,14,10,10
5,1001,source_premigration,1203426,M,9,HG_B,227,12,24,16,11,14,31,11,13,15,14,10,10
5,1001,source_premigration,1203433,M,9,HG_A,125,13,25,16,12,13,29,15,12,12,15,14,12
5,1001,source_premigration,1203441,M,9,HG_D,303,15,18,17,13,12,33,13,11,16,12,14,8
5,1001,source_premigration,1203443,M,9,HG_D,129,14,21,18,13,11,32,11,12,17,11,12,8
5,1001,source_premigration,1203448,M,9,HG_A,98,13,22,14,11,13,30,13,10,14,14,12,12
5,1001,source_premigration,1203452,M,9,HG_C,493,13,24,11,14,13,28,16,10,11,15,13,15
5,1001,source_premigration,1203453,M,9,HG_C,493,13,24,11,14,13,28,16,10,11,15,13,15
5,1001,source_premigration,1203456,M,9,HG_B,483,11,25,15,11,12,31,13,12,16,15,9,11
5,1001,source_premigration,1203469,M,9,HG_D,238,15,22,19,13,11,32,13,13,17,13,14,10
5,1001,source_premigration,1203470,M,9,HG_D,238,15,22,19,13,11,32,13,13,17,13,14,10
5,1001,source_premigration,1203473,M,9,HG_B,291,12,24,17,9,13,32,12,12,15,15,10,11
5,1001,source_premigration,1203477,M,9,HG_C,475,15,22,10,13,15,25,13,10,9,17,15,13
5,1001,source_premigration,1203479,M,9,HG_D,303,15,19,16,13,10,32,13,11,16,12,14,8
5,1001,source_premigration,1203486,M,9,HG_E,120,11,27,11,9,14,27,14,14,12,19,11,15
5,1001,source_premigration,1203502,M,9,HG_A,237,13,25,15,10,12,30,14,11,14,16,10,12
5,1001,source_premigration,1203517,M,9,HG_B,26,12,25,16,11,12,29,12,12,16,13,12,11
5,1001,source_premigration,1203521,M,9,HG_A,121,13,24,13,11,13,28,13,11,14,16,13,12
5,1001,source_premigration,1203522,M,9,HG_A,121,13,24,13,11,13,28,13,11,14,16,13,12
5,1001,source_premigration,1203525,M,8,HG_E,255,11,26,12,9,17,26,14,14,13,19,12,15
5,1001,source_premigration,1203530,M,8,HG_B,198,12,26,16,10,12,30,12,12,15,14,10,11
5,1001,source_premigration,1203532,M,8,HG_B,198,12,26,16,10,12,30,12,12,15,14,10,11
5,1001,source_premigration,1203536,M,8,HG_A,125,13,25,16,12,13,29,15,12,12,15,14,12
5,1001,source_premigration,1203544,M,8,HG_A,234,13,22,15,11,13,28,12,9,14,16,12,11
5,1001,source_premigration,1203546,M,8,HG_A,234,13,22,15,11,13,28,12,9,14,16,12,11
5,1001,source_premigration,1203548,M,8,HG_B,302,13,24,17,10,11,31,11,12,15,13,9,10
5,1001,source_premigration,1203552,M,8,HG_B,291,12,24,17,9,12,32,12,13,15,15,10,11
5,1001,source_premigration,1203566,M,8,HG_E,255,11,26,12,9,17,26,14,14,13,19,12,15
5,1001,source_premigration,1203567,M,8,HG_E,255,11,26,12,9,17,26,14,14,13,19,12,15
5,1001,source_premigration,1203577,M,8,HG_A,98,13,22,14,11,13,30,13,10,14,14,12,12
5,1001,source_premigration,1203580,M,8,HG_E,330,12,28,12,11,18,27,14,13,11,17,11,14
5,1001,source_premigration,1203585,M,8,HG_D,303,15,18,17,13,12,33,13,11,16,12,14,8
5,1001,source_premigration,1203586,M,8,HG_D,303,15,18,17,13,12,33,13,11,16,12,14,8
5,1001,source_premigration,1203592,M,8,HG_B,126,13,26,15,10,11,32,11,11,17,13,9,12
5,1001,source_premigration,1203600,M,8,HG_B,291,12,24,17,9,13,32,12,12,15,15,10,11
5,1001,source_premigration,1203605,M,8,HG_B,314,13,24,17,12,12,32,10,12,15,14,10,11
5,1001,source_premigration,1203606,M,8,HG_B,314,13,24,17,12,12,32,10,12,15,14,10,11
5,1001,source_premigration,1203608,M,8,HG_B,126,12,26,15,10,11,31,12,11,17,13,9,12
5,1001,source_premigration,1203615,M,8,HG_D,303,15,18,17,13,12,33,13,11,16,12,14,8
5,1001,source_premigration,1203620,M,8,HG_D,129,14,21,18,13,11,32,11,12,17,12,12,8
5,1001,source_premigration,1203637,M,8,HG_E,255,11,26,12,9,17,26,14,12,13,19,12,15
5,1001,source_premigration,1203651,M,8,HG_C,475,15,22,10,13,15,26,13,10,9,17,15,13
5,1001,source_premigration,1203654,M,8,HG_E,330,12,28,13,11,19,27,13,13,11,17,11,14
5,1001,source_premigration,1203655,M,8,HG_D,303,15,18,17,13,12,33,13,11,16,12,14,8
5,1001,source_premigration,1203656,M,8,HG_D,303,15,18,17,13,12,33,13,11,16,12,14,8
5,1001,source_premigration,1203658,M,8,HG_D,303,15,18,17,13,12,33,13,11,16,12,14,8
5,1001,source_premigration,1203660,M,8,HG_C,244,13,21,12,15,14,25,13,11,9,16,13,14
5,1001,source_premigration,1203664,M,8,HG_E,255,11,26,12,9,17,26,14,15,13,19,12,15
5,1001,source_premigration,1203665,M,8,HG_D,245,14,19,18,15,10,32,13,13,16,11,15,10
5,1001,source_premigration,1203678,M,8,HG_B,26,12,25,16,11,12,29,12,12,16,13,12,11
5,1001,source_premigration,1203692,M,8,HG_A,234,13,22,15,11,13,28,12,9,14,16,12,11
5,1001,source_premigration,1203698,M,8,HG_E,330,12,28,13,11,18,27,14,13,11,17,11,14
5,1001,source_premigration,1203702,M,8,HG_E,409,12,27,13,9,17,24,13,15,11,19,10,15
5,1001,source_premigration,1203703,M,8,HG_D,249,14,19,17,12,12,34,11,13,17,11,13,10
5,1001,source_premigration,1203723,M,8,HG_C,244,12,21,12,15,14,25,14,11,9,16,13,14
5,1001,source_premigration,1203725,M,8,HG_E,255,11,26,12,9,17,26,14,13,13,19,12,15
5,1001,source_premigration,1203731,M,8,HG_D,394,15,20,18,14,12,32,11,14,18,12,14,10
5,1001,source_premigration,1203737,M,8,HG_E,255,11,26,12,9,17,26,14,13,13,19,12,15
5,1001,source_premigration,1203746,M,8,HG_B,33,13,26,16,10,12,29,10,11,16,13,9,11
5,1001,source_premigration,1203750,M,8,HG_D,245,14,19,18,15,10,34,14,13,16,11,15,10
5,1001,source_premigration,1203753,M,8,HG_D,245,14,19,18,15,10,34,14,13,16,11,15,10
5,1001,source_premigration,1203768,M,8,HG_D,238,15,22,18,13,11,32,13,13,17,13,14,10
5,1001,source_premigration,1203774,M,8,HG_A,121,13,24,13,11,13,28,13,11,14,16,13,12
5,1001,source_premigration,1203783,M,8,HG_A,237,13,25,15,10,12,30,14,11,14,16,10,12
5,1001,source_premigration,1203788,M,8,HG_C,244,12,21,12,15,15,25,14,11,9,16,13,14
5,1001,source_premigration,1203793,M,8,HG_E,330,12,29,13,11,18,27,14,13,11,17,11,14
5,1001,source_premigration,1203795,M,8,HG_B,126,13,26,15,10,11,31,12,11,17,13,9,12
5,1001,source_premigration,1203798,M,8,HG_E,330,12,28,13,11,18,27,14,13,11,17,11,14
5,1001,source_premigration,1203803,M,8,HG_C,475,15,22,10,13,15,26,14,10,9,17,15,13
5,1001,source_premigration,1203804,M,8,HG_E,120,12,27,12,9,14,27,14,14,12,19,11,15
5,1001,source_premigration,1203815,M,8,HG_A,121,13,24,13,11,13,28,13,11,14,16,13,12
5,1001,source_premigration,1203817,M,8,HG_C,493,13,24,11,14,13,28,16,10,11,15,13,15
5,1001,source_premigration,1203818,M,8,HG_C,493,13,24,11,14,13,28,16,10,11,15,13,15
5,1001,source_premigration,1203819,M,8,HG_C,493,13,24,11,14,13,28,16,10,11,15,13,15
5,1001,source_premigration,1203821,M,8,HG_E,255,11,26,12,9,17,26,14,12,14,19,12,15
5,1001,source_premigration,1203824,M,8,HG_C,244,11,21,12,15,14,25,14,11,9,16,13,14
5,1001,source_premigration,1203833,M,8,HG_C,475,15,22,10,13,15,26,14,10,9,17,15,13
5,1001,source_premigration,1203834,M,8,HG_D,303,15,18,17,13,12,33,13,11,16,12,14,8
5,1001,source_premigration,1203836,M,8,HG_B,26,12,25,16,11,12,29,12,12,16,13,12,11
5,1001,source_premigration,1203846,M,8,HG_B,126,13,26,15,10,11,31,11,12,17,13,9,12
5,1001,source_premigration,1203847,M,8,HG_B,126,13,26,15,10,11,31,11,12,17,13,9,12
5,1001,source_premigration,1203858,M,8,HG_E,255,11,26,12,9,17,26,14,12,13,19,12,15
5,1001,source_premigration,1203859,M,8,HG_E,255,11,26,12,9,17,26,14,12,13,19,12,15
5,1001,source_premigration,1203870,M,8,HG_D,238,15,22,18,13,11,32,13,13,17,13,14,10
5,1001,source_premigration,1203876,M,8,HG_D,303,15,18,16,13,10,33,13,11,16,12,14,8
5,1001,source_premigration,1203882,M,8,HG_B,302,13,24,17,10,11,31,11,12,15,13,9,10
5,1001,source_premigration,1203884,M,8,HG_E,330,12,28,12,11,18,27,14,13,11,17,11,14
5,1001,source_premigration,1203888,M,8,HG_A,301,12,25,15,11,12,28,14,11,14,15,12,11
5,1001,source_premigration,1203894,M,8,HG_C,475,15,22,11,13,15,26,13,10,9,17,15,13
5,1001,source_premigration,1203902,M,8,HG_E,255,11,26,12,9,17,27,14,12,13,19,12,15
5,1001,source_premigration,1203905,M,8,HG_E,255,11,26,12,9,17,27,14,12,13,19,12,15
5,1001,source_premigration,1203909,M,8,HG_A,312,15,25,15,12,13,28,12,11,14,13,13,12
5,1001,source_premigration,1203921,M,8,HG_A,312,15,25,15,12,13,28,12,11,14,13,13,12
5,1001,source_premigration,1203922,M,8,HG_A,312,15,25,15,12,13,28,12,11,14,13,13,12
5,1001,source_premigration,1203923,M,8,HG_A,312,15,25,15,12,13,28,12,11,14,13,13,12
5,1001,source_premigration,1203937,M,8,HG_B,26,12,25,16,11,12,29,12,12,16,13,12,11
5,1001,source_premigration,1203944,M,8,HG_C,329,15,21,12,15,14,28,16,11,12,14,12,13
5,1001,source_premigration,1203947,M,8,HG_B,26,12,25,16,11,12,29,12,12,16,13,12,11
5,1001,source_premigration,1203948,M,8,HG_B,26,12,25,16,11,12,29,12,12,16,13,12,11
5,1001,source_premigration,1203955,M,8,HG_D,303,15,18,17,13,12,33,13,11,16,12,14,8
5,1001,source_premigration,1203960,M,8,HG_C,493,13,24,11,14,13,28,16,10,11,15,13,15
5,1001,source_premigration,1203963,M,8,HG_D,245,14,19,18,15,10,32,13,13,16,11,15,10
5,1001,source_premigration,1203964,M,8,HG_D,245,14,19,18,15,10,32,13,13,16,11,15,10
5,1001,source_premigration,1203970,M,8,HG_D,249,14,19,17,12,12,34,11,13,17,11,13,10
5,1001,source_premigration,1203971,M,8,HG_D,249,14,19,17,12,12,34,11,13,17,11,13,10
5,1001,source_premigration,1203972,M,8,HG_D,249,14,19,17,12,12,34,11,13,17,11,13,10
5,1001,source_premigration,1203973,M,8,HG_A,98,13,22,14,11,13,30,13,10,14,14,12,12
5,1001,source_premigration,1203989,M,8,HG_A,121,13,24,13,11,13,27,13,11,14,16,13,12
5,1001,source_premigration,1203995,M,8,HG_D,303,15,18,17,13,12,33,13,11,16,12,14,8
5,1001,source_premigration,1203998,M,8,HG_A,228,12,25,13,10,13,31,12,11,13,14,12,11
5,1001,source_premigration,1203999,M,8,HG_A,125,13,25,16,12,13,29,15,11,12,15,14,12
5,1001,source_premigration,1204004,M,8,HG_E,74,10,29,13,9,15,26,15,14,13,19,12,15
5,1001,source_premigration,1204008,M,8,HG_C,244,11,21,12,15,14,25,14,11,9,16,13,14
5,1001,source_premigration,1204011,M,8,HG_E,330,12,28,13,11,18,27,14,13,11,17,11,14
5,1001,source_premigration,1204020,M,8,HG_C,244,11,21,12,15,14,25,14,11,9,16,13,14
5,1001,source_premigration,1204024,M,8,HG_B,198,12,26,16,10,12,30,12,12,15,14,10,11
5,1001,source_premigration,1204026,M,8,HG_C,20,15,23,12,14,13,27,14,10,10,16,12,12
5,1001,source_premigration,1204028,M,8,HG_E,74,10,28,13,9,15,26,16,14,14,20,12,15
5,1001,source_premigration,1204036,M,8,HG_C,244,12,21,12,15,14,25,13,11,9,16,13,14
5,1001,source_premigration,1204040,M,8,HG_D,109,15,21,21,13,10,33,13,13,17,14,14,9
5,1001,source_premigration,1204041,M,8,HG_D,109,15,21,21,13,10,33,13,13,17,14,14,9
5,1001,source_premigration,1204053,M,8,HG_D,238,15,22,18,13,11,32,13,13,17,13,14,10
5,1001,source_premigration,1204054,M,8,HG_D,238,15,22,18,13,11,32,13,13,17,13,14,10
5,1001,source_premigration,1204055,M,8,HG_D,245,14,19,18,15,10,32,13,13,16,11,15,10
5,1001,source_premigration,1204060,M,8,HG_D,303,15,18,17,13,12,33,13,11,16,12,14,8
5,1001,source_premigration,1204063,M,8,HG_D,303,15,18,17,13,12,33,13,11,16,12,14,8
5,1001,source_premigration,1204064,M,8,HG_C,475,15,22,10,13,15,25,13,10,9,17,15,13
5,1001,source_premigration,1204065,M,8,HG_C,475,15,22,10,13,15,25,13,10,9,17,15,13
5,1001,source_premigration,1204083,M,8,HG_D,303,15,18,17,13,12,33,13,11,16,12,14,8
5,1001,source_premigration,1204096,M,8,HG_A,98,12,22,14,11,13,30,13,10,14,14,12,12
5,1001,source_premigration,1204098,M,8,HG_A,98,12,22,14,11,13,30,13,10,14,14,12,12
5,1001,source_premigration,1204101,M,8,HG_C,244,12,21,12,15,14,25,14,11,9,16,13,14
5,1001,source_premigration,1204108,M,8,HG_B,198,12,26,16,10,12,30,12,12,15,14,10,11
5,1001,source_premigration,1204109,M,8,HG_B,198,12,26,16,10,12,30,12,12,15,14,10,11
5,1001,source_premigration,1204115,M,8,HG_D,303,15,18,17,13,12,33,13,11,16,12,14,8
5,1001,source_premigration,1204119,M,8,HG_B,302,13,24,17,10,11,31,11,12,15,12,9,10
5,1001,source_premigration,1204129,M,8,HG_B,291,12,24,17,9,13,32,12,12,15,15,10,11
5,1001,source_premigration,1204144,M,8,HG_A,98,13,23,14,11,13,30,13,10,14,14,12,12
5,1001,source_premigration,1204146,M,8,HG_D,238,15,22,18,13,11,32,13,13,17,13,14,10
5,1001,source_premigration,1204154,M,8,HG_A,228,12,25,13,10,13,31,12,11,13,14,12,11
5,1001,source_premigration,1204159,M,8,HG_B,302,13,24,17,10,11,31,11,12,15,13,9,10
5,1001,source_premigration,1204160,M,8,HG_B,302,13,24,17,10,11,31,11,12,15,13,9,10
5,1001,source_premigration,1204171,M,8,HG_A,98,13,22,14,11,13,30,13,10,14,14,12,12
5,1001,source_premigration,1204176,M,8,HG_E,330,12,28,13,11,19,27,14,13,11,17,11,14
5,1001,source_premigration,1204179,M,8,HG_A,234,13,22,15,11,13,28,12,9,14,16,12,11
5,1001,source_premigration,1204189,M,8,HG_E,330,12,28,13,11,18,27,14,13,11,17,11,14
5,1001,source_premigration,1204191,M,8,HG_E,330,12,28,13,11,18,27,14,13,11,17,11,14
5,1001,source_premigration,1204193,M,8,HG_D,65,15,18,17,13,11,33,10,13,17,11,14,9
5,1001,source_premigration,1204205,M,8,HG_B,444,12,25,16,9,13,32,12,14,15,14,10,11
5,1001,source_premigration,1204208,M,8,HG_D,238,15,22,18,13,11,32,13,13,17,13,14,10
5,1001,source_premigration,1204214,M,8,HG_B,168,12,25,17,11,12,31,11,12,16,15,9,11
5,1001,source_premigration,1204217,M,8,HG_D,245,14,19,18,15,10,32,13,13,16,11,15,10
5,1001,source_premigration,1204222,M,8,HG_D,65,15,18,17,13,11,33,11,13,17,11,14,9
5,1001,source_premigration,1204224,M,8,HG_A,343,13,23,14,11,14,29,14,12,15,14,13,11
5,1001,source_premigration,1204225,M,8,HG_A,121,13,24,13,11,13,28,13,11,14,16,13,12
5,1001,source_premigration,1204226,M,8,HG_A,121,13,24,13,11,13,28,13,11,14,16,13,12
5,1001,source_premigration,1204229,M,8,HG_C,244,12,21,12,15,14,25,14,11,9,16,13,14
5,1001,source_premigration,1204238,M,8,HG_C,475,15,22,10,13,15,26,13,10,9,17,15,13
5,1001,source_premigration,1204239,M,8,HG_C,475,15,22,10,13,15,26,13,10,9,17,15,13
5,1001,source_premigration,1204240,M,8,HG_C,244,12,21,12,15,14,25,13,11,9,16,13,14
5,1001,source_premigration,1204246,M,8,HG_C,475,15,22,10,13,15,26,13,10,9,17,15,13
5,1001,source_premigration,1204250,M,8,HG_D,109,15,21,21,13,10,33,13,13,17,14,14,9
5,1001,source_premigration,1204252,M,8,HG_D,109,15,21,21,13,10,33,13,13,17,14,14,9
5,1001,source_premigration,1204253,M,8,HG_D,109,15,21,21,13,10,33,13,13,17,14,14,9
5,1001,source_premigration,1204260,M,8,HG_C,493,13,24,11,14,13,28,16,10,11,15,13,15
5,1001,source_premigration,1204267,M,8,HG_A,234,13,22,15,11,13,28,12,9,14,16,12,11
5,1001,source_premigration,1204285,M,8,HG_A,121,13,24,13,11,13,28,13,11,14,16,13,12
5,1001,source_premigration,1204287,M,8,HG_A,121,13,24,13,11,13,28,13,11,14,16,13,12
5,1001,source_premigration,1204288,M,8,HG_A,121,13,24,13,11,13,28,13,11,14,16,13,12
5,1001,source_premigration,1204293,M,8,HG_A,312,15,25,15,12,13,28,12,11,14,13,13,12
5,1001,source_premigration,1204300,M,8,HG_C,475,15,22,10,13,15,26,13,10,9,17,15,13
5,1001,source_premigration,1204303,M,8,HG_C,475,15,22,10,13,15,26,13,10,9,17,15,13
5,1001,source_premigration,1204307,M,8,HG_A,125,13,24,16,12,13,29,14,12,12,15,14,12
5,1001,source_premigration,1204321,M,8,HG_C,329,15,21,12,15,14,28,16,11,12,14,12,13
5,1001,source_premigration,1204324,M,8,HG_A,98,13,23,14,11,13,30,13,10,14,14,12,12
5,1001,source_premigration,1204325,M,8,HG_A,98,13,23,14,11,13,30,13,10,14,14,12,12
5,1001,source_premigration,1204334,M,8,HG_C,244,12,21,12,15,14,25,13,11,9,16,13,14
5,1001,source_premigration,1204335,M,8,HG_C,244,12,21,12,15,14,25,13,11,9,16,13,14
5,1001,source_premigration,1204341,M,8,HG_C,493,13,24,11,14,13,28,16,10,11,15,13,15
5,1001,source_premigration,1204343,M,8,HG_B,291,12,23,17,9,13,32,12,12,15,15,10,11
5,1001,source_premigration,1204345,M,8,HG_E,330,12,28,13,11,19,27,14,14,11,17,11,14
5,1001,source_premigration,1204346,M,8,HG_C,493,13,24,11,14,13,28,16,10,11,15,13,15
5,1001,source_premigration,1204348,M,8,HG_C,493,13,24,11,14,13,28,16,10,11,15,13,15
5,1001,source_premigration,1204349,M,8,HG_C,493,13,24,11,14,13,28,16,10,11,15,13,15
5,1001,source_premigration,1204356,M,8,HG_A,312,15,25,14,12,13,30,12,11,14,13,13,12
5,1001,source_premigration,1204367,M,8,HG_D,303,15,18,16,13,10,33,13,11,16,12,14,8
5,1001,source_premigration,1204371,M,8,HG_B,168,12,25,17,11,12,31,11,12,16,15,9,11
5,1001,source_premigration,1204372,M,8,HG_B,168,12,25,17,11,12,31,11,12,16,15,9,11
5,1001,source_premigration,1204379,M,8,HG_C,475,15,22,10,13,15,26,14,10,9,17,15,13
5,1001,source_premigration,1204386,M,8,HG_B,26,12,25,16,11,12,29,12,12,16,13,12,11
5,1001,source_premigration,1204388,M,8,HG_B,291,12,24,17,9,13,32,12,12,15,15,10,11
5,1001,source_premigration,1204392,M,8,HG_C,493,13,24,11,14,13,28,16,10,11,15,13,15
5,1001,source_premigration,1204398,M,8,HG_D,238,15,22,19,13,11,32,13,13,17,13,14,10
5,1001,source_premigration,1204400,M,8,HG_D,238,15,22,19,13,11,32,13,13,17,13,14,10
5,1001,source_premigration,1204408,M,8,HG_D,249,15,20,17,12,12,34,11,13,17,11,12,10
5,1001,source_premigration,1204409,M,8,HG_C,493,13,24,11,14,13,28,16,10,11,15,13,15
5,1001,source_premigration,1204415,M,8,HG_C,329,14,21,12,15,14,28,16,11,12,14,12,13
5,1001,source_premigration,1204417,M,8,HG_A,234,13,22,15,11,13,28,12,9,14,16,12,11
5,1001,source_premigration,1204420,M,8,HG_A,121,13,24,13,11,13,28,13,11,14,16,13,12
5,1001,source_premigration,1204426,M,8,HG_C,244,12,21,12,15,14,25,14,11,9,16,13,14
5,1001,source_premigration,1204435,M,8,HG_B,168,12,25,17,11,12,31,12,12,16,15,9,11
5,1001,source_premigration,1204440,M,8,HG_D,303,15,18,17,13,12,33,13,11,16,12,14,8
5,1001,source_premigration,1204444,M,8,HG_D,303,15,18,17,13,12,33,13,11,16,12,14,8
5,1001,source_premigration,1204448,M,8,HG_E,255,11,26,12,9,17,26,14,12,13,19,12,15
5,1001,source_premigration,1204451,M,8,HG_B,126,13,26,15,10,11,32,11,11,17,13,9,12
5,1001,source_premigration,1204453,M,8,HG_A,125,13,25,16,12,13,29,15,12,12,15,14,12
5,1001,source_premigration,1204457,M,8,HG_E,255,11,26,12,9,17,27,14,12,13,19,12,15
5,1001,source_premigration,1204458,M,8,HG_D,238,15,22,18,13,11,32,13,13,17,13,14,10
5,1001,source_premigration,1204459,M,8,HG_D,238,15,22,18,13,11,32,13,13,17,13,14,10
5,1001,source_premigration,1204461,M,8,HG_D,238,15,22,18,13,11,32,13,13,17,13,14,10
5,1001,source_premigration,1204462,M,8,HG_A,121,13,24,13,11,13,28,13,11,14,16,13,12
5,1001,source_premigration,1204463,M,8,HG_A,121,13,24,13,11,13,28,13,11,14,16,13,12
5,1001,source_premigration,1204475,M,8,HG_B,33,13,26,16,10,12,29,9,11,16,13,9,11
5,1001,source_premigration,1204480,M,8,HG_A,125,13,25,16,12,13,29,15,12,12,15,14,12
5,1001,source_premigration,1204486,M,8,HG_A,343,13,23,14,11,14,29,14,12,15,14,13,11
5,1001,source_premigration,1204503,M,8,HG_C,493,13,24,11,14,13,28,16,10,11,15,13,15
5,1001,source_premigration,1204511,M,8,HG_A,121,13,24,13,11,13,28,13,11,14,16,13,12
5,1001,source_premigration,1204517,M,8,HG_D,245,14,19,18,15,10,32,13,13,16,11,15,10
5,1001,source_premigration,1204521,M,8,HG_C,244,12,21,12,15,14,25,14,11,9,16,13,14
5,1001,source_premigration,1204531,M,8,HG_B,302,13,24,17,10,11,31,11,12,15,12,9,10
5,1001,source_premigration,1204536,M,8,HG_D,303,15,19,16,13,10,33,13,11,16,12,14,8
5,1001,source_premigration,1204540,M,8,HG_D,94,16,20,18,12,10,34,11,14,18,12,15,9
5,1001,source_premigration,1204547,M,8,HG_A,343,13,23,14,11,14,30,14,12,15,14,13,11
5,1001,source_premigration,1204554,M,8,HG_A,234,13,23,15,11,13,28,12,9,14,16,12,11
5,1001,source_premigration,1204556,M,8,HG_C,244,11,21,12,15,14,25,14,11,9,16,13,14
5,1001,source_premigration,1204560,M,8,HG_B,26,12,25,16,11,12,29,12,12,16,13,12,11
5,1001,source_premigration,1204565,M,8,HG_E,330,12,28,13,11,18,27,14,13,11,17,11,14
5,1001,source_premigration,1204566,M,8,HG_E,330,12,28,13,11,19,27,14,13,11,17,11,14
5,1001,source_premigration,1204574,M,8,HG_D,238,15,22,18,13,11,32,13,13,17,13,14,10
5,1001,source_premigration,1204577,M,8,HG_D,303,15,18,17,13,10,33,13,11,16,12,14,8
5,1001,source_premigration,1204578,M,8,HG_D,303,15,18,17,13,10,33,13,11,16,12,14,8
5,1001,source_premigration,1204579,M,8,HG_B,291,12,24,17,9,13,32,12,12,15,15,10,11
5,1001,source_premigration,1204585,M,8,HG_E,255,11,26,12,9,17,26,14,12,13,19,12,15
5,1001,source_premigration,1204586,M,8,HG_E,255,11,26,12,9,17,26,14,12,13,19,12,15
5,1001,source_premigration,1204592,M,8,HG_C,475,15,22,10,13,15,26,14,10,9,17,15,13
5,1001,source_premigration,1204595,M,8,HG_D,91,16,19,18,14,9,32,11,14,16,12,14,9
5,1001,source_premigration,1204602,M,8,HG_D,249,15,21,17,12,12,34,11,13,17,11,12,10
5,1001,source_premigration,1204614,M,8,HG_C,432,15,22,12,14,15,27,15,9,10,16,14,15
5,1001,source_premigration,1204617,M,8,HG_A,125,13,25,16,12,13,29,15,12,12,15,14,12
5,1001,source_premigration,1204618,M,8,HG_A,125,13,25,16,12,13,29,15,12,12,15,14,12
5,1001,source_premigration,1204622,M,8,HG_A,301,12,24,15,12,12,28,14,11,15,15,12,11
5,1001,source_premigration,1204624,M,8,HG_C,244,13,21,12,15,14,25,13,11,9,16,13,14
5,1001,source_premigration,1204627,M,8,HG_C,244,12,21,12,15,14,25,13,11,9,16,13,14
5,1001,source_premigration,1204633,M,8,HG_A,125,13,25,16,12,13,29,15,11,12,15,14,12
5,1001,source_premigration,1204642,M,8,HG_E,270,10,28,14,10,15,26,14,14,13,18,11,15
5,1001,source_premigration,1204650,M,8,HG_C,493,13,24,11,14,13,28,16,10,11,15,13,15
5,1001,source_premigration,1204652,M,8,HG_C,244,11,21,12,15,14,25,14,11,9,16,13,14
5,1001,source_premigration,1204678,M,8,HG_A,234,13,23,15,11,13,28,12,9,14,16,12,11
5,1001,source_premigration,1204684,M,8,HG_B,302,13,24,17,10,11,31,11,12,15,13,9,10
5,1001,source_premigration,1204706,M,8,HG_E,330,12,28,13,11,18,27,14,13,11,17,11,14
5,1001,source_premigration,1204720,M,8,HG_B,483,11,25,15,11,12,31,13,12,16,15,9,11
5,1001,source_premigration,1204726,M,8,HG_E,120,11,27,11,9,14,27,14,14,12,19,11,15
5,1001,source_premigration,1204730,M,8,HG_D,94,16,20,18,12,10,34,11,14,18,12,15,9
5,1001,source_premigration,1204740,M,8,HG_C,475,15,22,10,13,15,26,13,10,9,17,15,13
5,1001,source_premigration,1204742,M,8,HG_C,475,15,22,10,13,15,26,13,10,9,17,15,13
5,1001,source_premigration,1204744,M,8,HG_B,302,13,24,17,10,11,31,11,12,15,13,9,10
5,1001,source_premigration,1204750,M,8,HG_A,121,13,24,13,11,13,28,13,11,14,16,13,12
5,1001,source_premigration,1204753,M,8,HG_E,74,11,28,13,9,15,26,15,14,13,19,12,15
5,1001,source_premigration,1204754,M,8,HG_C,244,12,21,12,15,14,25,14,11,9,16,13,14
5,1001,source_premigration,1204756,M,8,HG_C,244,12,21,12,15,14,25,14,11,9,16,13,14
5,1001,source_premigration,1204759,M,8,HG_E,255,11,26,12,9,17,26,13,14,13,19,12,15
5,1001,source_premigration,1204762,M,8,HG_A,121,13,24,13,11,13,28,13,11,14,16,13,12
5,1001,source_premigration,1204763,M,8,HG_A,121,13,24,13,11,13,28,13,11,14,16,13,12
5,1001,source_premigration,1204768,M,8,HG_A,234,13,23,15,11,13,29,12,9,14,16,12,11
5,1001,source_premigration,1204776,M,7,HG_C,493,13,24,11,14,13,28,16,10,11,15,13,15
5,1001,source_premigration,1204777,M,7,HG_C,244,12,21,12,15,14,25,15,11,9,16,13,14
5,1001,source_premigration,1204778,M,7,HG_C,244,12,21,12,15,14,25,15,11,9,16,13,14
5,1001,source_premigration,1204783,M,7,HG_B,444,12,25,16,9,13,32,12,14,15,14,10,11
5,1001,source_premigration,1204789,M,7,HG_A,121,13,24,13,11,13,28,13,11,14,16,13,12
5,1001,source_premigration,1204790,M,7,HG_A,121,13,24,13,11,13,28,13,11,14,16,13,12
5,1001,source_premigration,1204792,M,7,HG_E,409,12,27,13,9,17,24,13,15,11,19,10,15
5,1001,source_premigration,1204794,M,7,HG_E,409,12,27,13,9,17,24,13,15,11,19,10,15
5,1001,source_premigration,1204803,M,7,HG_A,234,13,23,15,11,13,28,12,9,14,16,12,11
5,1001,source_premigration,1204804,M,7,HG_A,234,13,23,15,11,13,28,12,9,14,16,12,11
5,1001,source_premigration,1204807,M,7,HG_C,244,12,21,12,15,14,25,13,11,9,16,13,14
5,1001,source_premigration,1204821,M,7,HG_C,244,12,21,12,15,14,25,13,11,9,16,13,14
5,1001,source_premigration,1204836,M,7,HG_C,244,12,21,12,15,14,25,15,11,9,16,13,14
5,1001,source_premigration,1204846,M,7,HG_B,302,13,24,17,10,11,31,11,12,15,13,9,10
5,1001,source_premigration,1204859,M,7,HG_C,493,13,24,11,14,13,28,16,10,11,15,13,15
5,1001,source_premigration,1204866,M,7,HG_A,98,13,23,14,11,13,30,13,10,14,14,12,12
5,1001,source_premigration,1204868,M,7,HG_A,121,13,24,13,11,13,28,13,11,14,16,13,12
5,1001,source_premigration,1204869,M,7,HG_A,121,13,24,13,11,13,28,13,11,14,16,13,12
5,1001,source_premigration,1204871,M,7,HG_B,126,13,26,15,10,11,32,11,11,17,13,9,12
5,1001,source_premigration,1204881,M,7,HG_D,249,15,20,17,12,12,34,11,13,17,11,12,10
5,1001,source_premigration,1204892,M,7,HG_E,120,12,27,12,9,14,27,14,14,12,19,11,15
5,1001,source_premigration,1204896,M,7,HG_C,329,15,21,12,15,14,28,16,11,12,14,12,13
5,1001,source_premigration,1204899,M,7,HG_E,255,11,26,12,9,17,26,14,12,13,19,12,15
5,1001,source_premigration,1204904,M,7,HG_A,121,13,24,13,11,13,28,13,11,14,16,13,12
5,1001,source_premigration,1204905,M,7,HG_A,121,13,24,13,11,13,28,13,11,14,16,13,12
5,1001,source_premigration,1204906,M,7,HG_A,121,13,24,13,11,13,28,13,11,14,16,13,12
5,1001,source_premigration,1204908,M,7,HG_C,244,12,21,12,15,14,25,14,11,9,16,13,14
5,1001,source_premigration,1204910,M,7,HG_D,238,15,22,18,13,11,32,13,13,17,13,14,10
5,1001,source_premigration,1204914,M,7,HG_B,26,12,25,16,11,12,29,12,12,16,13,12,11
5,1001,source_premigration,1204915,M,7,HG_B,26,12,25,16,11,12,29,12,12,16,13,12,11
5,1001,source_premigration,1204918,M,7,HG_D,238,15,22,18,13,11,32,13,13,17,13,14,10
5,1001,source_premigration,1204919,M,7,HG_D,238,15,22,18,13,11,32,13,13,17,13,14,10
5,1001,source_premigration,1204929,M,7,HG_A,301,12,25,15,11,12,28,14,11,14,15,12,11
5,1001,source_premigration,1204932,M,7,HG_D,109,15,21,21,13,10,33,13,13,17,14,14,9
5,1001,source_premigration,1204933,M,7,HG_D,109,15,21,21,13,10,33,13,13,17,14,14,9
5,1001,source_premigration,1204945,M,7,HG_E,120,11,27,11,9,14,27,14,14,12,19,11,15
5,1001,source_premigration,1204953,M,7,HG_B,483,11,25,15,11,12,31,13,12,16,15,9,11
5,1001,source_premigration,1204958,M,7,HG_D,303,15,18,17,13,10,33,13,11,16,12,14,8
5,1001,source_premigration,1204960,M,7,HG_C,493,13,24,11,14,13,28,16,10,11,15,13,15
5,1001,source_premigration,1204978,M,7,HG_C,493,13,24,11,14,13,28,16,10,11,15,13,15
5,1001,source_premigration,1204979,M,7,HG_C,244,12,21,12,15,14,25,14,11,9,16,13,14
5,1001,source_premigration,1204987,M,7,HG_B,444,12,25,16,9,13,32,12,14,15,14,10,11
5,1001,source_premigration,1204994,M,7,HG_A,234,13,23,15,11,13,28,12,9,14,16,12,11
5,1001,source_premigration,1205003,M,7,HG_E,255,11,26,12,9,17,26,13,14,13,19,12,15
5,1001,source_premigration,1205004,M,7,HG_E,255,11,26,12,9,17,26,13,14,13,19,12,15
5,1001,source_premigration,1205007,M,7,HG_B,126,13,26,15,10,11,31,11,12,17,13,9,12
5,1001,source_premigration,1205009,M,7,HG_D,65,15,18,17,13,11,33,10,12,17,11,14,9
5,1001,source_premigration,1205010,M,7,HG_D,394,15,20,18,14,12,32,11,14,18,12,14,10
5,1001,source_premigration,1205011,M,7,HG_A,234,13,22,15,11,13,28,12,9,14,16,12,11
5,1001,source_premigration,1205013,M,7,HG_B,126,13,26,15,10,11,31,12,11,17,13,9,12
5,1001,source_premigration,1205018,M,7,HG_C,475,15,22,10,13,15,26,13,10,9,17,15,13
5,1001,source_premigration,1205022,M,7,HG_C,475,15,22,10,13,15,26,14,10,9,17,15,13
5,1001,source_premigration,1205023,M,7,HG_C,475,15,22,10,13,15,26,14,10,9,17,15,13
5,1001,source_premigration,1205029,M,7,HG_A,121,13,24,13,11,13,28,13,11,14,16,13,12
5,1001,source_premigration,1205031,M,7,HG_C,244,12,21,12,15,14,25,14,11,9,16,13,14
5,1001,source_premigration,1205036,M,7,HG_B,302,13,24,17,10,11,31,11,12,15,13,9,10
5,1001,source_premigration,1205039,M,7,HG_C,493,13,24,11,14,13,28,16,10,11,15,13,15
5,1001,source_premigration,1205041,M,7,HG_C,244,12,21,12,15,14,25,14,11,9,16,13,14
5,1001,source_premigration,1205042,M,7,HG_C,244,12,21,12,15,14,25,14,11,9,16,13,14
5,1001,source_premigration,1205044,M,7,HG_B,444,12,25,16,9,13,32,12,14,15,14,10,11
5,1001,source_premigration,1205045,M,7,HG_B,444,12,25,16,9,13,32,12,14,15,14,10,11
5,1001,source_premigration,1205046,M,7,HG_B,444,12,25,16,9,13,32,12,14,15,14,10,11
5,1001,source_premigration,1205047,M,7,HG_B,444,12,25,16,9,13,32,12,14,15,14,10,11
5,1001,source_premigration,1205048,M,7,HG_E,330,12,28,13,11,18,27,14,13,11,17,11,14
5,1001,source_premigration,1205068,M,7,HG_D,394,15,20,18,14,12,32,11,14,18,12,14,10
5,1001,source_premigration,1205080,M,7,HG_A,60,13,25,15,10,14,29,14,13,14,15,12,14
5,1001,source_premigration,1205082,M,7,HG_B,198,12,26,16,10,12,30,12,12,15,14,10,11
5,1001,source_premigration,1205083,M,7,HG_D,94,16,20,18,12,10,34,11,14,18,12,15,9
5,1001,source_premigration,1205096,M,7,HG_E,255,11,26,12,9,17,26,14,12,13,19,12,15
5,1001,source_premigration,1205102,M,7,HG_D,303,15,18,17,13,9,33,13,11,16,12,14,8
5,1001,source_premigration,1205105,M,7,HG_B,126,13,26,15,10,11,31,12,11,17,13,9,12
5,1001,source_premigration,1205107,M,7,HG_C,475,15,22,10,13,15,26,13,10,9,17,15,13
5,1001,source_premigration,1205117,M,7,HG_B,168,12,25,17,11,12,31,12,12,16,15,9,11
5,1001,source_premigration,1205119,M,7,HG_B,126,13,26,15,10,11,31,11,11,17,13,9,12
5,1001,source_premigration,1205122,M,7,HG_B,168,12,25,17,11,12,31,12,12,16,15,9,11
5,1001,source_premigration,1205124,M,7,HG_B,168,12,25,17,11,12,31,12,12,16,15,9,11
5,1001,source_premigration,1205127,M,7,HG_A,234,13,22,15,11,13,28,12,9,14,16,12,11
5,1001,source_premigration,1205128,M,7,HG_C,244,13,21,12,15,14,25,13,11,9,16,13,14
5,1001,source_premigration,1205133,M,7,HG_C,244,12,21,12,15,14,25,13,11,9,16,13,14
5,1001,source_premigration,1205148,M,7,HG_D,91,16,19,18,14,9,32,11,14,16,12,14,9
5,1001,source_premigration,1205149,M,7,HG_D,91,16,19,18,14,9,32,11,14,16,12,14,9
5,1001,source_premigration,1205150,M,7,HG_A,312,15,25,14,12,13,30,12,12,14,13,13,12
5,1001,source_premigration,1205158,M,7,HG_D,303,15,18,17,13,12,33,13,11,16,12,14,8
5,1001,source_premigration,1205159,M,7,HG_D,303,15,18,17,13,12,33,13,11,16,12,14,8
5,1001,source_premigration,1205161,M,7,HG_D,303,15,18,17,13,12,33,13,11,16,12,14,8
5,1001,source_premigration,1205166,M,7,HG_A,98,13,22,14,11,13,30,13,10,14,14,12,12
5,1001,source_premigration,1205167,M,7,HG_B,26,12,25,16,11,12,29,12,12,16,13,12,11
5,1001,source_premigration,1205188,M,7,HG_C,244,12,21,12,15,14,25,13,11,9,16,13,14
5,1001,source_premigration,1205190,M,7,HG_C,244,12,21,12,15,14,25,13,11,9,16,13,14
5,1001,source_premigration,1205194,M,7,HG_B,198,12,26,16,10,12,30,12,12,15,14,10,11
5,1001,source_premigration,1205199,M,7,HG_C,20,15,23,12,14,13,27,14,10,10,16,12,12
5,1001,source_premigration,1205201,M,7,HG_D,238,15,22,19,13,11,32,13,13,17,13,14,10
5,1001,source_premigration,1205203,M,7,HG_D,238,15,22,19,13,11,32,13,13,17,13,14,10
5,1001,source_premigration,1205206,M,7,HG_E,330,12,28,13,11,18,27,14,13,11,17,11,14
5,1001,source_premigration,1205210,M,7,HG_C,493,13,24,11,14,13,28,16,10,11,15,13,15
5,1001,source_premigration,1205215,M,7,HG_D,91,16,19,18,14,9,32,11,14,16,12,14,9
5,1001,source_premigration,1205216,M,7,HG_D,91,16,19,18,14,9,32,11,14,16,12,14,9
5,1001,source_premigration,1205221,M,7,HG_D,303,15,18,17,13,12,33,13,11,16,12,14,8
5,1001,source_premigration,1205222,M,7,HG_D,303,15,18,17,13,12,33,13,11,16,12,14,8
5,1001,source_premigration,1205227,M,7,HG_C,475,15,22,10,13,15,26,13,10,9,17,15,13
5,1001,source_premigration,1205233,M,7,HG_E,330,12,28,13,11,18,27,14,13,11,17,11,14
5,1001,source_premigration,1205242,M,7,HG_E,330,12,28,13,11,18,27,14,13,11,17,11,14
5,1001,source_premigration,1205244,M,7,HG_E,330,12,28,13,11,18,27,14,13,11,16,11,14
5,1001,source_premigration,1205251,M,7,HG_A,234,13,23,15,11,13,28,12,9,14,16,12,11
5,1001,source_premigration,1205254,M,7,HG_A,234,13,23,15,11,13,28,12,9,14,16,12,11
5,1001,source_premigration,1205256,M,7,HG_A,234,13,23,15,11,13,28,12,9,14,16,12,11
5,1001,source_premigration,1205265,M,7,HG_E,330,12,28,13,11,18,27,14,13,11,17,11,14
5,1001,source_premigration,1205267,M,7,HG_D,109,15,21,21,13,10,33,13,13,17,14,14,9
5,1001,source_premigration,1205272,M,7,HG_D,129,14,21,18,13,11,32,11,12,17,12,12,8
5,1001,source_premigration,1205276,M,7,HG_B,126,12,26,15,10,11,31,12,11,17,13,9,12
5,1001,source_premigration,1205278,M,7,HG_B,126,12,26,15,10,11,31,12,11,17,13,9,12
5,1001,source_premigration,1205283,M,7,HG_E,330,12,28,13,11,18,27,14,13,11,17,11,14
5,1001,source_premigration,1205286,M,7,HG_C,493,13,24,11,14,13,28,16,10,11,15,13,15
5,1001,source_premigration,1205289,M,7,HG_C,493,13,24,11,14,13,28,16,10,11,15,13,15
5,1001,source_premigration,1205304,M,7,HG_B,126,13,26,15,10,11,31,12,11,17,13,9,12
5,1001,source_premigration,1205306,M,7,HG_E,330,12,28,13,11,18,27,14,13,11,17,11,14
5,1001,source_premigration,1205312,M,7,HG_E,330,12,28,12,11,18,27,14,13,11,17,11,14
5,1001,source_premigration,1205314,M,7,HG_E,330,12,28,12,11,18,27,14,13,11,17,11,14
5,1001,source_premigration,1205325,M,7,HG_D,249,14,19,17,12,12,34,11,13,17,11,13,10
5,1001,source_premigration,1205328,M,7,HG_E,330,12,28,13,11,18,27,14,13,11,17,11,14
5,1001,source_premigration,1205341,M,7,HG_E,255,11,26,12,9,17,26,14,14,13,19,12,15
5,1001,source_premigration,1205344,M,7,HG_D,109,15,21,21,13,10,33,13,13,17,14,14,9
5,1001,source_premigration,1205347,M,7,HG_A,125,13,25,16,12,13,29,15,11,12,15,14,12
5,1001,source_premigration,1205351,M,7,HG_A,125,13,25,16,12,13,29,15,11,12,15,14,12
5,1001,source_premigration,1205364,M,7,HG_D,245,14,19,18,15,10,32,13,13,16,11,15,10
5,1001,source_premigration,1205365,M,7,HG_D,245,14,19,18,15,10,32,13,13,16,11,15,10
5,1001,source_premigration,1205370,M,7,HG_B,291,12,24,17,9,13,32,12,12,15,15,10,11
5,1001,source_premigration,1205377,M,7,HG_E,255,11,26,12,9,17,26,14,12,13,19,12,15
5,1001,source_premigration,1205380,M,7,HG_E,74,10,28,13,9,15,26,16,14,14,19,12,15
5,1001,source_premigration,1205396,M,7,HG_E,330,12,28,13,11,18,27,14,13,11,16,11,14
5,1001,source_premigration,1205400,M,7,HG_E,120,11,27,12,9,14,27,14,14,12,19,11,15
5,1001,source_premigration,1205402,M,7,HG_E,120,11,27,12,9,14,27,14,14,12,19,11,15
5,1001,source_premigration,1205404,M,7,HG_E,74,10,29,13,9,15,26,15,14,13,19,12,15
5,1001,source_premigration,1205407,M,7,HG_E,74,10,29,13,9,15,26,15,14,13,19,12,15
5,1001,source_premigration,1205408,M,7,HG_B,291,12,24,17,9,12,32,12,13,15,15,10,11
5,1001,source_premigration,1205412,M,7,HG_C,244,12,21,12,15,15,25,14,11,9,16,13,14
5,1001,source_premigration,1205420,M,7,HG_E,330,12,28,13,11,18,27,14,13,11,17,11,14
5,1001,source_premigration,1205421,M,7,HG_E,330,12,28,13,11,18,27,14,13,11,17,11,14
5,1001,source_premigration,1205422,M,7,HG_D,245,14,19,18,15,10,32,13,13,16,11,15,10
5,1001,source_premigration,1205437,M,7,HG_B,26,12,25,16,11,12,29,12,12,16,13,12,11
5,1001,source_premigration,1205439,M,7,HG_D,303,15,18,17,13,12,33,13,11,16,12,14,8
5,1001,source_premigration,1205441,M,7,HG_D,303,15,18,17,13,12,33,13,11,16,12,14,8
5,1001,source_premigration,1205444,M,7,HG_C,244,12,21,12,15,14,25,14,11,9,16,13,14
5,1001,source_premigration,1205448,M,7,HG_B,291,12,24,17,9,13,32,12,13,15,15,10,11
5,1001,source_premigration,1205451,M,7,HG_B,26,12,25,16,11,12,29,12,12,16,13,12,11
5,1001,source_premigration,1205452,M,7,HG_A,121,13,24,13,11,13,28,13,11,14,16,13,12
5,1001,source_premigration,1205461,M,7,HG_D,245,14,19,18,15,10,33,13,13,16,11,15,10
5,1001,source_premigration,1205467,M,7,HG_C,244,11,21,12,15,14,25,14,11,9,16,13,14
5,1001,source_premigration,1205472,M,7,HG_B,314,13,24,17,12,12,32,10,12,15,14,10,11
5,1001,source_premigration,1205478,M,7,HG_B,198,12,26,16,10,12,30,12,12,15,14,10,11
5,1001,source_premigration,1205480,M,7,HG_E,330,12,28,12,11,18,27,14,13,11,17,11,14
5,1001,source_premigration,1205483,M,7,HG_E,330,12,28,12,11,18,27,14,13,11,17,11,14
5,1001,source_premigration,1205485,M,7,HG_A,121,13,24,13,11,13,28,13,11,14,16,13,12
5,1001,source_premigration,1205492,M,7,HG_A,234,13,22,15,11,13,28,12,9,14,16,12,11
5,1001,source_premigration,1205494,M,7,HG_D,129,14,21,18,13,11,32,11,12,17,12,12,8
5,1001,source_premigration,1205495,M,7,HG_D,129,14,21,18,13,11,32,11,12,17,12,12,8
5,1001,source_premigration,1205496,M,7,HG_D,129,14,21,18,13,11,32,11,12,17,12,12,8
5,1001,source_premigration,1205499,M,7,HG_B,26,12,25,16,11,12,29,13,12,16,13,12,11
5,1001,source_premigration,1205501,M,7,HG_B,26,12,25,16,11,12,29,13,12,16,13,12,11
5,1001,source_premigration,1205504,M,7,HG_D,249,15,20,17,12,12,34,11,13,17,11,12,10
5,1001,source_premigration,1205505,M,7,HG_D,249,15,20,17,12,12,34,11,13,18,11,12,10
5,1001,source_premigration,1205506,M,7,HG_A,121,13,24,13,11,13,28,13,11,14,16,13,12
5,1001,source_premigration,1205527,M,7,HG_B,26,12,25,16,11,12,29,12,12,16,13,12,11
5,1001,source_premigration,1205541,M,7,HG_E,330,12,28,13,11,18,27,14,13,11,17,11,14
5,1001,source_premigration,1205543,M,7,HG_E,330,12,28,13,11,18,27,14,13,11,17,11,14
5,1001,source_premigration,1205545,M,7,HG_B,198,12,26,16,10,12,30,12,12,15,14,10,11
5,1001,source_premigration,1205546,M,7,HG_B,26,12,25,16,11,12,29,12,12,16,13,12,11
5,1001,source_premigration,1205549,M,7,HG_C,244,12,21,13,15,14,25,14,11,9,16,13,14
5,1001,source_premigration,1205552,M,7,HG_E,330,12,28,12,11,18,27,14,13,11,17,11,14
5,1001,source_premigration,1205559,M,7,HG_D,65,15,18,17,12,11,33,10,12,17,11,14,9
5,1001,source_premigration,1205562,M,7,HG_B,302,13,24,17,10,11,31,11,12,15,13,9,10
5,1001,source_premigration,1205563,M,7,HG_B,302,13,24,17,10,11,31,11,12,15,13,9,10
5,1001,source_premigration,1205568,M,7,HG_C,493,13,24,11,14,13,28,16,10,11,15,13,15
5,1001,source_premigration,1205571,M,7,HG_C,493,13,24,11,14,13,28,16,10,11,15,13,15
5,1001,source_premigration,1205573,M,7,HG_E,330,12,28,12,11,18,27,14,13,11,17,11,14
5,1001,source_premigration,1205578,M,7,HG_E,255,11,26,12,9,17,26,14,13,13,19,12,15
5,1001,source_premigration,1205582,M,7,HG_B,302,13,24,17,10,11,31,11,12,15,13,9,10
5,1001,source_premigration,1205585,M,7,HG_B,291,12,24,17,9,13,32,12,13,15,15,10,11
5,1001,source_premigration,1205588,M,7,HG_C,475,15,22,10,13,14,26,13,10,9,17,15,13
5,1001,source_premigration,1205600,M,7,HG_A,98,13,23,14,11,13,30,13,10,14,14,12,12
5,1001,source_premigration,1205601,M,7,HG_B,33,13,26,16,10,12,29,9,11,16,13,9,11
5,1001,source_premigration,1205602,M,7,HG_B,291,12,24,17,9,13,32,12,12,15,15,10,11
5,1001,source_premigration,1205603,M,7,HG_B,291,12,24,17,9,13,32,12,12,15,15,10,11
5,1001,source_premigration,1205607,M,7,HG_E,409,12,27,13,9,17,24,13,15,11,19,10,15
5,1001,source_premigration,1205610,M,7,HG_D,303,15,18,17,13,12,33,13,11,16,12,14,8
5,1001,source_premigration,1205611,M,7,HG_E,330,12,28,13,11,18,27,14,13,11,17,11,14
5,1001,source_premigration,1205612,M,7,HG_E,330,12,28,13,11,18,27,14,13,11,17,11,14
5,1001,source_premigration,1205615,M,7,HG_C,475,15,22,10,13,15,26,13,10,9,17,15,13
5,1001,source_premigration,1205617,M,7,HG_C,475,15,22,10,13,15,26,13,10,9,17,15,13
5,1001,source_premigration,1205618,M,7,HG_A,121,13,24,13,11,13,28,13,11,14,16,13,12
5,1001,source_premigration,1205623,M,7,HG_B,126,12,26,15,10,11,31,12,11,17,13,9,12
5,1001,source_premigration,1205625,M,7,HG_B,126,12,26,15,10,11,31,12,11,17,13,9,12
5,1001,source_premigration,1205627,M,7,HG_E,330,12,28,13,11,18,27,14,13,11,17,11,14
5,1001,source_premigration,1205629,M,7,HG_E,330,12,28,13,11,18,27,14,13,11,17,11,14
5,1001,source_premigration,1205638,M,7,HG_D,245,14,19,18,15,10,34,14,13,16,11,15,10
5,1001,source_premigration,1205639,M,7,HG_D,245,14,19,18,15,10,34,14,13,16,11,15,10
5,1001,source_premigration,1205644,M,7,HG_B,26,12,25,16,11,12,29,12,12,16,13,12,11
5,1001,source_premigration,1205648,M,7,HG_E,330,12,28,12,11,19,27,14,13,11,17,11,14
5,1001,source_premigration,1205649,M,7,HG_D,129,14,21,18,13,11,32,11,12,17,11,12,8
5,1001,source_premigration,1205650,M,7,HG_D,129,14,21,18,13,11,32,11,12,17,11,12,8
5,1001,source_premigration,1205655,M,7,HG_D,303,15,19,16,13,10,33,13,11,16,12,14,8
5,1001,source_premigration,1205656,M,7,HG_D,238,15,22,18,13,11,32,13,13,17,13,14,10
5,1001,source_premigration,1205658,M,7,HG_E,120,12,27,12,9,14,27,14,14,12,19,11,15
5,1001,source_premigration,1205664,M,7,HG_E,330,12,28,12,11,18,27,14,13,11,17,11,14
5,1001,source_premigration,1205670,M,7,HG_D,91,16,19,18,14,9,32,11,14,16,12,14,9
5,1001,source_premigration,1205671,M,7,HG_D,91,16,19,18,14,9,32,11,14,16,12,14,9
5,1001,source_premigration,1205673,M,7,HG_C,244,12,21,12,15,14,25,14,11,9,16,13,14
5,1001,source_premigration,1205674,M,7,HG_C,244,12,21,12,15,14,25,14,11,9,16,13,14
5,1001,source_premigration,1205688,M,7,HG_E,255,11,26,12,9,17,26,14,15,13,19,12,15
5,1001,source_premigration,1205689,M,7,HG_E,255,11,26,12,9,17,26,14,15,13,19,12,15
5,1001,source_premigration,1205690,M,7,HG_E,255,11,26,12,9,17,26,14,15,13,19,12,15
5,1001,source_premigration,1205691,M,7,HG_B,302,13,24,17,10,11,31,11,12,15,13,9,10
5,1001,source_premigration,1205696,M,7,HG_E,330,12,28,13,11,19,27,14,14,11,17,11,14
5,1001,source_premigration,1205704,M,7,HG_C,244,11,21,12,15,14,25,14,11,9,16,13,14
5,1001,source_premigration,1205707,M,7,HG_B,33,13,26,16,10,12,29,9,11,16,13,9,11
5,1001,source_premigration,1205711,M,7,HG_D,303,15,18,17,13,10,33,13,11,16,12,14,8
5,1001,source_premigration,1205728,M,7,HG_D,303,15,18,17,13,10,33,13,11,16,12,14,8
5,1001,source_premigration,1205733,M,7,HG_E,120,11,27,12,9,14,27,15,15,12,19,11,15
5,1001,source_premigration,1205742,M,7,HG_A,121,13,24,13,11,13,28,13,11,14,16,13,12
5,1001,source_premigration,1205748,M,7,HG_A,237,13,25,15,10,12,30,14,11,14,16,10,12
5,1001,source_premigration,1205749,M,7,HG_A,237,13,24,15,10,12,30,14,11,14,16,10,12
5,1001,source_premigration,1205756,M,7,HG_B,198,12,26,16,10,12,30,12,12,15,14,10,11
5,1001,source_premigration,1205763,M,7,HG_C,244,12,21,12,15,14,25,14,11,9,16,13,14
5,1001,source_premigration,1205770,M,7,HG_A,125,13,25,16,11,13,29,15,12,12,15,14,12
5,1001,source_premigration,1205773,M,7,HG_B,302,13,24,18,10,11,31,11,12,15,13,9,10
5,1001,source_premigration,1205780,M,7,HG_B,198,12,26,16,10,12,30,12,12,15,14,10,11
5,1001,source_premigration,1205782,M,7,HG_B,198,12,26,16,10,12,30,12,12,15,14,10,11
5,1001,source_premigration,1205784,M,7,HG_E,330,12,28,13,11,18,27,14,13,11,17,11,14
5,1001,source_premigration,1205791,M,7,HG_D,94,16,20,18,12,10,34,11,14,18,12,15,9
5,1001,source_premigration,1205800,M,7,HG_A,237,13,25,15,10,12,30,14,11,14,16,10,12
5,1001,source_premigration,1205805,M,7,HG_B,168,12,25,17,11,12,31,12,12,16,15,9,11
5,1001,source_premigration,1205809,M,7,HG_E,255,11,26,12,9,17,26,14,13,13,19,12,15
5,1001,source_premigration,1205810,M,7,HG_E,255,11,26,12,9,17,26,14,13,13,19,12,15
5,1001,source_premigration,1205819,M,7,HG_A,234,13,23,15,11,13,29,12,9,14,16,12,11
5,1001,source_premigration,1205821,M,7,HG_C,244,11,21,12,15,14,25,14,11,9,16,13,14
5,1001,source_premigration,1205822,M,7,HG_C,244,11,21,12,15,14,25,14,11,9,16,13,14
5,1001,source_premigration,1205823,M,7,HG_C,244,11,21,12,15,14,25,14,11,9,16,13,14
5,1001,source_premigration,1205824,M,7,HG_B,302,13,24,17,10,11,31,11,12,15,12,9,10
5,1001,source_premigration,1205830,M,7,HG_B,126,13,26,15,10,11,31,12,11,17,13,9,12
5,1001,source_premigration,1205836,M,7,HG_C,475,15,22,10,13,15,26,14,10,9,17,15,13
5,1001,source_premigration,1205837,M,7,HG_C,475,15,22,10,13,15,26,14,10,9,17,15,13
5,1001,source_premigration,1205841,M,7,HG_E,255,11,26,12,9,17,27,14,12,13,19,12,15
5,1001,source_premigration,1205846,M,7,HG_D,238,15,22,19,13,11,32,13,13,17,13,14,10
5,1001,source_premigration,1205856,M,7,HG_B,26,12,25,16,11,12,29,12,12,16,13,12,11
5,1001,source_premigration,1205860,M,7,HG_A,98,13,23,14,11,13,30,13,10,14,14,12,12
5,1001,source_premigration,1205862,M,7,HG_D,303,15,18,17,13,12,33,13,11,16,12,14,8
5,1001,source_premigration,1205866,M,7,HG_A,98,13,23,14,11,13,30,13,10,14,14,12,12
5,1001,source_premigration,1205867,M,7,HG_A,98,13,23,14,11,13,30,13,10,14,14,12,12
5,1001,source_premigration,1205874,M,7,HG_A,237,13,25,15,10,12,30,14,11,14,16,10,12
5,1001,source_premigration,1205877,M,7,HG_B,26,12,25,16,11,12,29,12,12,16,13,12,11
5,1001,source_premigration,1205885,M,7,HG_A,98,13,22,14,11,13,30,13,10,14,14,12,12
5,1001,source_premigration,1205892,M,7,HG_B,302,13,24,17,10,11,31,11,12,15,13,9,10
5,1001,source_premigration,1205893,M,7,HG_B,302,13,24,17,10,11,31,11,12,15,13,9,10
5,1001,source_premigration,1205903,M,7,HG_D,245,14,19,18,15,10,32,13,13,16,11,15,10
5,1001,source_premigration,1205905,M,7,HG_A,121,13,24,13,11,13,28,13,11,14,16,13,12
5,1001,source_premigration,1205907,M,7,HG_E,74,11,28,13,9,15,26,15,14,13,19,12,15
5,1001,source_premigration,1205912,M,7,HG_E,255,11,26,12,9,17,26,13,14,13,19,12,15
5,1001,source_premigration,1205914,M,7,HG_E,255,11,26,12,9,17,26,14,12,13,19,12,15
5,1001,source_premigration,1205916,M,7,HG_A,312,15,25,14,12,13,30,12,11,14,13,13,12
5,1001,source_premigration,1205918,M,7,HG_A,312,15,25,14,12,13,30,12,11,14,13,13,12
5,1001,source_premigration,1205932,M,7,HG_A,121,13,24,13,11,13,28,13,11,14,16,13,12
5,1001,source_premigration,1205934,M,7,HG_A,121,13,24,13,11,13,28,13,11,14,16,13,12
5,1001,source_premigration,1205942,M,7,HG_E,330,12,28,13,11,18,27,14,13,11,17,11,14
5,1001,source_premigration,1205944,M,7,HG_C,493,13,24,11,14,13,28,16,10,11,15,13,15
5,1001,source_premigration,1205951,M,7,HG_D,65,15,18,17,13,11,33,10,13,17,11,14,9
5,1001,source_premigration,1205957,M,7,HG_C,244,11,21,12,15,14,25,14,11,9,16,13,14
5,1001,source_premigration,1205958,M,7,HG_C,244,11,21,12,15,14,25,14,11,9,16,13,14
5,1001,source_premigration,1205968,M,7,HG_A,234,13,22,15,11,13,28,12,9,14,16,12,11
5,1001,source_premigration,1205984,M,7,HG_D,238,15,22,18,13,11,32,13,13,17,13,14,10
5,1001,source_premigration,1205994,M,7,HG_E,255,11,26,12,9,17,26,14,12,13,19,12,15
5,1001,source_premigration,1205996,M,7,HG_B,444,12,25,16,9,13,32,12,14,15,14,10,11
5,1001,source_premigration,1205997,M,7,HG_B,444,12,25,16,9,13,32,12,14,15,14,10,11
5,1001,source_premigration,1206000,M,7,HG_E,409,12,27,13,9,17,24,13,15,11,19,10,15
5,1001,source_premigration,1206004,M,7,HG_A,121,13,24,13,11,13,28,13,11,14,16,13,12
5,1001,source_premigration,1206015,M,7,HG_C,475,15,22,10,13,15,26,14,10,9,17,15,13
5,1001,source_premigration,1206021,M,7,HG_D,249,14,19,17,12,12,34,11,13,17,11,13,10
5,1001,source_premigration,1206022,M,7,HG_E,330,12,28,13,11,18,27,14,13,11,17,11,14
5,1001,source_premigration,1206023,M,7,HG_E,330,12,28,13,11,18,27,14,13,11,17,11,14
5,1001,source_premigration,1206026,M,7,HG_B,302,13,24,17,10,11,31,11,12,15,13,9,10
5,1001,source_premigration,1206028,M,7,HG_D,238,15,22,19,13,11,32,13,13,17,13,14,10
5,1001,source_premigration,1206032,M,7,HG_D,238,15,22,19,13,11,32,13,13,17,13,14,10
5,1001,source_premigration,1206033,M,7,HG_D,238,15,22,19,13,11,32,13,13,17,13,14,10
5,1001,source_premigration,1206034,M,7,HG_A,234,13,22,15,11,13,28,12,9,14,16,12,11
5,1001,source_premigration,1206036,M,7,HG_D,129,14,21,18,13,11,32,11,12,17,11,12,8
5,1001,source_premigration,1206044,M,7,HG_D,303,15,18,17,13,12,33,13,11,16,12,14,8
5,1001,source_premigration,1206045,M,7,HG_E,330,12,28,13,11,18,27,14,13,11,17,11,14
5,1001,source_premigration,1206055,M,7,HG_B,198,12,26,16,10,12,30,12,12,15,14,10,11
5,1001,source_premigration,1206056,M,7,HG_E,74,11,28,13,10,15,26,15,14,13,19,12,15
5,1001,source_premigration,1206069,M,6,HG_D,91,16,19,17,14,10,32,11,14,16,12,14,9
5,1001,source_premigration,1206071,M,6,HG_D,91,16,19,17,14,10,32,11,14,16,12,14,9
5,1001,source_premigration,1206080,M,6,HG_A,237,13,25,15,10,12,30,14,11,14,16,10,12
5,1001,source_premigration,1206083,M,6,HG_A,234,13,22,15,11,13,28,12,9,14,16,12,11
5,1001,source_premigration,1206086,M,6,HG_B,444,12,25,16,9,13,32,12,14,15,14,10,11
5,1001,source_premigration,1206088,M,6,HG_E,330,12,28,12,11,18,27,14,13,11,17,11,14
5,1001,source_premigration,1206091,M,6,HG_D,94,16,20,18,12,10,34,11,14,18,12,15,9
5,1001,source_premigration,1206100,M,6,HG_D,129,14,21,18,13,11,32,11,12,17,11,12,8
5,1001,source_premigration,1206101,M,6,HG_C,244,12,21,12,15,14,25,14,11,9,16,13,14
5,1001,source_premigration,1206103,M,6,HG_D,238,15,22,19,13,11,32,13,13,17,13,14,10
5,1001,source_premigration,1206105,M,6,HG_E,330,12,28,13,11,19,27,14,13,11,17,11,14
5,1001,source_premigration,1206107,M,6,HG_C,329,15,21,12,15,14,28,16,11,12,14,12,13
5,1001,source_premigration,1206119,M,6,HG_B,302,13,24,17,10,11,31,11,12,15,13,9,10
5,1001,source_premigration,1206123,M,6,HG_B,126,13,26,15,10,11,31,11,11,17,13,9,12
5,1001,source_premigration,1206126,M,6,HG_D,238,15,22,18,13,11,32,13,13,17,13,14,10
5,1001,source_premigration,1206130,M,6,HG_A,234,13,22,15,11,13,28,12,9,14,16,12,11
5,1001,source_premigration,1206136,M,6,HG_C,475,15,22,10,13,15,26,13,10,9,17,15,13
5,1001,source_premigration,1206138,M,6,HG_E,74,11,28,13,10,15,26,15,14,13,19,12,15
5,1001,source_premigration,1206141,M,6,HG_A,237,13,25,15,10,12,30,14,11,14,16,10,12
5,1001,source_premigration,1206151,M,6,HG_A,121,13,24,13,11,13,27,13,11,14,16,13,12
5,1001,source_premigration,1206153,M,6,HG_A,121,13,24,13,11,13,27,13,11,14,16,13,12
5,1001,source_premigration,1206158,M,6,HG_B,302,13,24,17,10,11,31,11,12,15,13,9,10
5,1001,source_premigration,1206159,M,6,HG_E,330,12,28,13,11,18,27,14,13,11,17,11,14
5,1001,source_premigration,1206166,M,6,HG_B,302,13,24,17,10,11,31,11,12,15,13,9,10
5,1001,source_premigration,1206167,M,6,HG_B,302,13,24,17,10,11,31,11,12,15,13,9,10
5,1001,source_premigration,1206173,M,6,HG_D,65,15,18,17,13,11,33,11,13,17,11,14,9
5,1001,source_premigration,1206190,M,6,HG_B,33,13,26,16,10,12,29,9,11,16,13,9,11
5,1001,source_premigration,1206197,M,6,HG_C,244,12,21,12,15,14,25,14,11,9,16,13,14
5,1001,source_premigration,1206198,M,6,HG_C,244,12,21,12,15,14,25,14,11,9,16,13,14
5,1001,source_premigration,1206203,M,6,HG_B,198,12,26,16,10,12,30,12,12,15,14,10,11
5,1001,source_premigration,1206205,M,6,HG_B,198,12,26,16,10,12,30,12,12,15,14,10,11
5,1001,source_premigration,1206211,M,6,HG_C,475,15,22,10,13,15,26,13,10,9,17,15,13
5,1001,source_premigration,1206212,M,6,HG_C,475,15,22,10,13,15,26,13,10,9,17,15,13
5,1001,source_premigration,1206218,M,6,HG_E,255,11,26,12,9,17,26,14,13,13,19,12,15
5,1001,source_premigration,1206220,M,6,HG_E,255,11,26,12,9,17,26,14,13,13,19,12,15
5,1001,source_premigration,1206224,M,6,HG_C,244,12,21,13,15,14,25,14,11,9,16,13,14
5,1001,source_premigration,1206233,M,6,HG_A,98,13,23,14,11,13,30,13,10,14,14,12,12
5,1001,source_premigration,1206240,M,6,HG_A,228,12,25,13,10,13,31,12,11,13,14,12,11
5,1001,source_premigration,1206243,M,6,HG_B,302,13,24,17,10,11,31,11,12,15,13,9,10
5,1001,source_premigration,1206247,M,6,HG_C,493,13,24,11,14,13,28,16,10,11,15,13,15
5,1001,source_premigration,1206256,M,6,HG_E,255,11,26,12,9,17,27,14,12,13,19,12,15
5,1001,source_premigration,1206257,M,6,HG_E,255,11,26,12,9,17,27,14,12,13,19,12,15
5,1001,source_premigration,1206258,M,6,HG_E,255,11,26,12,9,17,27,14,12,13,19,12,15
5,1001,source_premigration,1206260,M,6,HG_C,475,15,22,10,13,15,26,14,10,9,17,15,13
5,1001,source_premigration,1206264,M,6,HG_B,291,12,24,17,9,13,32,12,12,15,15,10,11
5,1001,source_premigration,1206266,M,6,HG_B,291,12,24,17,9,13,32,12,12,15,15,10,11
5,1001,source_premigration,1206272,M,6,HG_B,483,11,25,15,11,12,31,13,12,16,15,9,11
5,1001,source_premigration,1206275,M,6,HG_A,237,13,25,15,10,12,30,14,11,14,16,10,12
5,1001,source_premigration,1206287,M,6,HG_D,303,15,18,17,13,12,33,13,11,16,12,14,8
5,1001,source_premigration,1206290,M,6,HG_C,329,15,21,12,15,15,28,16,11,12,14,12,13
5,1001,source_premigration,1206297,M,6,HG_D,303,15,18,17,13,12,33,13,11,16,12,14,8
5,1001,source_premigration,1206300,M,6,HG_B,126,13,26,15,10,11,31,12,11,17,13,9,12
5,1001,source_premigration,1206302,M,6,HG_C,493,13,24,11,14,13,28,16,10,11,15,13,15
5,1001,source_premigration,1206310,M,6,HG_E,330,12,28,13,11,19,27,14,13,11,17,11,14
5,1001,source_premigration,1206315,M,6,HG_D,303,15,18,17,13,12,33,13,11,16,12,14,8
5,1001,source_premigration,1206318,M,6,HG_D,303,15,18,17,13,12,33,13,11,16,12,14,8
5,1001,source_premigration,1206324,M,6,HG_E,120,12,27,12,9,14,27,14,14,12,19,11,15
5,1001,source_premigration,1206325,M,6,HG_D,91,16,19,18,14,9,32,11,14,16,12,14,9
5,1001,source_premigration,1206329,M,6,HG_D,91,16,19,18,14,9,32,11,14,16,12,14,9
5,1001,source_premigration,1206331,M,6,HG_E,330,12,28,13,11,18,27,14,13,11,17,11,14
5,1001,source_premigration,1206337,M,6,HG_A,121,13,24,13,11,13,28,13,11,14,16,13,12
5,1001,source_premigration,1206338,M,6,HG_A,121,13,24,13,11,13,28,13,11,14,16,13,12
5,1001,source_premigration,1206340,M,6,HG_A,125,13,25,16,12,12,29,15,12,12,15,14,12
5,1001,source_premigration,1206345,M,6,HG_C,244,11,21,12,15,14,25,14,11,9,16,13,14
5,1001,source_premigration,1206348,M,6,HG_E,330,12,28,13,11,18,27,14,13,11,17,11,14
5,1001,source_premigration,1206349,M,6,HG_E,330,12,28,13,11,18,27,14,13,11,17,11,14
5,1001,source_premigration,1206350,M,6,HG_E,330,12,28,13,11,18,27,14,13,11,17,11,14
5,1001,source_premigration,1206355,M,6,HG_B,168,12,25,17,11,12,31,12,12,16,15,9,11
5,1001,source_premigration,1206356,M,6,HG_E,255,11,26,12,9,17,26,14,13,13,19,12,15
5,1001,source_premigration,1206366,M,6,HG_A,98,13,23,14,11,13,30,13,10,14,14,12,12
5,1001,source_premigration,1206374,M,6,HG_E,255,11,26,12,9,17,27,14,12,13,19,12,15
5,1001,source_premigration,1206377,M,6,HG_B,26,12,25,16,11,12,29,13,12,16,13,12,11
5,1001,source_premigration,1206378,M,6,HG_B,26,12,25,16,11,12,29,13,12,16,13,12,11
5,1001,source_premigration,1206379,M,6,HG_B,26,12,25,16,11,12,29,13,12,16,13,12,11
5,1001,source_premigration,1206398,M,6,HG_D,245,14,19,18,15,10,34,14,13,16,11,15,10
5,1001,source_premigration,1206399,M,6,HG_D,245,14,19,18,15,10,34,14,13,16,11,15,10
5,1001,source_premigration,1206401,M,6,HG_D,245,14,19,18,15,10,34,14,13,16,11,15,10
5,1001,source_premigration,1206403,M,6,HG_B,302,13,24,17,10,11,31,11,12,15,12,9,10
5,1001,source_premigration,1206414,M,6,HG_A,301,12,25,15,11,12,28,14,11,14,15,12,11
5,1001,source_premigration,1206416,M,6,HG_A,301,12,25,15,11,12,28,14,11,14,15,12,11
5,1001,source_premigration,1206433,M,6,HG_B,302,13,24,17,10,11,31,11,12,15,13,9,10
5,1001,source_premigration,1206434,M,6,HG_B,302,13,24,17,10,11,31,11,12,15,13,9,10
5,1001,source_premigration,1206437,M,6,HG_C,244,12,21,12,15,14,25,14,11,9,16,13,14
5,1001,source_premigration,1206438,M,6,HG_C,244,12,21,12,15,14,25,14,11,9,16,13,14
5,1001,source_premigration,1206449,M,6,HG_C,475,15,22,10,13,15,26,14,10,9,17,15,13
5,1001,source_premigration,1206453,M,6,HG_A,121,13,24,13,11,13,28,13,11,14,16,13,12
5,1001,source_premigration,1206454,M,6,HG_C,432,15,22,12,14,15,27,15,9,10,16,14,15
5,1001,source_premigration,1206458,M,6,HG_B,126,13,26,15,10,11,32,11,11,17,13,9,12
5,1001,source_premigration,1206462,M,6,HG_C,475,15,22,10,13,15,26,13,10,9,17,15,13
5,1001,source_premigration,1206465,M,6,HG_B,168,12,25,17,11,12,31,12,12,16,15,9,11
5,1001,source_premigration,1206473,M,6,HG_B,168,12,25,17,11,12,31,11,12,16,15,9,11
5,1001,source_premigration,1206477,M,6,HG_B,168,12,25,17,11,12,31,11,12,16,15,9,11
5,1001,source_premigration,1206478,M,6,HG_B,168,12,25,17,11,12,31,11,12,16,15,9,11
5,1001,source_premigration,1206487,M,6,HG_D,249,14,19,17,12,12,34,11,13,17,11,13,10
5,1001,source_premigration,1206488,M,6,HG_D,249,14,19,17,12,12,34,11,13,17,11,13,10
5,1001,source_premigration,1206493,M,6,HG_B,168,12,25,17,11,12,31,11,12,16,15,9,11
5,1001,source_premigration,1206499,M,6,HG_A,121,13,24,13,11,13,28,13,11,14,16,13,12
5,1001,source_premigration,1206506,M,6,HG_D,129,14,21,18,13,11,32,11,12,17,12,12,8
5,1001,source_premigration,1206511,M,6,HG_D,94,16,20,18,12,10,34,11,14,18,12,15,9
5,1001,source_premigration,1206512,M,6,HG_E,255,11,26,12,9,17,26,14,15,13,19,12,15
5,1001,source_premigration,1206516,M,6,HG_D,238,15,22,18,13,11,32,13,13,17,13,14,10
5,1001,source_premigration,1206519,M,6,HG_B,26,12,25,16,11,12,29,12,12,16,13,12,11
5,1001,source_premigration,1206525,M,6,HG_A,98,13,23,14,11,13,30,13,10,14,14,12,12
5,1001,source_premigration,1206527,M,6,HG_E,330,12,28,13,11,18,27,14,13,11,17,11,14
5,1001,source_premigration,1206528,M,6,HG_E,330,12,28,13,11,18,27,14,13,11,17,11,14
5,1001,source_premigration,1206532,M,6,HG_B,126,13,26,14,10,11,32,11,11,17,13,9,12
5,1001,source_premigration,1206533,M,6,HG_B,126,13,26,14,10,11,32,11,11,17,13,9,12
5,1001,source_premigration,1206536,M,6,HG_C,329,15,21,12,15,14,28,16,11,12,14,12,13
5,1001,source_premigration,1206537,M,6,HG_A,121,13,24,13,11,13,27,13,11,14,16,13,12
5,1001,source_premigration,1206543,M,6,HG_A,60,13,25,15,10,14,29,14,13,14,15,12,14
5,1001,source_premigration,1206545,M,6,HG_E,330,12,29,13,11,18,27,14,13,11,17,11,14
5,1001,source_premigration,1206549,M,6,HG_E,330,12,28,12,11,18,27,14,13,11,17,11,14
5,1001,source_premigration,1206550,M,6,HG_C,475,15,22,10,13,15,26,13,10,9,17,15,13
5,1001,source_premigration,1206551,M,6,HG_C,475,15,22,10,13,15,26,13,10,9,17,15,13
5,1001,source_premigration,1206554,M,6,HG_C,475,15,22,10,13,15,26,13,10,9,17,15,13
5,1001,source_premigration,1206558,M,6,HG_E,330,12,28,13,11,18,27,14,13,11,17,11,14
5,1001,source_premigration,1206564,M,6,HG_D,109,15,21,21,13,9,33,13,12,17,14,14,9
5,1001,source_premigration,1206567,M,6,HG_D,109,15,21,21,13,9,33,13,12,17,14,14,9
5,1001,source_premigration,1206568,M,6,HG_E,255,11,26,12,9,17,26,14,12,13,19,12,15
5,1001,source_premigration,1206572,M,6,HG_D,394,15,20,18,14,12,32,11,14,18,12,14,10
5,1001,source_premigration,1206579,M,6,HG_D,238,15,22,19,13,11,32,13,13,17,13,14,10
5,1001,source_premigration,1206580,M,6,HG_A,60,13,25,15,10,14,29,14,13,14,15,12,14
5,1001,source_premigration,1206581,M,6,HG_A,60,13,25,15,10,14,29,14,13,14,15,12,14
5,1001,source_premigration,1206591,M,6,HG_B,126,13,26,15,10,11,31,11,12,17,13,9,12
5,1001,source_premigration,1206595,M,6,HG_E,330,12,28,13,11,18,27,14,13,11,18,11,14
5,1001,source_premigration,1206599,M,6,HG_A,98,13,23,14,11,13,30,13,10,14,14,12,12
5,1001,source_premigration,1206606,M,6,HG_E,330,12,28,13,11,18,27,14,13,11,17,11,14
5,1001,source_premigration,1206610,M,6,HG_A,121,13,24,13,11,13,28,13,11,14,16,13,12
5,1001,source_premigration,1206612,M,6,HG_E,255,11,26,12,9,17,26,13,14,13,19,12,15
5,1001,source_premigration,1206629,M,6,HG_E,409,13,27,13,9,17,24,13,15,11,19,10,15
5,1001,source_premigration,1206633,M,6,HG_B,126,13,26,15,10,11,31,11,11,17,13,9,12
5,1001,source_premigration,1206635,M,6,HG_C,244,12,21,12,15,14,25,14,11,9,16,13,14
5,1001,source_premigration,1206644,M,6,HG_D,303,15,18,17,13,12,33,13,11,16,12,14,8
5,1001,source_premigration,1206646,M,6,HG_A,125,13,25,16,12,13,29,15,12,12,15,14,12
5,1001,source_premigration,1206647,M,6,HG_A,125,13,25,16,12,13,29,15,12,12,15,14,12
5,1001,source_premigration,1206649,M,6,HG_C,244,12,21,12,15,14,25,14,11,9,16,13,14
5,1001,source_premigration,1206652,M,6,HG_B,26,12,25,16,11,12,29,12,12,16,13,12,11
5,1001,source_premigration,1206664,M,6,HG_A,234,13,22,15,11,13,28,12,9,14,16,12,11
5,1001,source_premigration,1206668,M,6,HG_B,26,12,25,16,11,12,29,12,12,16,13,12,11
5,1001,source_premigration,1206671,M,6,HG_B,302,13,24,17,10,11,31,11,12,15,12,9,10
5,1001,source_premigration,1206674,M,6,HG_D,303,15,18,17,13,12,33,13,11,16,12,14,8
5,1001,source_premigration,1206677,M,6,HG_D,245,14,19,18,15,10,32,13,13,16,11,15,10
5,1001,source_premigration,1206680,M,6,HG_E,330,12,28,13,11,18,27,14,13,11,17,11,14
5,1001,source_premigration,1206684,M,6,HG_D,249,14,19,17,12,12,34,11,13,17,11,13,10
5,1001,source_premigration,1206685,M,6,HG_D,249,14,19,17,12,12,34,11,13,17,11,13,10
5,1001,source_premigration,1206686,M,6,HG_D,249,14,19,17,12,12,34,11,13,17,11,13,10
5,1001,source_premigration,1206688,M,6,HG_E,330,12,28,13,11,19,27,14,13,11,17,11,14
5,1001,source_premigration,1206690,M,6,HG_E,330,12,28,13,11,19,27,14,13,11,17,11,14
5,1001,source_premigration,1206694,M,6,HG_D,303,15,18,17,13,12,33,13,11,16,12,14,8
5,1001,source_premigration,1206712,M,6,HG_B,198,12,26,16,10,12,30,12,12,15,14,10,11
5,1001,source_premigration,1206720,M,6,HG_C,299,13,20,12,13,14,27,13,10,11,15,13,15
5,1001,source_premigration,1206735,M,6,HG_C,244,11,21,12,15,14,25,14,11,9,16,13,14
5,1001,source_premigration,1206739,M,6,HG_C,244,12,21,12,15,14,25,14,11,9,16,13,14
5,1001,source_premigration,1206747,M,6,HG_E,270,10,28,14,10,15,26,14,13,13,18,11,15
5,1001,source_premigration,1206755,M,6,HG_C,493,13,24,11,14,13,28,16,10,11,15,13,15
5,1001,source_premigration,1206762,M,6,HG_D,303,15,18,17,13,12,33,13,11,16,12,14,8
5,1001,source_premigration,1206769,M,6,HG_D,238,15,22,18,13,11,32,13,13,17,13,14,10
5,1001,source_premigration,1206777,M,6,HG_B,302,13,24,17,10,11,31,11,12,15,13,9,10
5,1001,source_premigration,1206778,M,6,HG_B,302,13,24,17,10,11,31,11,12,15,13,9,10
5,1001,source_premigration,1206791,M,6,HG_E,330,12,28,13,11,18,27,14,13,11,17,11,14
5,1001,source_premigration,1206798,M,6,HG_A,312,15,25,14,12,13,30,12,11,14,13,13,12
5,1001,source_premigration,1206800,M,6,HG_B,126,13,26,14,10,11,31,11,11,17,13,9,12
5,1001,source_premigration,1206801,M,6,HG_B,126,13,26,14,10,11,32,11,11,17,13,9,12
5,1001,source_premigration,1206804,M,6,HG_B,302,13,24,17,10,11,31,11,12,15,13,9,10
5,1001,source_premigration,1206821,M,6,HG_E,255,11,26,12,9,17,26,14,15,13,19,12,15
5,1001,source_premigration,1206826,M,6,HG_E,255,11,26,12,9,17,26,14,13,13,19,12,15
5,1001,source_premigration,1206827,M,6,HG_B,168,12,25,17,11,12,31,12,12,16,15,9,11
5,1001,source_premigration,1206828,M,6,HG_A,98,13,22,14,11,13,30,13,10,14,14,12,12
5,1001,source_premigration,1206830,M,6,HG_A,98,13,22,14,11,13,30,13,10,14,14,12,12
5,1001,source_premigration,1206832,M,6,HG_E,330,12,28,13,11,18,27,14,13,11,17,11,14
5,1001,source_premigration,1206836,M,6,HG_D,109,15,21,21,13,10,33,13,13,17,14,14,9
5,1001,source_premigration,1206838,M,6,HG_E,330,12,28,13,11,18,27,14,13,11,17,11,14
5,1001,source_premigration,1206841,M,6,HG_E,270,10,28,14,10,15,26,14,13,13,18,11,15
5,1001,source_premigration,1206842,M,6,HG_C,475,15,22,10,13,15,26,13,10,9,17,15,13
5,1001,source_premigration,1206843,M,6,HG_C,475,15,22,10,13,15,26,13,10,9,17,15,13
5,1001,source_premigration,1206849,M,6,HG_B,314,13,24,17,12,12,32,10,12,15,14,10,11
5,1001,source_premigration,1206850,M,6,HG_B,314,13,24,17,12,12,32,10,12,15,14,10,11
5,1001,source_premigration,1206857,M,6,HG_E,330,12,28,13,11,19,27,13,13,11,17,11,14
5,1001,source_premigration,1206863,M,6,HG_B,33,13,26,16,10,12,29,9,11,16,13,9,11
5,1001,source_premigration,1206870,M,6,HG_A,125,13,25,16,12,13,29,14,12,12,15,14,12
5,1001,source_premigration,1206886,M,6,HG_A,234,13,22,15,11,13,28,12,9,14,16,12,11
5,1001,source_premigration,1206892,M,6,HG_E,330,12,28,13,11,18,27,14,13,11,16,11,14
5,1001,source_premigration,1206895,M,6,HG_A,312,15,25,14,12,13,30,12,11,14,13,13,12
5,1001,source_premigration,1206897,M,6,HG_A,312,15,25,14,12,13,30,12,11,14,13,13,12
5,1001,source_premigration,1206898,M,6,HG_A,312,15,25,14,12,13,30,12,11,14,13,13,12
5,1001,source_premigration,1206899,M,6,HG_B,126,13,26,15,10,11,32,11,11,17,13,9,12
5,1001,source_premigration,1206902,M,6,HG_D,303,15,18,17,13,12,33,13,11,16,12,14,8
5,1001,source_premigration,1206904,M,6,HG_A,343,13,23,14,11,14,29,14,12,15,14,13,11
5,1001,source_premigration,1206913,M,6,HG_A,125,13,25,16,12,13,29,15,11,12,15,14,12
5,1001,source_premigration,1206918,M,6,HG_D,303,15,18,17,13,12,33,13,11,16,12,14,8
5,1001,source_premigration,1206919,M,6,HG_D,303,15,18,17,13,12,33,13,11,16,12,14,8
5,1001,source_premigration,1206920,M,6,HG_D,303,15,18,17,13,12,33,13,11,16,12,14,8
5,1001,source_premigration,1206922,M,6,HG_C,475,15,22,10,13,15,25,13,10,9,17,15,13
5,1001,source_premigration,1206926,M,6,HG_E,255,11,26,12,9,17,26,13,14,13,19,12,15
5,1001,source_premigration,1206928,M,6,HG_D,238,15,22,19,13,11,32,13,13,17,13,14,10
5,1001,source_premigration,1206931,M,6,HG_A,121,13,24,13,11,13,28,13,11,14,16,13,12
5,1001,source_premigration,1206935,M,6,HG_B,26,12,25,16,11,12,29,12,12,16,13,12,11
5,1001,source_premigration,1206938,M,6,HG_E,120,11,27,12,9,14,27,15,15,12,19,11,15
5,1001,source_premigration,1206942,M,6,HG_D,303,15,18,17,13,10,33,13,11,16,12,14,8
5,1001,source_premigration,1206946,M,6,HG_D,65,15,18,17,12,11,33,10,12,17,11,14,9
5,1001,source_premigration,1206948,M,6,HG_D,65,15,17,17,12,11,33,10,12,17,11,14,9
5,1001,source_premigration,1206949,M,6,HG_E,255,11,26,12,9,17,26,14,12,13,19,12,15
5,1001,source_premigration,1206950,M,6,HG_B,444,12,25,16,9,13,32,12,14,15,14,10,11
5,1001,source_premigration,1206952,M,6,HG_B,444,12,25,16,9,13,32,12,14,15,14,10,11
5,1001,source_premigration,1206973,M,6,HG_B,291,12,24,17,9,13,32,12,12,15,15,10,11
5,1001,source_premigration,1206976,M,6,HG_A,121,13,24,13,11,13,28,13,11,14,16,13,12
5,1001,source_premigration,1206983,M,6,HG_C,475,15,22,10,13,15,26,13,10,9,17,15,13
5,1001,source_premigration,1206986,M,6,HG_D,129,14,21,18,13,11,32,11,12,17,11,12,8
5,1001,source_premigration,1206987,M,6,HG_D,129,14,21,18,13,11,32,11,12,17,11,12,8
5,1001,source_premigration,1207014,M,6,HG_D,303,15,18,17,13,12,33,13,11,16,12,15,8
5,1001,source_premigration,1207015,M,6,HG_A,125,13,25,16,12,13,29,15,12,12,15,14,12
5,1001,source_premigration,1207033,M,6,HG_C,493,13,24,11,14,13,28,16,10,11,15,13,15
5,1001,source_premigration,1207045,M,6,HG_B,26,12,25,16,11,12,29,12,12,16,13,12,11
5,1001,source_premigration,1207050,M,6,HG_E,330,12,28,13,11,19,27,14,13,11,17,11,14
5,1001,source_premigration,1207051,M,6,HG_C,244,13,21,12,15,14,25,13,11,9,16,13,14
5,1001,source_premigration,1207052,M,6,HG_C,244,13,21,12,15,14,25,13,11,9,16,13,14
5,1001,source_premigration,1207053,M,6,HG_C,244,11,21,12,15,14,25,14,11,9,16,13,14
5,1001,source_premigration,1207059,M,6,HG_A,234,13,23,15,11,13,28,12,9,14,16,12,11
5,1001,source_premigration,1207060,M,6,HG_A,121,13,24,13,11,13,28,13,11,14,16,13,12
5,1001,source_premigration,1207061,M,6,HG_A,121,13,24,13,11,13,28,13,11,14,16,13,12
5,1001,source_premigration,1207066,M,6,HG_A,98,13,22,14,11,13,30,13,10,14,14,12,12
5,1001,source_premigration,1207068,M,6,HG_A,121,13,24,13,11,13,28,13,11,14,16,13,12
5,1001,source_premigration,1207070,M,6,HG_A,121,13,24,13,11,12,28,13,11,14,16,13,12
5,1001,source_premigration,1207073,M,6,HG_D,94,16,20,19,12,10,33,11,13,17,12,15,9
5,1001,source_premigration,1207076,M,6,HG_E,330,12,28,13,11,18,27,14,13,11,17,11,14
5,1001,source_premigration,1207079,M,6,HG_E,330,12,28,13,11,18,27,14,13,11,17,11,14
5,1001,source_premigration,1207082,M,6,HG_B,168,12,25,17,11,12,31,12,12,16,15,9,11
5,1001,source_premigration,1207084,M,6,HG_A,234,13,22,15,11,13,28,12,9,14,16,12,11
5,1001,source_premigration,1207087,M,6,HG_C,475,15,22,10,13,15,26,14,10,9,17,15,13
5,1001,source_premigration,1207096,M,6,HG_C,244,12,21,12,15,14,25,14,11,9,16,13,14
5,1001,source_premigration,1207101,M,6,HG_C,329,15,21,12,15,15,28,16,11,12,14,12,13
5,1001,source_premigration,1207110,M,6,HG_D,238,15,22,18,13,11,32,13,13,17,13,14,10
5,1001,source_premigration,1207113,M,6,HG_D,303,15,18,17,13,12,33,13,11,16,12,14,8
5,1001,source_premigration,1207116,M,6,HG_A,234,13,22,15,11,13,28,12,9,14,16,12,11
5,1001,source_premigration,1207122,M,6,HG_C,475,15,22,11,13,15,26,13,10,9,17,15,13
5,1001,source_premigration,1207124,M,6,HG_C,475,15,22,11,13,15,26,13,10,9,17,15,13
5,1001,source_premigration,1207130,M,6,HG_D,249,14,19,17,12,12,34,11,13,17,11,13,10
5,1001,source_premigration,1207138,M,6,HG_D,394,15,20,18,14,12,32,11,14,18,12,14,10
5,1001,source_premigration,1207139,M,6,HG_C,329,15,21,12,15,14,28,16,11,12,14,12,13
5,1001,source_premigration,1207146,M,6,HG_D,303,15,18,17,13,10,33,13,11,16,12,14,8
5,1001,source_premigration,1207148,M,6,HG_E,255,11,26,12,9,17,27,14,14,12,19,12,15
5,1001,source_premigration,1207152,M,6,HG_E,330,12,28,13,11,18,27,14,13,11,17,11,14
5,1001,source_premigration,1207157,M,6,HG_D,238,15,22,18,13,11,32,13,13,17,13,14,10
5,1001,source_premigration,1207158,M,6,HG_D,238,15,22,18,13,11,32,13,13,17,13,14,10
5,1001,source_premigration,1207165,M,6,HG_C,299,13,20,12,13,14,27,12,10,11,15,13,15
5,1001,source_premigration,1207166,M,6,HG_A,301,12,24,15,11,12,28,14,11,14,15,12,11
5,1001,source_premigration,1207167,M,6,HG_B,302,13,24,17,10,11,31,11,12,15,12,9,10
5,1001,source_premigration,1207172,M,6,HG_E,74,11,28,13,9,15,26,15,14,13,19,12,15
5,1001,source_premigration,1207182,M,6,HG_B,302,13,24,17,10,11,31,11,12,15,13,9,10
5,1001,source_premigration,1207186,M,6,HG_C,244,12,21,12,15,14,25,13,11,9,16,13,14
5,1001,source_premigration,1207189,M,6,HG_C,244,12,21,12,15,14,25,13,11,9,16,13,14
5,1001,source_premigration,1207190,M,6,HG_C,244,12,21,12,15,14,25,13,11,9,16,13,14
5,1001,source_premigration,1207195,M,6,HG_D,245,14,19,18,15,10,34,14,13,16,11,15,10
5,1001,source_premigration,1207197,M,6,HG_D,303,15,18,16,13,10,33,13,11,16,12,14,8
5,1001,source_premigration,1207204,M,6,HG_A,234,13,23,15,11,13,28,12,9,14,16,12,11
5,1001,source_premigration,1207217,M,6,HG_A,121,13,24,13,11,13,28,13,11,14,16,13,12
5,1001,source_premigration,1207219,M,6,HG_A,121,13,24,13,11,13,28,13,11,14,16,13,12
5,1001,source_premigration,1207223,M,6,HG_B,302,13,24,17,10,11,31,11,12,15,13,9,10
5,1001,source_premigration,1207224,M,6,HG_B,302,13,24,17,10,11,31,11,12,15,13,9,10
5,1001,source_premigration,1207231,M,6,HG_D,303,15,18,17,13,12,33,13,11,16,12,14,8
5,1001,source_premigration,1207237,M,6,HG_E,255,11,26,12,9,17,26,14,15,13,19,12,15
5,1001,source_premigration,1207238,M,6,HG_C,244,12,21,12,15,14,25,13,11,9,16,13,14
5,1001,source_premigration,1207241,M,6,HG_C,244,12,21,12,15,14,25,13,11,9,16,13,14
5,1001,source_premigration,1207246,M,6,HG_E,255,11,26,12,9,17,26,14,15,13,19,12,15
5,1001,source_premigration,1207247,M,6,HG_E,255,11,26,12,9,17,26,14,15,13,19,12,15
5,1001,source_premigration,1207255,M,6,HG_D,303,15,18,17,13,12,33,13,11,16,12,14,8
5,1001,source_premigration,1207265,M,6,HG_D,245,14,19,18,15,10,32,13,13,16,11,15,10
5,1001,source_premigration,1207279,M,6,HG_D,91,16,19,18,14,9,32,11,14,16,12,14,9
5,1001,source_premigration,1207283,M,6,HG_E,255,11,26,12,9,17,26,14,13,13,19,12,15
5,1001,source_premigration,1207295,M,6,HG_B,126,13,26,15,10,11,31,12,11,17,13,9,12
5,1001,source_premigration,1207297,M,6,HG_D,91,16,19,18,14,9,32,11,14,16,12,14,9
5,1001,source_premigration,1207300,M,6,HG_D,91,16,19,18,14,9,32,11,14,16,12,14,9
5,1001,source_premigration,1207302,M,6,HG_D,91,16,19,18,14,9,32,11,14,16,12,14,9
5,1001,source_premigration,1207304,M,6,HG_B,198,12,26,16,10,12,30,12,12,15,14,10,11
5,1001,source_premigration,1207309,M,6,HG_E,330,12,28,13,11,18,27,14,13,11,17,11,14
5,1001,source_premigration,1207310,M,6,HG_E,330,12,28,13,11,18,27,14,13,11,17,11,14
5,1001,source_premigration,1207311,M,6,HG_B,302,13,24,17,10,11,31,11,12,15,13,9,10
5,1001,source_premigration,1207315,M,6,HG_C,475,15,22,10,13,15,26,14,10,9,17,15,13
5,1001,source_premigration,1207318,M,6,HG_C,244,11,21,12,15,14,25,14,11,9,16,13,14
5,1001,source_premigration,1207320,M,6,HG_D,91,16,19,18,14,9,32,11,14,16,12,14,9
5,1001,source_premigration,1207322,M,6,HG_A,121,13,24,12,11,13,28,13,11,14,16,13,12
5,1001,source_premigration,1207323,M,6,HG_B,26,12,25,16,11,12,29,12,12,16,13,12,11
5,1001,source_premigration,1207324,M,6,HG_B,26,12,25,16,11,12,29,12,12,16,13,12,11
5,1001,source_premigration,1207326,M,6,HG_B,26,12,25,16,11,12,29,12,12,16,13,12,11
5,1001,source_premigration,1207327,M,6,HG_B,26,12,25,16,11,12,29,12,12,16,13,12,11
5,1001,source_premigration,1207337,M,6,HG_C,244,12,21,12,15,14,25,15,11,9,16,13,14
5,1001,source_premigration,1207341,M,6,HG_B,302,13,24,17,10,11,31,11,12,15,13,9,10
5,1001,source_premigration,1207342,M,6,HG_C,20,15,23,12,14,13,27,14,10,10,16,12,12
5,1001,source_premigration,1207346,M,6,HG_A,234,13,23,15,11,13,28,12,9,14,16,12,11
5,1001,source_premigration,1207349,M,6,HG_A,234,13,23,15,11,13,28,12,9,14,16,12,10
5,1001,source_premigration,1207365,M,6,HG_C,493,13,24,11,14,13,28,16,10,11,15,13,15
5,1001,source_premigration,1207374,M,6,HG_D,303,15,18,17,13,10,33,13,11,16,12,14,8
5,1001,source_premigration,1207377,M,6,HG_E,270,10,28,14,10,15,26,14,13,13,18,11,15
5,1001,source_premigration,1207379,M,6,HG_E,270,10,28,14,10,15,26,14,13,13,18,11,15
5,1001,source_premigration,1207391,M,6,HG_E,255,11,26,12,9,17,26,14,14,13,19,12,15
5,1001,source_premigration,1207393,M,6,HG_E,255,11,26,12,9,17,26,14,14,13,19,12,15
5,1001,source_premigration,1207401,M,5,HG_C,244,12,21,12,15,14,25,13,11,9,16,13,14
5,1001,source_premigration,1207406,M,5,HG_C,329,15,21,12,15,14,28,16,11,12,14,12,13
5,1001,source_premigration,1207407,M,5,HG_C,329,15,21,12,15,14,28,16,11,12,14,12,13
5,1001,source_premigration,1207408,M,5,HG_C,475,15,22,10,13,15,26,14,10,9,17,15,13
5,1001,source_premigration,1207416,M,5,HG_E,330,12,28,13,11,18,27,14,13,11,17,11,14
5,1001,source_premigration,1207420,M,5,HG_C,244,11,21,12,15,14,25,15,11,9,16,13,14
5,1001,source_premigration,1207422,M,5,HG_C,244,11,21,12,15,14,25,14,11,9,16,13,14
5,1001,source_premigration,1207428,M,5,HG_E,330,12,28,13,11,18,27,14,13,11,17,11,14
5,1001,source_premigration,1207432,M,5,HG_E,255,11,26,12,9,17,26,14,12,13,19,12,15
5,1001,source_premigration,1207442,M,5,HG_C,475,15,22,11,13,15,26,13,10,9,17,15,13
5,1001,source_premigration,1207443,M,5,HG_B,26,12,25,16,11,12,29,12,12,16,13,12,11
5,1001,source_premigration,1207449,M,5,HG_B,302,13,24,17,10,11,31,11,12,15,13,9,10
5,1001,source_premigration,1207458,M,5,HG_B,26,12,25,16,11,12,29,12,12,16,13,12,11
5,1001,source_premigration,1207473,M,5,HG_E,74,11,28,13,9,15,26,15,14,13,19,12,15
5,1001,source_premigration,1207480,M,5,HG_B,168,12,25,17,11,12,31,12,12,16,15,9,11
5,1001,source_premigration,1207481,M,5,HG_E,330,12,28,13,11,18,26,14,13,11,17,11,14
5,1001,source_premigration,1207486,M,5,HG_D,238,15,22,18,13,11,32,13,13,17,13,14,10
5,1001,source_premigration,1207487,M,5,HG_D,249,15,20,17,12,12,34,11,13,17,11,12,10
5,1001,source_premigration,1207489,M,5,HG_E,330,12,28,13,11,19,27,14,13,11,17,11,14
5,1001,source_premigration,1207490,M,5,HG_E,330,12,28,13,11,19,27,14,13,11,17,11,14
5,1001,source_premigration,1207494,M,5,HG_A,125,13,25,16,12,13,29,15,12,12,15,14,12
5,1001,source_premigration,1207498,M,5,HG_D,238,15,22,18,13,11,32,13,13,17,13,14,10
5,1001,source_premigration,1207505,M,5,HG_E,330,12,28,13,11,18,27,14,13,11,17,11,14
5,1001,source_premigration,1207516,M,5,HG_E,74,10,29,13,9,15,26,15,14,13,19,12,15
5,1001,source_premigration,1207525,M,5,HG_E,330,12,28,13,11,18,27,14,13,11,16,11,14
5,1001,source_premigration,1207530,M,5,HG_E,330,12,28,13,11,18,27,14,13,11,17,11,14
5,1001,source_premigration,1207531,M,5,HG_A,121,13,24,13,11,13,28,13,11,14,16,13,12
5,1001,source_premigration,1207535,M,5,HG_A,98,13,23,14,11,13,30,13,10,14,14,12,12
5,1001,source_premigration,1207537,M,5,HG_A,98,13,23,14,11,13,30,13,10,14,14,12,12
5,1001,source_premigration,1207542,M,5,HG_B,198,12,26,16,10,12,30,12,12,15,14,10,11
5,1001,source_premigration,1207545,M,5,HG_E,330,12,28,13,11,18,27,14,13,11,17,11,14
5,1001,source_premigration,1207548,M,5,HG_E,330,12,28,13,11,18,27,14,13,11,17,11,14
5,1001,source_premigration,1207549,M,5,HG_E,330,12,28,13,11,18,27,14,13,11,17,11,14
5,1001,source_premigration,1207551,M,5,HG_E,330,12,28,13,11,19,27,13,13,11,17,11,14
5,1001,source_premigration,1207571,M,5,HG_E,74,11,28,13,10,15,26,15,14,13,19,12,15
5,1001,source_premigration,1207582,M,5,HG_B,26,12,25,16,11,12,29,12,12,16,13,12,11
5,1001,source_premigration,1207595,M,5,HG_A,121,13,24,13,11,13,28,13,11,14,16,13,12
5,1001,source_premigration,1207602,M,5,HG_C,244,12,21,12,15,14,25,14,11,9,16,13,14
5,1001,source_premigration,1207606,M,5,HG_C,475,15,22,11,13,15,26,13,10,9,17,15,13
5,1001,source_premigration,1207609,M,5,HG_C,475,15,22,11,13,15,26,13,10,9,17,15,13
5,1001,source_premigration,1207614,M,5,HG_A,312,15,25,14,12,13,30,12,11,14,13,13,12
5,1001,source_premigration,1207615,M,5,HG_A,312,15,25,14,12,13,30,12,11,14,13,13,12
5,1001,source_premigration,1207620,M,5,HG_A,312,15,25,14,12,13,30,12,11,14,13,13,12
5,1001,source_premigration,1207626,M,5,HG_C,493,13,24,11,14,13,28,16,10,11,15,13,15
5,1001,source_premigration,1207627,M,5,HG_B,126,13,26,15,10,11,31,11,11,17,13,9,12
5,1001,source_premigration,1207638,M,5,HG_B,126,13,26,15,10,11,31,12,11,17,13,9,12
5,1001,source_premigration,1207639,M,5,HG_D,394,15,20,18,14,12,32,11,14,18,12,14,10
5,1001,source_premigration,1207640,M,5,HG_D,394,15,20,18,14,12,32,11,14,18,12,14,10
5,1001,source_premigration,1207645,M,5,HG_D,238,15,22,18,13,10,32,13,13,17,13,14,10
5,1001,source_premigration,1207648,M,5,HG_A,121,13,24,13,11,13,28,13,11,14,16,13,12
5,1001,source_premigration,1207651,M,5,HG_C,493,13,24,11,14,13,28,16,10,11,15,13,15
5,1001,source_premigration,1207656,M,5,HG_C,493,13,24,11,14,13,28,16,10,11,15,13,15
5,1001,source_premigration,1207664,M,5,HG_D,238,15,22,18,13,11,32,13,13,17,13,14,10
5,1001,source_premigration,1207665,M,5,HG_D,238,15,22,18,13,11,32,13,13,17,13,14,10
5,1001,source_premigration,1207666,M,5,HG_E,270,10,28,14,10,15,26,14,14,13,18,11,15
5,1001,source_premigration,1207674,M,5,HG_C,244,12,21,12,15,14,25,14,11,9,16,13,14
5,1001,source_premigration,1207679,M,5,HG_B,126,13,26,15,10,11,31,12,11,17,13,9,12
5,1001,source_premigration,1207680,M,5,HG_B,126,13,26,15,10,11,31,12,11,17,13,9,12
5,1001,source_premigration,1207683,M,5,HG_E,270,10,28,14,10,15,26,14,13,13,18,11,15
5,1001,source_premigration,1207685,M,5,HG_B,291,12,24,17,9,13,32,12,12,15,15,10,11
5,1001,source_premigration,1207690,M,5,HG_C,244,12,21,12,15,14,25,14,11,9,16,13,14
5,1001,source_premigration,1207698,M,5,HG_A,98,13,23,14,11,13,30,13,10,14,14,12,12
5,1001,source_premigration,1207714,M,5,HG_E,330,12,28,13,11,18,27,14,13,11,17,11,14
5,1001,source_premigration,1207718,M,5,HG_C,493,13,24,11,14,13,28,16,10,11,15,13,15
5,1001,source_premigration,1207719,M,5,HG_C,493,13,24,11,14,13,28,16,10,11,15,13,15
5,1001,source_premigration,1207723,M,5,HG_D,238,15,22,18,13,11,32,13,13,17,13,14,10
5,1001,source_premigration,1207726,M,5,HG_D,238,15,22,19,13,11,32,13,13,17,13,14,10
5,1001,source_premigration,1207729,M,5,HG_E,330,12,28,13,11,18,27,14,13,11,17,11,14
5,1001,source_premigration,1207733,M,5,HG_B,26,12,25,16,11,12,29,12,12,16,13,12,11
5,1001,source_premigration,1207734,M,5,HG_D,303,15,18,17,13,12,33,13,11,16,12,14,8
5,1001,source_premigration,1207744,M,5,HG_E,330,12,28,13,11,18,27,14,13,11,17,11,14
5,1001,source_premigration,1207745,M,5,HG_E,330,12,28,13,11,18,27,14,13,11,17,11,14
5,1001,source_premigration,1207746,M,5,HG_E,330,12,28,13,11,18,27,14,13,11,17,11,14
5,1001,source_premigration,1207751,M,5,HG_E,330,12,28,13,11,18,27,14,13,11,18,11,14
5,1001,source_premigration,1207754,M,5,HG_D,249,14,19,17,12,12,34,11,13,17,11,13,10
5,1001,source_premigration,1207756,M,5,HG_D,245,14,19,18,15,10,32,13,13,16,11,15,10
5,1001,source_premigration,1207763,M,5,HG_A,125,13,25,16,12,13,29,14,12,12,15,14,12
5,1001,source_premigration,1207767,M,5,HG_A,125,13,25,16,12,13,29,14,12,12,15,14,12
5,1001,source_premigration,1207771,M,5,HG_E,120,11,27,12,9,14,27,14,14,12,19,11,15
5,1001,source_premigration,1207776,M,5,HG_B,302,13,24,17,10,11,31,11,12,15,13,9,10
5,1001,source_premigration,1207777,M,5,HG_B,302,13,24,17,10,11,31,11,12,15,13,9,10
5,1001,source_premigration,1207779,M,5,HG_A,228,12,25,13,10,13,31,12,11,13,14,12,11
5,1001,source_premigration,1207790,M,5,HG_E,330,12,28,13,11,18,27,14,13,11,17,11,14
5,1001,source_premigration,1207793,M,5,HG_E,330,12,28,12,11,18,27,14,13,11,17,11,14
5,1001,source_premigration,1207795,M,5,HG_A,98,13,22,14,11,13,30,13,10,14,14,12,12
5,1001,source_premigration,1207797,M,5,HG_B,444,12,25,16,9,13,32,12,14,15,14,10,11
5,1001,source_premigration,1207802,M,5,HG_B,126,13,26,15,10,11,32,11,11,17,13,9,12
5,1001,source_premigration,1207808,M,5,HG_B,198,12,26,16,10,12,30,12,12,15,14,10,11
5,1001,source_premigration,1207810,M,5,HG_E,330,12,28,13,11,18,27,14,13,11,17,11,14
5,1001,source_premigration,1207813,M,5,HG_B,168,12,25,17,11,12,31,11,12,16,15,9,11
5,1001,source_premigration,1207814,M,5,HG_B,168,12,25,17,11,12,31,11,12,16,15,9,11
5,1001,source_premigration,1207824,M,5,HG_A,125,13,25,16,12,13,29,15,11,12,15,14,12
5,1001,source_premigration,1207825,M,5,HG_A,228,12,25,13,10,13,31,12,11,13,14,12,11
5,1001,source_premigration,1207828,M,5,HG_A,121,13,24,13,11,13,28,13,11,14,16,13,12
5,1001,source_premigration,1207840,M,5,HG_E,409,12,27,13,9,17,24,13,15,11,19,10,15
5,1001,source_premigration,1207841,M,5,HG_E,409,12,27,13,9,17,24,13,15,11,19,10,15
5,1001,source_premigration,1207847,M,5,HG_A,121,13,24,13,11,13,28,13,11,14,16,13,12
5,1001,source_premigration,1207848,M,5,HG_B,198,12,26,16,10,12,30,12,12,15,14,10,11
5,1001,source_premigration,1207850,M,5,HG_B,198,12,26,16,10,12,30,12,12,15,14,10,11
5,1001,source_premigration,1207851,M,5,HG_E,330,12,28,13,11,18,27,14,13,11,18,11,14
5,1001,source_premigration,1207854,M,5,HG_E,330,12,28,13,11,18,27,14,13,11,18,11,14
5,1001,source_premigration,1207857,M,5,HG_B,26,12,25,16,11,12,29,13,12,16,13,12,11
5,1001,source_premigration,1207860,M,5,HG_D,238,15,22,18,13,11,32,13,13,17,13,14,10
5,1001,source_premigration,1207867,M,5,HG_D,238,15,22,19,13,11,32,13,13,17,13,14,10
5,1001,source_premigration,1207869,M,5,HG_D,249,15,20,17,12,12,34,11,13,17,11,12,10
5,1001,source_premigration,1207871,M,5,HG_D,249,15,20,17,12,12,34,11,13,17,11,12,10
5,1001,source_premigration,1207878,M,5,HG_D,394,15,20,18,14,12,32,11,14,19,12,14,10
5,1001,source_premigration,1207879,M,5,HG_D,394,15,20,18,14,12,32,11,14,18,12,14,10
5,1001,source_premigration,1207883,M,5,HG_D,238,15,22,19,13,11,31,13,13,17,13,14,10
5,1001,source_premigration,1207889,M,5,HG_C,244,11,21,12,15,14,25,14,11,9,16,13,14
5,1001,source_premigration,1207892,M,5,HG_C,244,11,21,12,15,14,25,14,11,9,16,13,14
5,1001,source_premigration,1207895,M,5,HG_C,329,15,21,12,15,14,28,16,11,12,14,12,13
5,1001,source_premigration,1207896,M,5,HG_C,329,15,21,12,15,14,28,16,11,12,14,12,13
5,1001,source_premigration,1207907,M,5,HG_B,126,13,26,15,10,11,31,11,11,17,13,9,12
5,1001,source_premigration,1207909,M,5,HG_B,198,12,26,16,10,12,30,12,12,15,14,10,11
5,1001,source_premigration,1207913,M,5,HG_A,234,13,22,15,11,13,28,12,9,14,16,12,11
5,1001,source_premigration,1207914,M,5,HG_A,234,13,22,15,11,13,28,12,9,14,16,12,11
5,1001,source_premigration,1207918,M,5,HG_A,121,13,24,13,11,13,27,13,11,14,16,13,12
5,1001,source_premigration,1207920,M,5,HG_E,330,12,28,13,11,19,27,14,13,11,17,11,14
5,1001,source_premigration,1207921,M,5,HG_E,330,12,28,13,11,19,27,14,13,11,17,11,14
5,1001,source_premigration,1207930,M,5,HG_B,26,12,25,16,11,12,29,12,12,16,13,12,11
5,1001,source_premigration,1207933,M,5,HG_C,244,12,21,12,15,14,25,13,11,9,16,13,14
5,1001,source_premigration,1207934,M,5,HG_C,244,12,21,12,15,14,25,13,11,9,16,13,14
5,1001,source_premigration,1207936,M,5,HG_E,255,11,26,12,9,17,27,14,14,12,19,12,15
5,1001,source_premigration,1207937,M,5,HG_A,234,13,23,15,11,13,28,12,9,14,16,12,11
5,1001,source_premigration,1207940,M,5,HG_A,234,13,23,15,11,13,28,12,9,14,16,12,11
5,1001,source_premigration,1207943,M,5,HG_A,234,13,23,15,11,13,28,12,9,14,16,12,11
5,1001,source_premigration,1207952,M,5,HG_B,302,13,24,17,10,11,31,11,12,15,13,9,10
5,1001,source_premigration,1207954,M,5,HG_B,302,13,24,17,10,11,31,11,12,15,13,9,10
5,1001,source_premigration,1207955,M,5,HG_B,302,13,24,17,10,11,31,11,12,15,13,9,10
5,1001,source_premigration,1207960,M,5,HG_D,238,15,22,19,13,11,31,13,13,17,13,14,10
5,1001,source_premigration,1207961,M,5,HG_D,238,15,22,19,13,11,31,13,13,17,13,14,10
5,1001,source_premigration,1207963,M,5,HG_E,330,12,28,13,11,19,27,14,13,11,17,11,14
5,1001,source_premigration,1207964,M,5,HG_E,330,12,28,13,11,19,27,14,13,11,17,11,14
5,1001,source_premigration,1207972,M,5,HG_C,493,13,24,11,14,13,28,16,10,11,15,13,15
5,1001,source_premigration,1207979,M,5,HG_B,198,12,26,16,10,12,30,12,12,15,14,10,11
5,1001,source_premigration,1207982,M,5,HG_B,126,13,26,15,10,11,31,12,11,17,13,9,12
5,1001,source_premigration,1207983,M,5,HG_B,126,13,26,15,10,11,31,12,11,17,13,9,12
5,1001,source_premigration,1207987,M,5,HG_E,255,11,26,12,9,17,26,14,13,13,19,12,15
5,1001,source_premigration,1207994,M,5,HG_A,228,12,25,13,10,13,31,12,11,13,14,12,11
5,1001,source_premigration,1207998,M,5,HG_A,228,12,25,13,10,13,31,12,11,13,14,12,11
5,1001,source_premigration,1207999,M,5,HG_B,198,12,26,16,10,12,30,12,12,15,14,10,11
5,1001,source_premigration,1208004,M,5,HG_E,255,11,26,12,9,17,26,14,13,13,19,12,15
5,1001,source_premigration,1208008,M,5,HG_E,330,12,28,13,11,18,27,14,13,11,17,11,14
5,1001,source_premigration,1208011,M,5,HG_D,249,14,19,17,12,12,34,11,13,17,11,13,10
5,1001,source_premigration,1208012,M,5,HG_B,26,12,25,16,11,12,29,12,12,16,13,12,11
5,1001,source_premigration,1208017,M,5,HG_D,249,14,19,17,12,12,34,11,13,17,11,13,10
5,1001,source_premigration,1208022,M,5,HG_C,493,13,24,11,14,13,28,16,10,11,15,13,15
5,1001,source_premigration,1208026,M,5,HG_D,65,15,18,17,13,11,33,11,13,17,11,14,9
5,1001,source_premigration,1208030,M,5,HG_B,126,13,26,15,10,11,31,11,12,17,13,9,12
5,1001,source_premigration,1208033,M,5,HG_A,121,13,24,13,11,13,28,13,11,14,16,13,12
5,1001,source_premigration,1208035,M,5,HG_A,121,13,24,13,11,13,28,13,11,14,16,13,12
5,1001,source_premigration,1208040,M,5,HG_C,244,12,21,12,15,14,25,14,11,9,16,13,14
5,1001,source_premigration,1208041,M,5,HG_E,74,10,28,13,9,15,26,16,14,14,19,12,15
5,1001,source_premigration,1208042,M,5,HG_E,74,10,28,13,9,15,26,16,14,14,19,12,15
5,1001,source_premigration,1208045,M,5,HG_B,302,13,24,17,10,11,31,11,12,15,13,9,10
5,1001,source_premigration,1208051,M,5,HG_E,120,12,27,12,9,14,27,14,14,12,19,11,15
5,1001,source_premigration,1208052,M,5,HG_E,120,12,27,12,9,14,27,14,14,12,19,11,15
5,1001,source_premigration,1208055,M,5,HG_C,299,13,20,12,13,14,27,12,10,11,15,13,15
5,1001,source_premigration,1208057,M,5,HG_C,299,13,20,12,13,14,27,12,10,11,15,13,15
5,1001,source_premigration,1208060,M,5,HG_A,312,15,25,14,12,13,30,12,11,14,13,13,12
5,1001,source_premigration,1208061,M,5,HG_A,312,15,25,14,12,13,30,12,11,14,13,13,12
5,1001,source_premigration,1208072,M,5,HG_A,301,12,25,15,11,12,28,14,11,14,15,12,11
5,1001,source_premigration,1208074,M,5,HG_B,168,12,25,17,11,12,31,11,12,16,15,9,11
5,1001,source_premigration,1208075,M,5,HG_B,168,12,25,17,11,12,31,11,12,16,15,9,11
5,1001,source_premigration,1208080,M,5,HG_D,109,15,21,21,13,10,33,13,13,17,14,14,9
5,1001,source_premigration,1208096,M,5,HG_B,126,13,25,15,10,11,32,11,11,17,13,9,12
5,1001,source_premigration,1208100,M,5,HG_C,475,15,22,10,13,15,26,13,10,9,17,15,13
5,1001,source_premigration,1208105,M,5,HG_E,330,12,28,13,11,18,27,14,13,11,17,11,14
5,1001,source_premigration,1208106,M,5,HG_C,244,12,21,12,15,14,25,14,11,9,16,13,14
5,1001,source_premigration,1208121,M,5,HG_E,255,11,26,12,9,17,26,14,14,13,19,12,15
5,1001,source_premigration,1208125,M,5,HG_C,493,13,24,11,14,13,28,16,10,11,15,13,15
5,1001,source_premigration,1208129,M,5,HG_C,244,11,21,12,15,14,25,14,11,9,16,13,14
5,1001,source_premigration,1208139,M,5,HG_B,26,12,25,16,11,12,29,12,12,16,13,12,11
5,1001,source_premigration,1208152,M,5,HG_C,329,15,21,12,15,14,28,16,11,12,14,12,13
5,1001,source_premigration,1208159,M,5,HG_D,94,16,20,18,12,10,33,11,14,18,12,15,9
5,1001,source_premigration,1208165,M,5,HG_B,291,12,24,17,9,13,32,12,12,15,15,10,11
5,1001,source_premigration,1208166,M,5,HG_B,291,12,24,17,9,13,32,12,13,15,15,10,11
5,1001,source_premigration,1208169,M,5,HG_D,238,15,22,18,13,11,32,13,13,17,13,14,10
5,1001,source_premigration,1208170,M,5,HG_B,198,12,26,16,10,12,30,12,12,15,14,10,11
5,1001,source_premigration,1208172,M,5,HG_C,475,15,22,10,13,15,26,14,10,9,17,15,13
5,1001,source_premigration,1208175,M,5,HG_C,475,15,22,10,13,15,26,14,10,9,17,15,13
5,1001,source_premigration,1208180,M,5,HG_D,394,15,20,18,14,12,32,11,14,18,12,14,10
5,1001,source_premigration,1208185,M,5,HG_D,109,15,21,21,13,10,33,13,13,17,14,14,9
5,1001,source_premigration,1208187,M,5,HG_B,302,13,24,17,10,11,31,11,12,15,13,9,10
5,1001,source_premigration,1208188,M,5,HG_B,302,13,24,17,10,11,31,11,12,15,13,9,10
5,1001,source_premigration,1208189,M,5,HG_B,302,13,24,17,10,11,31,11,12,15,13,9,10
5,1001,source_premigration,1208193,M,5,HG_A,312,15,25,14,12,13,30,12,11,14,13,13,12
5,1001,source_premigration,1208194,M,5,HG_D,249,14,19,17,12,12,34,11,13,17,11,13,10
5,1001,source_premigration,1208195,M,5,HG_D,249,14,19,17,12,12,34,11,13,17,11,13,10
5,1001,source_premigration,1208205,M,5,HG_A,312,15,25,14,12,13,30,12,11,14,13,13,12
5,1001,source_premigration,1208212,M,5,HG_C,244,11,21,12,15,14,25,14,11,9,16,13,14
5,1001,source_premigration,1208213,M,5,HG_C,244,11,21,12,15,14,25,14,11,9,16,13,14
5,1001,source_premigration,1208214,M,5,HG_C,244,11,21,12,15,14,25,14,11,9,16,13,14
5,1001,source_premigration,1208227,M,5,HG_B,302,13,24,17,10,11,31,11,12,15,13,9,10
5,1001,source_premigration,1208230,M,5,HG_E,330,12,28,13,11,18,27,14,13,11,17,11,14
5,1001,source_premigration,1208233,M,5,HG_B,126,13,26,15,10,11,32,11,11,17,13,9,12
5,1001,source_premigration,1208243,M,5,HG_A,301,12,24,15,11,12,28,14,11,14,15,12,11
5,1001,source_premigration,1208244,M,5,HG_A,121,13,24,13,11,13,28,13,11,14,16,13,12
5,1001,source_premigration,1208250,M,5,HG_C,299,13,20,12,13,14,27,13,10,11,15,13,15
5,1001,source_premigration,1208252,M,5,HG_D,238,15,22,18,13,11,32,13,13,17,13,14,10
5,1001,source_premigration,1208257,M,5,HG_B,302,13,24,17,10,11,31,11,12,15,13,9,10
5,1001,source_premigration,1208258,M,5,HG_D,238,15,22,19,13,11,32,13,13,17,13,14,10
5,1001,source_premigration,1208264,M,5,HG_D,238,15,22,19,13,11,32,13,13,17,13,14,10
5,1001,source_premigration,1208267,M,5,HG_B,314,13,24,17,12,12,32,10,12,15,14,10,11
5,1001,source_premigration,1208272,M,5,HG_D,91,16,19,18,14,9,32,11,14,16,12,14,9
5,1001,source_premigration,1208274,M,5,HG_D,91,16,19,18,14,9,32,11,14,16,12,14,9
5,1001,source_premigration,1208281,M,5,HG_D,238,15,22,18,13,11,32,13,13,17,13,14,10
5,1001,source_premigration,1208287,M,5,HG_C,493,13,24,11,14,13,28,16,10,11,15,13,15
5,1001,source_premigration,1208289,M,5,HG_A,234,14,22,15,11,13,28,12,9,14,16,12,11
5,1001,source_premigration,1208293,M,5,HG_A,301,12,24,15,11,12,28,14,11,14,14,12,11
5,1001,source_premigration,1208297,M,5,HG_D,238,15,22,19,13,11,32,13,13,17,13,14,10
5,1001,source_premigration,1208301,M,5,HG_D,238,15,22,19,13,11,32,13,13,17,13,14,10
5,1001,source_premigration,1208306,M,5,HG_E,330,12,28,13,11,18,27,14,13,11,17,11,14
5,1001,source_premigration,1208308,M,5,HG_C,244,12,21,12,15,15,25,14,11,9,16,13,14
5,1001,source_premigration,1208309,M,5,HG_C,244,12,21,12,15,15,25,14,11,9,16,13,14
5,1001,source_premigration,1208310,M,5,HG_E,120,11,27,12,9,14,27,15,15,12,19,11,15
5,1001,source_premigration,1208312,M,5,HG_E,120,11,27,12,9,14,27,15,15,12,19,11,15
5,1001,source_premigration,1208316,M,5,HG_E,270,10,28,14,10,15,26,14,14,13,18,11,15
5,1001,source_premigration,1208319,M,5,HG_D,303,15,18,17,13,10,33,13,11,16,12,14,8
5,1001,source_premigration,1208322,M,5,HG_D,91,16,19,18,14,9,32,11,14,16,12,14,9
5,1001,source_premigration,1208327,M,5,HG_A,234,13,22,15,11,13,28,12,9,14,16,12,11
5,1001,source_premigration,1208330,M,5,HG_D,238,15,22,18,13,11,32,13,13,17,13,14,10
5,1001,source_premigration,1208331,M,5,HG_D,238,15,22,18,13,11,32,13,13,17,13,14,10
5,1001,source_premigration,1208339,M,5,HG_B,198,12,26,16,10,12,30,12,12,15,14,10,11
5,1001,source_premigration,1208344,M,5,HG_B,302,13,24,17,10,11,31,11,12,15,13,9,10
5,1001,source_premigration,1208349,M,5,HG_C,329,15,21,12,15,15,28,16,11,12,14,12,13
5,1001,source_premigration,1208353,M,5,HG_C,244,12,21,12,15,14,25,14,11,9,16,13,14
5,1001,source_premigration,1208372,M,5,HG_A,98,13,23,14,11,13,30,13,10,14,14,12,12
5,1001,source_premigration,1208377,M,5,HG_E,255,11,26,12,9,17,26,14,12,13,19,12,15
5,1001,source_premigration,1208386,M,5,HG_C,475,15,22,10,13,15,26,13,10,9,17,15,13
5,1001,source_premigration,1208393,M,5,HG_A,60,13,25,15,10,14,29,14,13,14,15,12,14
5,1001,source_premigration,1208400,M,5,HG_C,329,15,21,12,15,14,28,16,11,12,14,12,13
5,1001,source_premigration,1208401,M,5,HG_C,329,15,21,12,15,14,28,16,11,12,14,12,13
5,1001,source_premigration,1208402,M,5,HG_C,329,15,21,12,15,14,28,16,11,12,14,12,13
5,1001,source_premigration,1208403,M,5,HG_E,120,12,27,12,9,14,27,14,14,12,19,11,15
5,1001,source_premigration,1208405,M,5,HG_E,120,12,27,12,9,14,27,14,14,12,19,11,15
5,1001,source_premigration,1208408,M,5,HG_D,238,15,22,18,13,11,32,13,13,17,13,14,10
5,1001,source_premigration,1208413,M,5,HG_A,237,13,25,15,10,12,30,14,11,14,16,10,12
5,1001,source_premigration,1208415,M,5,HG_A,237,13,25,15,10,12,30,14,11,14,16,10,12
5,1001,source_premigration,1208417,M,5,HG_A,237,13,25,15,10,12,30,14,11,14,16,10,12
5,1001,source_premigration,1208423,M,5,HG_A,234,13,22,15,11,13,28,12,9,14,16,12,11
5,1001,source_premigration,1208427,M,5,HG_B,126,13,26,14,10,11,32,11,11,17,13,9,12
5,1001,source_premigration,1208428,M,5,HG_B,126,13,26,14,10,11,32,11,11,17,13,9,12
5,1001,source_premigration,1208433,M,5,HG_C,475,15,22,10,13,15,26,13,10,9,17,15,13
5,1001,source_premigration,1208435,M,5,HG_C,475,15,22,10,13,15,26,13,10,9,17,15,13
5,1001,source_premigration,1208440,M,5,HG_D,91,16,19,18,14,9,32,11,14,16,12,14,9
5,1001,source_premigration,1208444,M,5,HG_C,244,12,21,12,15,14,25,14,11,9,16,13,14
5,1001,source_premigration,1208450,M,5,HG_C,329,15,21,12,15,14,28,16,11,12,14,12,13
5,1001,source_premigration,1208458,M,5,HG_A,343,13,23,14,11,14,29,14,12,15,14,13,11
5,1001,source_premigration,1208463,M,5,HG_D,303,15,18,17,13,12,33,13,11,16,12,14,8
5,1001,source_premigration,1208465,M,5,HG_D,303,15,18,17,13,12,33,13,11,16,12,14,8
5,1001,source_premigration,1208467,M,5,HG_B,302,13,24,17,10,11,31,11,12,15,13,9,10
5,1001,source_premigration,1208470,M,5,HG_E,120,12,27,12,9,14,27,14,14,12,19,11,15
5,1001,source_premigration,1208473,M,5,HG_E,255,11,26,12,9,17,26,14,15,13,19,12,15
5,1001,source_premigration,1208474,M,5,HG_E,255,11,26,12,9,17,26,14,15,13,19,12,15
5,1001,source_premigration,1208478,M,5,HG_D,303,15,18,16,13,10,33,13,11,16,12,14,8
5,1001,source_premigration,1208480,M,5,HG_B,302,13,24,17,10,11,31,11,12,15,12,9,10
5,1001,source_premigration,1208481,M,5,HG_B,302,13,24,17,10,11,31,11,12,15,12,9,10
5,1001,source_premigration,1208484,M,5,HG_E,255,11,26,12,9,17,26,14,13,13,19,12,15
5,1001,source_premigration,1208488,M,5,HG_D,238,15,22,18,13,11,32,13,13,17,13,13,10
5,1001,source_premigration,1208494,M,5,HG_C,475,15,22,10,13,15,26,14,10,9,17,15,13
5,1001,source_premigration,1208497,M,5,HG_E,120,12,27,12,9,14,27,14,14,12,19,11,15
5,1001,source_premigration,1208498,M,5,HG_E,120,12,27,12,9,14,27,14,14,12,19,11,15
5,1001,source_premigration,1208499,M,5,HG_A,98,13,22,14,11,13,30,13,10,14,14,12,12
5,1001,source_premigration,1208501,M,5,HG_A,98,13,22,14,11,13,30,13,10,14,14,12,12
5,1001,source_premigration,1208502,M,5,HG_D,245,14,19,18,15,10,32,13,13,16,11,15,10
5,1001,source_premigration,1208505,M,5,HG_C,244,12,21,12,15,14,25,14,11,9,16,13,14
5,1001,source_premigration,1208515,M,5,HG_B,126,13,26,15,10,11,31,12,11,17,13,9,12
5,1001,source_premigration,1208516,M,5,HG_B,126,13,26,15,10,11,31,12,11,17,13,9,12
5,1001,source_premigration,1208520,M,5,HG_B,26,12,25,16,11,12,30,12,12,16,13,12,11
5,1001,source_premigration,1208521,M,5,HG_A,312,15,25,14,12,13,30,12,11,14,13,13,12
5,1001,source_premigration,1208527,M,5,HG_E,330,12,28,12,11,18,27,14,13,11,17,11,14
5,1001,source_premigration,1208529,M,5,HG_E,330,12,28,12,11,18,27,14,13,11,17,11,14
5,1001,source_premigration,1208536,M,5,HG_A,121,13,24,13,11,13,28,13,11,14,16,13,12
5,1001,source_premigration,1208540,M,5,HG_E,330,12,27,13,11,18,27,14,13,11,17,11,14
5,1001,source_premigration,1208542,M,5,HG_E,330,12,27,13,11,18,27,14,13,11,17,11,14
5,1001,source_premigration,1208561,M,5,HG_A,234,13,22,15,11,13,28,13,9,14,16,12,11
5,1001,source_premigration,1208563,M,5,HG_C,475,15,22,10,13,15,26,14,10,9,17,15,13
5,1001,source_premigration,1208568,M,5,HG_A,98,13,22,14,11,13,30,13,10,14,14,12,12
5,1001,source_premigration,1208574,M,5,HG_A,125,13,25,16,12,13,29,15,11,12,15,14,12
5,1001,source_premigration,1208576,M,5,HG_D,303,15,18,17,13,12,33,13,11,16,12,14,8
5,1001,source_premigration,1208581,M,5,HG_B,26,12,25,16,11,12,29,12,12,16,13,12,11
5,1001,source_premigration,1208588,M,5,HG_B,302,13,24,17,10,11,31,11,12,15,13,9,10
5,1001,source_premigration,1208590,M,5,HG_B,198,12,26,16,10,12,30,12,12,15,14,10,11
5,1001,source_premigration,1208592,M,5,HG_B,302,13,24,17,10,11,31,11,12,15,13,9,10
5,1001,source_premigration,1208595,M,5,HG_E,74,11,28,13,9,15,26,15,14,13,19,12,15
5,1001,source_premigration,1208598,M,5,HG_C,244,11,21,12,15,14,25,14,11,9,16,13,14
5,1001,source_premigration,1208599,M,5,HG_E,255,11,26,12,9,17,26,14,13,13,19,12,15
5,1001,source_premigration,1208603,M,5,HG_B,302,13,24,17,10,11,31,11,12,15,12,9,10
5,1001,source_premigration,1208606,M,5,HG_C,244,12,21,13,15,14,25,14,11,9,16,13,14
5,1001,source_premigration,1208611,M,5,HG_E,255,11,26,12,9,17,26,14,14,13,19,12,15
5,1001,source_premigration,1208612,M,5,HG_A,98,13,23,14,11,13,30,13,10,14,14,12,12
5,1001,source_premigration,1208613,M,5,HG_B,198,12,26,16,10,12,30,12,12,15,14,10,11
5,1001,source_premigration,1208628,M,5,HG_E,330,12,28,13,11,19,27,14,13,11,17,11,14
5,1001,source_premigration,1208630,M,5,HG_E,330,12,28,13,11,18,27,14,13,11,17,11,14
5,1001,source_premigration,1208638,M,5,HG_A,121,13,24,13,11,13,28,13,11,14,16,13,12
5,1001,source_premigration,1208647,M,5,HG_C,475,15,22,11,13,15,26,13,10,9,17,15,13
5,1001,source_premigration,1208652,M,5,HG_E,330,12,28,13,11,18,27,14,13,11,17,11,14
5,1001,source_premigration,1208653,M,5,HG_E,330,12,28,13,11,18,27,14,13,11,17,11,14
5,1001,source_premigration,1208657,M,5,HG_C,244,12,21,12,15,14,25,15,11,9,16,13,14
5,1001,source_premigration,1208660,M,5,HG_C,244,12,21,12,15,14,25,15,11,9,16,13,14
5,1001,source_premigration,1208670,M,5,HG_A,301,12,25,15,11,12,28,14,11,14,15,12,11
5,1001,source_premigration,1208678,M,5,HG_E,255,11,26,12,9,17,26,14,15,13,19,12,15
5,1001,source_premigration,1208685,M,5,HG_C,475,15,22,10,13,15,26,13,10,9,17,15,13
5,1001,source_premigration,1208687,M,5,HG_C,475,15,22,10,13,15,26,13,10,9,17,15,13
5,1001,source_premigration,1208692,M,5,HG_C,493,13,24,11,14,13,28,16,10,11,15,13,15
5,1001,source_premigration,1208693,M,5,HG_C,20,15,23,12,14,13,27,14,10,10,16,12,12
5,1001,source_premigration,1208697,M,4,HG_E,74,10,28,13,9,15,26,15,14,14,19,12,15
5,1001,source_premigration,1208702,M,4,HG_C,244,11,21,12,15,14,25,14,11,9,16,13,14
5,1001,source_premigration,1208707,M,4,HG_E,330,12,28,13,11,18,27,14,13,11,17,11,14
5,1001,source_premigration,1208712,M,4,HG_B,126,13,26,15,10,11,31,11,11,17,13,9,12
5,1001,source_premigration,1208718,M,4,HG_B,302,13,24,17,10,11,31,11,12,15,12,9,10
5,1001,source_premigration,1208719,M,4,HG_A,234,13,22,15,11,13,28,13,9,14,16,12,11
5,1001,source_premigration,1208720,M,4,HG_A,234,13,22,15,11,13,28,13,9,14,16,12,11
5,1001,source_premigration,1208722,M,4,HG_B,168,12,25,17,11,12,31,12,12,16,15,9,11
5,1001,source_premigration,1208725,M,4,HG_C,299,13,20,12,13,14,27,13,10,11,15,13,15
5,1001,source_premigration,1208728,M,4,HG_D,238,15,22,19,13,11,32,13,13,17,13,14,10
5,1001,source_premigration,1208730,M,4,HG_E,74,11,28,13,9,15,26,15,14,13,19,12,15
5,1001,source_premigration,1208734,M,4,HG_E,74,10,29,13,9,15,26,15,14,13,19,12,15
5,1001,source_premigration,1208736,M,4,HG_E,74,10,29,13,9,15,26,15,14,13,19,12,15
5,1001,source_premigration,1208737,M,4,HG_C,244,12,21,12,15,14,25,14,11,9,16,13,14
5,1001,source_premigration,1208738,M,4,HG_A,234,13,22,15,11,13,28,12,9,14,16,12,11
5,1001,source_premigration,1208744,M,4,HG_C,475,15,22,10,13,15,26,14,10,9,17,15,13
5,1001,source_premigration,1208746,M,4,HG_A,237,13,25,15,10,12,30,14,11,14,16,10,12
5,1001,source_premigration,1208749,M,4,HG_D,238,15,22,18,13,11,32,13,13,17,13,14,10
5,1001,source_premigration,1208751,M,4,HG_D,238,15,22,19,13,11,32,13,13,17,13,14,10
5,1001,source_premigration,1208756,M,4,HG_A,234,13,22,15,11,13,28,12,9,14,16,12,11
5,1001,source_premigration,1208758,M,4,HG_A,125,13,25,16,12,13,29,15,11,12,15,14,12
5,1001,source_premigration,1208761,M,4,HG_A,125,13,25,16,12,13,29,15,11,12,15,14,12
5,1001,source_premigration,1208765,M,4,HG_B,126,13,26,15,10,11,31,12,11,17,13,9,12
5,1001,source_premigration,1208769,M,4,HG_C,493,13,24,11,14,13,28,16,10,11,15,13,15
5,1001,source_premigration,1208771,M,4,HG_C,475,15,22,10,13,15,26,14,10,9,17,15,13
5,1001,source_premigration,1208775,M,4,HG_E,330,12,28,13,11,18,27,14,13,11,17,11,14
5,1001,source_premigration,1208779,M,4,HG_B,198,12,26,16,10,12,30,12,12,15,14,10,11
5,1001,source_premigration,1208781,M,4,HG_C,244,12,21,12,15,14,25,14,11,9,16,13,14
5,1001,source_premigration,1208784,M,4,HG_A,125,13,25,16,12,13,29,14,12,12,15,14,12
5,1001,source_premigration,1208788,M,4,HG_A,125,13,25,16,12,13,29,14,12,12,15,14,12
5,1001,source_premigration,1208790,M,4,HG_E,330,12,28,13,11,18,27,14,13,11,17,11,14
5,1001,source_premigration,1208797,M,4,HG_C,475,15,22,10,13,15,26,14,10,9,17,15,13
5,1001,source_premigration,1208800,M,4,HG_C,329,15,21,12,15,15,28,16,11,12,14,12,13
5,1001,source_premigration,1208805,M,4,HG_A,98,13,22,14,11,13,30,13,10,14,14,12,12
5,1001,source_premigration,1208810,M,4,HG_B,198,12,26,16,10,12,30,12,12,15,14,10,11
5,1001,source_premigration,1208811,M,4,HG_E,74,11,28,13,9,15,26,15,14,13,19,12,15
5,1001,source_premigration,1208812,M,4,HG_E,74,11,28,13,9,15,26,15,14,13,19,12,15
5,1001,source_premigration,1208813,M,4,HG_A,121,13,24,13,11,13,27,13,11,14,16,13,12
5,1001,source_premigration,1208816,M,4,HG_A,121,13,24,13,11,13,27,13,11,14,16,13,12
5,1001,source_premigration,1208817,M,4,HG_D,65,15,18,17,12,11,33,10,12,17,11,14,9
5,1001,source_premigration,1208819,M,4,HG_D,65,15,18,17,12,11,33,10,12,17,11,14,9
5,1001,source_premigration,1208822,M,4,HG_D,65,15,18,17,12,11,33,10,12,17,11,14,9
5,1001,source_premigration,1208825,M,4,HG_B,126,13,26,15,10,11,31,11,11,17,13,9,12
5,1001,source_premigration,1208828,M,4,HG_A,234,13,23,15,11,13,28,12,9,14,16,12,11
5,1001,source_premigration,1208836,M,4,HG_E,330,12,27,13,11,18,27,14,13,11,17,11,14
5,1001,source_premigration,1208844,M,4,HG_E,330,12,28,13,11,18,27,14,13,11,17,11,14
5,1001,source_premigration,1208845,M,4,HG_E,330,12,28,13,11,18,27,14,13,11,17,11,14
5,1001,source_premigration,1208851,M,4,HG_D,303,15,18,17,13,10,33,13,11,16,12,14,8
5,1001,source_premigration,1208853,M,4,HG_D,303,15,18,17,13,10,33,13,11,16,12,14,8
5,1001,source_premigration,1208855,M,4,HG_A,234,13,23,15,11,13,28,12,9,14,16,12,11
5,1001,source_premigration,1208863,M,4,HG_D,129,14,21,18,13,11,32,11,12,17,12,12,8
5,1001,source_premigration,1208864,M,4,HG_D,91,16,19,18,14,9,32,11,14,16,12,14,9
5,1001,source_premigration,1208866,M,4,HG_A,237,13,25,16,10,12,30,14,11,14,16,10,12
5,1001,source_premigration,1208867,M,4,HG_A,237,13,25,16,10,12,30,14,11,14,16,10,12
5,1001,source_premigration,1208870,M,4,HG_E,255,11,26,12,9,17,26,14,15,13,19,12,15
5,1001,source_premigration,1208871,M,4,HG_D,303,15,18,17,13,12,33,13,11,16,12,14,8
5,1001,source_premigration,1208873,M,4,HG_D,303,15,18,17,13,12,33,13,11,16,12,14,8
5,1001,source_premigration,1208874,M,4,HG_D,303,15,18,17,13,12,33,13,11,16,12,14,8
5,1001,source_premigration,1208875,M,4,HG_D,303,15,18,17,13,12,33,12,11,16,12,14,8
5,1001,source_premigration,1208877,M,4,HG_D,245,14,19,18,15,10,32,13,13,16,11,15,10
5,1001,source_premigration,1208887,M,4,HG_B,198,12,26,16,10,12,30,12,12,15,14,10,11
5,1001,source_premigration,1208891,M,4,HG_A,301,12,25,15,11,12,28,14,11,14,15,12,11
5,1001,source_premigration,1208901,M,4,HG_D,238,15,22,18,13,11,32,13,13,17,13,14,10
5,1001,source_premigration,1208907,M,4,HG_E,255,11,26,12,9,17,26,14,13,13,19,12,15
5,1001,source_premigration,1208910,M,4,HG_E,255,11,26,12,9,17,26,14,13,13,19,12,15
5,1001,source_premigration,1208911,M,4,HG_B,126,13,26,15,10,11,31,11,12,17,13,9,12
5,1001,source_premigration,1208920,M,4,HG_E,270,10,28,14,10,15,26,14,13,13,18,11,15
5,1001,source_premigration,1208925,M,4,HG_A,60,13,25,15,10,14,29,14,13,14,15,12,14
5,1001,source_premigration,1208932,M,4,HG_B,302,13,24,17,10,11,31,11,12,15,13,9,10
5,1001,source_premigration,1208934,M,4,HG_B,302,13,24,17,10,11,31,11,12,15,13,9,10
5,1001,source_premigration,1208939,M,4,HG_B,198,12,26,16,10,12,30,12,12,15,14,10,11
5,1001,source_premigration,1208940,M,4,HG_B,198,12,26,16,10,12,30,12,12,15,14,10,11
5,1001,source_premigration,1208943,M,4,HG_B,198,12,26,16,10,12,30,12,12,15,14,10,11
5,1001,source_premigration,1208947,M,4,HG_E,255,10,26,12,9,17,26,14,13,13,19,12,15
5,1001,source_premigration,1208952,M,4,HG_A,98,13,22,14,11,13,30,13,10,14,14,12,12
5,1001,source_premigration,1208954,M,4,HG_A,98,13,22,14,11,13,30,13,10,14,14,12,12
5,1001,source_premigration,1208962,M,4,HG_D,238,15,22,19,13,11,32,13,13,17,13,14,10
5,1001,source_premigration,1208965,M,4,HG_E,74,10,29,13,9,15,26,15,14,13,19,12,15
5,1001,source_premigration,1208967,M,4,HG_E,74,10,29,13,9,15,26,15,14,13,19,12,15
5,1001,source_premigration,1208968,M,4,HG_D,303,15,18,17,13,12,33,13,11,16,12,14,8
5,1001,source_premigration,1208969,M,4,HG_D,303,15,18,17,13,12,33,13,11,16,12,14,8
5,1001,source_premigration,1208972,M,4,HG_D,303,15,18,17,13,12,33,13,11,16,12,14,8
5,1001,source_premigration,1208983,M,4,HG_C,329,15,21,12,15,14,28,16,11,12,14,12,13
5,1001,source_premigration,1208988,M,4,HG_C,475,15,22,10,13,15,26,13,10,9,17,15,13
5,1001,source_premigration,1208995,M,4,HG_A,121,13,24,13,11,13,28,13,11,14,16,13,12
5,1001,source_premigration,1208999,M,4,HG_A,121,13,24,13,11,13,28,13,11,14,16,13,12
5,1001,source_premigration,1209003,M,4,HG_A,121,13,24,13,11,13,28,13,11,14,16,13,12
5,1001,source_premigration,1209004,M,4,HG_B,26,12,25,16,11,12,29,12,12,16,13,12,11
5,1001,source_premigration,1209006,M,4,HG_B,26,12,25,16,11,12,29,12,12,16,13,12,11
5,1001,source_premigration,1209009,M,4,HG_B,26,12,25,16,11,12,29,12,12,16,13,12,11
5,1001,source_premigration,1209015,M,4,HG_D,238,15,22,18,13,11,32,13,13,17,13,14,10
5,1001,source_premigration,1209021,M,4,HG_E,330,12,28,13,11,18,27,14,13,11,17,11,14
5,1001,source_premigration,1209025,M,4,HG_E,330,12,28,13,11,18,27,14,13,11,17,11,14
5,1001,source_premigration,1209030,M,4,HG_B,483,11,25,15,11,12,31,13,12,16,15,9,11
5,1001,source_premigration,1209033,M,4,HG_C,244,12,21,12,15,14,25,14,11,9,16,13,14
5,1001,source_premigration,1209037,M,4,HG_A,121,13,24,13,11,13,28,13,11,14,16,13,12
5,1001,source_premigration,1209040,M,4,HG_D,303,15,18,17,13,10,33,13,11,16,12,14,8
5,1001,source_premigration,1209044,M,4,HG_A,121,14,24,13,11,13,28,12,11,14,16,13,12
5,1001,source_premigration,1209045,M,4,HG_A,121,14,24,13,11,13,28,12,11,14,16,13,12
5,1001,source_premigration,1209046,M,4,HG_E,270,10,28,14,10,15,26,14,13,13,18,11,15
5,1001,source_premigration,1209054,M,4,HG_C,244,12,21,12,15,14,25,14,11,9,16,13,14
5,1001,source_premigration,1209057,M,4,HG_C,244,12,21,12,15,14,25,14,11,9,16,13,14
5,1001,source_premigration,1209060,M,4,HG_A,98,13,22,14,11,13,30,13,10,14,14,12,12
5,1001,source_premigration,1209062,M,4,HG_E,330,12,28,13,11,19,27,14,13,11,17,11,14
5,1001,source_premigration,1209071,M,4,HG_A,121,13,24,13,11,13,28,13,11,14,16,13,12
5,1001,source_premigration,1209072,M,4,HG_A,121,13,24,13,11,13,28,13,11,14,16,13,12
5,1001,source_premigration,1209075,M,4,HG_A,125,13,25,16,12,12,29,15,12,12,15,14,12
5,1001,source_premigration,1209076,M,4,HG_A,125,13,25,16,12,12,29,15,12,12,15,14,12
5,1001,source_premigration,1209081,M,4,HG_A,121,13,24,13,11,13,28,13,11,14,16,13,12
5,1001,source_premigration,1209085,M,4,HG_D,303,15,18,17,13,12,33,13,11,16,12,14,8
5,1001,source_premigration,1209086,M,4,HG_C,329,15,21,12,15,14,28,16,11,12,14,12,13
5,1001,source_premigration,1209087,M,4,HG_C,329,15,21,12,15,14,28,16,11,12,14,12,13
5,1001,source_premigration,1209089,M,4,HG_C,329,15,21,12,15,14,28,16,11,12,14,12,13
5,1001,source_premigration,1209092,M,4,HG_E,270,10,28,14,10,15,26,14,14,13,18,11,15
5,1001,source_premigration,1209095,M,4,HG_B,198,12,26,16,10,12,30,12,12,15,14,10,11
5,1001,source_premigration,1209100,M,4,HG_E,330,12,28,13,11,18,27,14,13,11,17,11,14
5,1001,source_premigration,1209104,M,4,HG_D,238,15,22,19,13,11,31,13,13,17,13,14,10
5,1001,source_premigration,1209108,M,4,HG_E,255,11,26,12,9,17,26,14,14,13,19,12,15
5,1001,source_premigration,1209112,M,4,HG_B,302,13,24,17,10,11,31,11,12,15,13,9,10
5,1001,source_premigration,1209116,M,4,HG_D,238,15,22,18,13,11,32,13,13,17,13,14,10
5,1001,source_premigration,1209118,M,4,HG_D,91,16,19,18,14,9,32,11,14,16,12,14,9
5,1001,source_premigration,1209122,M,4,HG_A,121,13,24,13,11,13,28,13,11,14,16,13,12
5,1001,source_premigration,1209135,M,4,HG_A,121,13,24,13,11,13,28,13,11,14,16,13,12
5,1001,source_premigration,1209137,M,4,HG_A,125,13,25,16,12,13,29,15,11,12,15,14,12
5,1001,source_premigration,1209144,M,4,HG_D,109,15,21,21,13,10,33,13,13,17,14,14,9
5,1001,source_premigration,1209149,M,4,HG_D,94,16,20,18,12,10,34,11,14,18,12,15,9
5,1001,source_premigration,1209151,M,4,HG_E,330,12,28,13,11,18,27,14,13,11,17,11,14
5,1001,source_premigration,1209153,M,4,HG_D,245,14,19,18,15,10,33,13,13,16,11,15,10
5,1001,source_premigration,1209154,M,4,HG_D,245,14,19,18,15,10,33,13,13,16,11,15,10
5,1001,source_premigration,1209160,M,4,HG_A,98,13,23,14,11,13,30,13,10,14,14,12,12
5,1001,source_premigration,1209164,M,4,HG_D,91,16,19,18,14,9,32,11,14,16,12,14,9
5,1001,source_premigration,1209165,M,4,HG_C,475,15,22,10,13,15,26,13,10,9,17,15,13
5,1001,source_premigration,1209170,M,4,HG_A,125,13,25,16,12,13,29,15,11,12,15,14,12
5,1001,source_premigration,1209173,M,4,HG_A,234,13,22,15,11,13,28,12,9,14,16,12,11
5,1001,source_premigration,1209174,M,4,HG_A,234,13,22,15,11,13,28,12,9,14,16,12,11
5,1001,source_premigration,1209177,M,4,HG_A,234,13,22,15,11,13,28,12,9,14,16,12,11
5,1001,source_premigration,1209180,M,4,HG_C,493,13,24,11,14,12,28,16,10,11,15,13,15
5,1001,source_premigration,1209182,M,4,HG_D,91,16,19,18,14,9,33,11,14,16,12,14,9
5,1001,source_premigration,1209184,M,4,HG_D,91,16,19,18,14,9,33,11,14,16,12,14,9
5,1001,source_premigration,1209185,M,4,HG_A,121,13,24,13,11,13,28,13,11,14,16,13,12
5,1001,source_premigration,1209187,M,4,HG_A,121,13,24,13,11,13,28,13,11,14,16,13,12
5,1001,source_premigration,1209190,M,4,HG_B,126,13,25,15,10,11,32,11,11,17,13,9,12
5,1001,source_premigration,1209191,M,4,HG_B,126,13,25,15,10,11,32,11,11,17,13,9,12
5,1001,source_premigration,1209193,M,4,HG_B,126,13,25,15,10,11,32,11,11,17,13,9,12
5,1001,source_premigration,1209199,M,4,HG_A,60,13,25,15,10,13,29,14,13,14,15,12,14
5,1001,source_premigration,1209200,M,4,HG_A,60,13,25,15,10,13,29,14,13,14,15,12,14
5,1001,source_premigration,1209201,M,4,HG_A,98,13,22,14,11,13,30,13,10,14,14,12,12
5,1001,source_premigration,1209202,M,4,HG_C,475,15,22,10,13,15,26,13,10,9,17,15,13
5,1001,source_premigration,1209203,M,4,HG_D,249,15,20,17,12,12,34,11,13,17,11,12,10
5,1001,source_premigration,1209204,M,4,HG_D,249,15,20,17,12,12,34,11,13,17,11,12,10
5,1001,source_premigration,1209206,M,4,HG_D,249,15,20,17,12,12,34,11,13,17,11,12,10
5,1001,source_premigration,1209208,M,4,HG_A,125,13,25,16,12,12,29,15,12,12,15,14,12
5,1001,source_premigration,1209210,M,4,HG_D,303,15,18,17,13,10,33,13,11,16,12,14,8
5,1001,source_premigration,1209213,M,4,HG_E,330,12,28,13,11,18,27,14,13,11,17,11,14
5,1001,source_premigration,1209215,M,4,HG_D,94,16,20,18,12,10,33,11,14,18,12,15,9
5,1001,source_premigration,1209217,M,4,HG_D,94,16,20,18,12,10,33,11,14,18,12,15,9
5,1001,source_premigration,1209225,M,4,HG_C,244,12,21,12,15,15,25,14,11,9,16,13,14
5,1001,source_premigration,1209226,M,4,HG_C,244,12,21,12,15,15,25,14,11,9,16,13,14
5,1001,source_premigration,1209231,M,4,HG_A,98,13,22,14,11,13,30,13,10,14,14,12,12
5,1001,source_premigration,1209234,M,4,HG_D,238,15,22,19,13,11,32,13,13,17,13,14,10
5,1001,source_premigration,1209237,M,4,HG_E,330,12,28,13,11,18,27,14,13,11,17,11,14
5,1001,source_premigration,1209238,M,4,HG_E,330,12,28,13,11,18,27,14,13,11,17,11,14
5,1001,source_premigration,1209239,M,4,HG_E,330,12,28,13,11,18,27,14,13,11,17,11,14
5,1001,source_premigration,1209246,M,4,HG_E,330,12,28,13,11,18,27,14,13,11,17,11,14
5,1001,source_premigration,1209251,M,4,HG_C,244,12,21,12,15,15,25,14,11,9,16,13,14
5,1001,source_premigration,1209253,M,4,HG_C,244,12,21,12,15,15,25,14,11,9,16,13,14
5,1001,source_premigration,1209254,M,4,HG_D,303,15,18,17,13,10,33,13,11,16,12,14,8
5,1001,source_premigration,1209259,M,4,HG_D,238,15,22,18,13,11,32,13,13,17,13,14,10
5,1001,source_premigration,1209260,M,4,HG_D,238,15,22,18,13,11,32,13,13,17,13,14,10
5,1001,source_premigration,1209262,M,4,HG_A,234,13,23,15,11,13,28,12,9,14,16,12,11
5,1001,source_premigration,1209263,M,4,HG_D,238,15,22,18,13,11,32,13,13,17,13,14,10
5,1001,source_premigration,1209264,M,4,HG_D,238,15,22,18,13,11,32,13,13,17,13,14,10
5,1001,source_premigration,1209276,M,4,HG_B,302,13,24,17,10,11,31,11,12,15,13,9,10
5,1001,source_premigration,1209278,M,4,HG_D,303,15,18,17,13,12,33,13,11,16,12,14,8
5,1001,source_premigration,1209280,M,4,HG_D,303,15,18,17,13,12,33,13,11,16,12,14,8
5,1001,source_premigration,1209284,M,4,HG_D,303,15,18,17,13,12,33,13,11,16,12,14,8
5,1001,source_premigration,1209286,M,4,HG_E,255,11,26,12,9,17,26,14,12,13,19,12,15
5,1001,source_premigration,1209287,M,4,HG_E,255,11,26,12,9,17,26,14,12,13,19,12,15
5,1001,source_premigration,1209288,M,4,HG_E,255,11,26,12,9,17,26,14,12,13,19,12,15
5,1001,source_premigration,1209290,M,4,HG_E,255,11,26,12,9,17,26,14,12,13,19,12,15
5,1001,source_premigration,1209293,M,4,HG_C,432,15,22,12,14,15,27,15,9,10,16,14,15
5,1001,source_premigration,1209296,M,4,HG_C,432,15,22,12,14,15,27,15,9,10,16,14,15
5,1001,source_premigration,1209297,M,4,HG_C,475,15,22,11,13,15,26,13,10,9,17,15,13
5,1001,source_premigration,1209305,M,4,HG_A,237,13,25,15,10,12,30,14,11,14,16,10,12
5,1001,source_premigration,1209309,M,4,HG_D,245,14,19,18,15,10,34,15,13,16,11,15,10
5,1001,source_premigration,1209311,M,4,HG_B,26,12,25,16,11,12,29,13,12,16,13,12,11
5,1001,source_premigration,1209318,M,4,HG_E,330,12,28,13,11,18,27,14,13,11,17,11,14
5,1001,source_premigration,1209320,M,4,HG_D,410,13,18,18,13,11,34,11,12,17,13,12,11
5,1001,source_premigration,1209323,M,4,HG_C,475,15,22,10,13,15,26,13,10,9,17,15,13
5,1001,source_premigration,1209326,M,4,HG_A,234,13,23,15,11,13,28,12,9,14,16,12,11
5,1001,source_premigration,1209328,M,4,HG_B,126,13,26,15,10,11,31,12,11,17,13,9,12
5,1001,source_premigration,1209344,M,4,HG_D,303,15,18,17,13,12,33,13,11,16,12,14,8
5,1001,source_premigration,1209350,M,4,HG_E,74,10,29,13,9,15,26,15,14,13,19,12,15
5,1001,source_premigration,1209353,M,4,HG_B,126,13,26,15,10,11,31,11,11,17,13,9,12
5,1001,source_premigration,1209355,M,4,HG_D,394,15,20,18,14,12,32,11,14,18,12,14,10
5,1001,source_premigration,1209357,M,4,HG_D,394,15,20,18,14,12,32,11,14,18,12,14,10
5,1001,source_premigration,1209358,M,4,HG_D,394,15,20,18,14,12,32,11,14,18,12,14,10
5,1001,source_premigration,1209366,M,4,HG_E,74,11,28,13,9,15,26,15,14,13,19,12,15
5,1001,source_premigration,1209367,M,4,HG_E,74,11,28,13,9,15,26,15,14,13,19,12,15
5,1001,source_premigration,1209368,M,4,HG_E,74,11,28,13,9,15,26,15,14,13,19,12,15
5,1001,source_premigration,1209374,M,4,HG_C,493,13,24,11,14,13,28,16,10,11,15,13,15
5,1001,source_premigration,1209378,M,4,HG_D,238,15,22,18,13,10,32,13,13,17,13,14,10
5,1001,source_premigration,1209380,M,4,HG_E,330,12,28,13,11,18,27,14,13,11,17,11,14
5,1001,source_premigration,1209381,M,4,HG_E,330,12,28,13,11,18,27,14,13,11,17,11,14
5,1001,source_premigration,1209383,M,4,HG_D,394,15,20,18,14,12,32,11,14,18,12,14,10
5,1001,source_premigration,1209385,M,4,HG_E,330,12,28,13,11,18,27,14,13,11,17,11,14
5,1001,source_premigration,1209386,M,4,HG_E,330,12,28,13,11,18,27,14,13,11,17,11,14
5,1001,source_premigration,1209389,M,4,HG_B,26,12,25,16,11,12,29,12,12,16,13,12,11
5,1001,source_premigration,1209392,M,4,HG_B,302,13,24,17,10,11,31,11,12,15,13,9,10
5,1001,source_premigration,1209394,M,4,HG_D,238,15,22,19,13,11,32,13,13,17,13,14,10
5,1001,source_premigration,1209395,M,4,HG_D,238,15,22,19,13,11,32,13,13,17,13,14,10
5,1001,source_premigration,1209397,M,4,HG_D,238,15,22,19,13,11,32,13,13,17,13,14,10
5,1001,source_premigration,1209400,M,4,HG_B,291,12,24,17,9,13,32,12,12,15,15,10,11
5,1001,source_premigration,1209404,M,4,HG_D,303,15,18,17,13,10,33,13,12,16,12,14,8
5,1001,source_premigration,1209408,M,4,HG_C,493,13,24,11,14,13,28,16,10,11,15,13,15
5,1001,source_premigration,1209410,M,4,HG_B,198,12,26,16,10,12,30,12,12,15,14,10,11
5,1001,source_premigration,1209415,M,4,HG_C,244,12,21,12,15,14,25,13,11,9,16,13,14
5,1001,source_premigration,1209416,M,4,HG_C,244,12,21,12,15,14,25,13,11,9,16,13,14
5,1001,source_premigration,1209422,M,4,HG_E,330,12,28,12,11,19,27,15,13,11,17,11,14
5,1001,source_premigration,1209425,M,4,HG_C,244,12,21,12,15,14,25,14,11,9,16,13,14
5,1001,source_premigration,1209426,M,4,HG_C,244,12,21,12,15,14,25,14,11,9,16,13,14
5,1001,source_premigration,1209434,M,4,HG_A,125,13,25,16,12,12,29,15,12,12,15,14,12
5,1001,source_premigration,1209436,M,4,HG_A,125,13,25,16,12,12,29,15,12,12,15,14,12
5,1001,source_premigration,1209437,M,4,HG_A,125,13,25,16,12,12,29,15,12,12,15,14,12
5,1001,source_premigration,1209443,M,4,HG_D,303,15,19,16,13,10,33,13,11,16,12,14,8
5,1001,source_premigration,1209445,M,4,HG_D,303,15,19,16,13,10,33,13,11,16,12,14,8
5,1001,source_premigration,1209451,M,4,HG_A,98,13,23,14,11,13,30,13,10,14,14,12,12
5,1001,source_premigration,1209454,M,4,HG_B,444,12,25,16,9,13,32,12,14,15,14,10,11
5,1001,source_premigration,1209456,M,4,HG_A,121,13,24,13,11,13,28,13,11,14,16,13,12
5,1001,source_premigration,1209459,M,4,HG_D,65,15,18,17,13,11,33,11,13,17,11,14,9
5,1001,source_premigration,1209464,M,4,HG_E,330,12,28,13,11,18,27,14,13,11,17,11,14
5,1001,source_premigration,1209465,M,4,HG_E,330,12,28,13,11,18,27,14,13,11,17,11,14
5,1001,source_premigration,1209468,M,4,HG_D,91,16,19,18,14,9,32,11,14,16,12,14,9
5,1001,source_premigration,1209471,M,4,HG_C,475,15,22,10,13,15,26,13,10,9,17,15,13
5,1001,source_premigration,1209472,M,4,HG_C,475,15,22,10,13,15,26,13,10,9,17,15,13
5,1001,source_premigration,1209473,M,4,HG_E,330,12,28,13,11,18,27,14,13,11,16,11,14
5,1001,source_premigration,1209474,M,4,HG_E,330,12,28,13,11,18,27,14,13,11,16,11,14
5,1001,source_premigration,1209480,M,4,HG_B,314,13,24,17,12,12,32,10,12,15,14,10,11
5,1001,source_premigration,1209481,M,4,HG_B,314,13,24,18,12,12,32,10,12,15,14,10,11
5,1001,source_premigration,1209483,M,4,HG_E,330,12,28,13,11,18,27,14,13,11,17,11,14
5,1001,source_premigration,1209487,M,4,HG_B,126,12,26,15,10,11,31,12,11,17,13,9,12
5,1001,source_premigration,1209489,M,4,HG_B,126,12,26,15,10,11,31,12,11,17,13,9,12
5,1001,source_premigration,1209490,M,4,HG_B,126,12,26,15,10,11,31,12,11,17,13,9,12
5,1001,source_premigration,1209491,M,4,HG_E,330,12,28,12,11,18,27,14,13,11,17,11,14
5,1001,source_premigration,1209492,M,4,HG_E,330,12,28,12,11,18,27,14,13,11,17,11,14
5,1001,source_premigration,1209493,M,4,HG_E,330,12,28,12,11,18,27,14,13,11,17,11,14
5,1001,source_premigration,1209495,M,4,HG_B,26,12,25,16,11,12,29,12,11,16,13,12,11
5,1001,source_premigration,1209498,M,4,HG_E,330,12,28,13,11,18,27,14,13,11,17,11,14
5,1001,source_premigration,1209503,M,4,HG_C,493,13,24,11,14,13,28,16,10,11,15,13,15
5,1001,source_premigration,1209504,M,4,HG_C,493,13,24,11,14,13,28,16,10,11,15,13,15
5,1001,source_premigration,1209505,M,4,HG_C,493,13,24,11,14,13,28,16,10,11,15,13,15
5,1001,source_premigration,1209509,M,4,HG_D,303,15,18,17,13,12,33,13,11,16,12,14,8
5,1001,source_premigration,1209521,M,4,HG_C,475,15,22,10,13,15,26,13,10,9,17,15,13
5,1001,source_premigration,1209522,M,4,HG_C,475,15,22,10,13,15,26,13,10,9,17,15,13
5,1001,source_premigration,1209523,M,4,HG_A,312,15,25,14,12,13,30,12,11,14,13,13,12
5,1001,source_premigration,1209534,M,4,HG_C,329,15,21,12,15,14,28,16,11,12,14,12,13
5,1001,source_premigration,1209536,M,4,HG_A,121,13,24,13,11,13,28,13,11,14,16,13,12
5,1001,source_premigration,1209538,M,4,HG_B,126,13,26,15,10,11,31,12,11,17,13,9,12
5,1001,source_premigration,1209539,M,4,HG_A,98,13,23,14,11,13,30,13,10,14,14,12,12
5,1001,source_premigration,1209541,M,4,HG_D,238,15,22,19,13,11,32,13,13,17,13,14,10
5,1001,source_premigration,1209542,M,4,HG_D,238,15,22,19,13,11,32,13,13,17,13,14,10
5,1001,source_premigration,1209543,M,4,HG_D,238,15,22,19,13,11,32,13,13,17,13,14,10
5,1001,source_premigration,1209545,M,4,HG_D,303,15,18,17,13,12,33,13,11,16,12,14,8
5,1001,source_premigration,1209546,M,4,HG_D,303,15,18,17,13,12,33,13,11,16,12,14,8
5,1001,source_premigration,1209547,M,4,HG_A,237,13,25,15,10,12,30,14,11,14,16,10,12
5,1001,source_premigration,1209548,M,4,HG_A,237,13,25,15,10,12,30,14,11,14,16,10,12
5,1001,source_premigration,1209550,M,4,HG_D,303,15,18,17,13,12,33,13,11,16,12,14,8
5,1001,source_premigration,1209557,M,4,HG_A,234,13,23,15,11,13,29,12,9,14,16,12,11
5,1001,source_premigration,1209559,M,4,HG_E,330,12,28,13,11,18,27,14,13,11,18,11,14
5,1001,source_premigration,1209560,M,4,HG_D,249,14,19,17,12,12,34,11,13,17,11,13,10
5,1001,source_premigration,1209562,M,4,HG_E,255,11,26,12,9,17,26,14,14,13,19,12,15
5,1001,source_premigration,1209563,M,4,HG_E,255,11,26,12,9,17,26,14,14,13,19,12,15
5,1001,source_premigration,1209566,M,4,HG_B,168,12,25,17,11,12,31,12,12,16,15,9,11
5,1001,source_premigration,1209567,M,4,HG_B,168,12,25,17,11,12,31,12,12,16,15,9,11
5,1001,source_premigration,1209572,M,4,HG_A,121,13,24,13,11,13,28,13,11,14,16,13,12
5,1001,source_premigration,1209574,M,4,HG_C,329,15,21,12,15,14,28,16,11,12,14,12,13
5,1001,source_premigration,1209576,M,4,HG_A,125,13,25,16,12,12,29,15,12,12,15,14,12
5,1001,source_premigration,1209579,M,4,HG_B,302,13,24,17,10,11,31,11,12,15,13,9,10
5,1001,source_premigration,1209584,M,4,HG_C,244,12,21,12,15,15,26,14,11,9,16,13,14
5,1001,source_premigration,1209589,M,4,HG_E,270,10,28,14,10,15,26,14,14,13,18,11,15
5,1001,source_premigration,1209590,M,4,HG_E,270,10,28,14,10,15,26,14,14,13,18,11,15
5,1001,source_premigration,1209592,M,4,HG_D,245,14,19,18,15,10,32,13,13,16,11,15,10
5,1001,source_premigration,1209599,M,4,HG_B,33,13,26,16,10,12,29,9,11,16,13,9,11
5,1001,source_premigration,1209601,M,4,HG_A,343,13,23,14,11,14,29,14,12,15,14,13,11
5,1001,source_premigration,1209606,M,4,HG_D,129,14,21,18,13,11,32,11,12,17,12,12,8
5,1001,source_premigration,1209609,M,4,HG_A,98,13,23,14,11,13,30,13,10,14,14,12,12
5,1001,source_premigration,1209611,M,4,HG_A,98,13,23,14,11,13,30,13,10,14,14,12,12
5,1001,source_premigration,1209618,M,4,HG_A,312,15,25,15,12,13,28,12,11,14,13,13,12
5,1001,source_premigration,1209621,M,4,HG_A,312,15,25,15,12,13,28,12,11,14,13,13,12
5,1001,source_premigration,1209623,M,4,HG_E,255,11,26,12,9,17,27,14,14,12,19,12,15
5,1001,source_premigration,1209624,M,4,HG_E,255,11,26,12,9,17,27,14,14,12,19,12,15
5,1001,source_premigration,1209625,M,4,HG_E,255,11,26,12,9,17,27,14,14,12,19,12,15
5,1001,source_premigration,1209629,M,4,HG_C,244,11,21,12,15,14,25,14,11,9,16,13,14
5,1001,source_premigration,1209632,M,4,HG_B,168,12,25,17,11,12,31,12,12,16,15,9,11
5,1001,source_premigration,1209633,M,4,HG_B,168,12,25,17,11,12,31,12,12,16,15,9,11
5,1001,source_premigration,1209634,M,4,HG_B,168,12,25,17,11,12,31,12,12,16,15,9,11
5,1001,source_premigration,1209636,M,4,HG_C,244,12,21,12,15,14,25,14,11,9,16,13,14
5,1001,source_premigration,1209637,M,4,HG_E,330,12,28,14,11,19,27,14,13,11,17,11,14
5,1001,source_premigration,1209638,M,4,HG_E,330,12,28,13,11,19,27,14,13,11,17,11,14
5,1001,source_premigration,1209645,M,4,HG_D,94,16,20,19,12,10,33,11,13,17,12,15,9
5,1001,source_premigration,1209646,M,4,HG_D,94,16,20,19,12,10,33,11,13,17,12,15,9
5,1001,source_premigration,1209653,M,4,HG_B,483,11,25,15,11,12,31,13,12,16,15,9,11
5,1001,source_premigration,1209656,M,4,HG_E,255,11,26,12,9,17,26,14,12,13,19,12,15
5,1001,source_premigration,1209664,M,4,HG_A,121,13,24,13,11,13,28,13,11,14,16,13,12
5,1001,source_premigration,1209665,M,4,HG_C,493,13,24,11,14,13,28,16,10,11,15,13,15
5,1001,source_premigration,1209669,M,4,HG_B,302,13,24,17,10,11,31,11,12,15,13,9,10
5,1001,source_premigration,1209671,M,4,HG_B,302,13,24,17,10,11,31,11,12,15,13,9,10
5,1001,source_premigration,1209677,M,4,HG_B,302,13,24,17,10,11,31,11,12,15,13,9,10
5,1001,source_premigration,1209683,M,4,HG_D,238,15,22,18,13,11,32,13,13,17,13,14,10
5,1001,source_premigration,1209688,M,4,HG_B,126,13,26,15,10,11,31,12,11,17,13,9,12
5,1001,source_premigration,1209694,M,4,HG_E,255,11,26,12,9,17,26,14,15,13,19,12,15
5,1001,source_premigration,1209696,M,4,HG_B,126,13,26,14,10,11,32,11,11,17,13,9,12
5,1001,source_premigration,1209705,M,4,HG_C,299,13,20,12,13,14,27,12,10,11,15,13,15
5,1001,source_premigration,1209709,M,4,HG_C,299,13,20,12,13,14,27,12,10,11,15,13,15
5,1001,source_premigration,1209710,M,4,HG_C,299,13,20,12,13,14,27,12,10,11,15,13,15
5,1001,source_premigration,1209713,M,4,HG_E,255,11,26,12,8,17,26,14,13,13,19,12,15
5,1001,source_premigration,1209714,M,4,HG_C,475,15,22,10,13,15,26,14,10,9,17,15,13
5,1001,source_premigration,1209716,M,4,HG_D,303,15,18,17,13,12,33,13,11,16,12,14,8
5,1001,source_premigration,1209717,M,4,HG_B,26,12,25,16,11,12,29,12,12,16,13,12,11
5,1001,source_premigration,1209718,M,4,HG_B,26,12,25,16,11,12,29,12,12,16,13,12,11
5,1001,source_premigration,1209720,M,4,HG_B,26,12,25,16,11,12,29,12,12,16,13,12,11
5,1001,source_premigration,1209722,M,4,HG_B,26,12,25,16,11,12,29,12,12,16,13,12,11
5,1001,source_premigration,1209724,M,4,HG_D,303,15,18,17,13,10,33,13,11,16,12,14,8
5,1001,source_premigration,1209725,M,4,HG_A,301,12,24,15,11,12,28,14,11,14,15,12,11
5,1001,source_premigration,1209731,M,4,HG_C,475,15,22,11,13,15,26,13,10,9,17,15,13
5,1001,source_premigration,1209735,M,4,HG_E,330,12,28,13,11,18,27,14,13,11,17,11,14
5,1001,source_premigration,1209737,M,4,HG_E,330,12,28,13,11,18,27,14,13,11,17,11,14
5,1001,source_premigration,1209746,M,4,HG_E,330,12,28,13,11,19,27,14,13,11,17,11,14
5,1001,source_premigration,1209751,M,4,HG_D,303,15,18,17,13,12,33,13,11,16,12,14,8
5,1001,source_premigration,1209754,M,4,HG_D,238,15,22,18,13,11,32,13,13,17,13,14,10
5,1001,source_premigration,1209759,M,4,HG_C,475,15,22,11,13,15,26,13,10,9,17,15,13
5,1001,source_premigration,1209760,M,4,HG_C,475,15,22,11,13,15,26,13,10,9,17,15,13
5,1001,source_premigration,1209763,M,4,HG_C,329,15,21,12,15,14,28,16,11,12,14,12,13
5,1001,source_premigration,1209770,M,4,HG_E,330,12,28,13,11,19,27,14,13,11,17,11,14
5,1001,source_premigration,1209773,M,4,HG_B,126,13,26,15,10,11,31,11,11,17,13,9,12
5,1001,source_premigration,1209774,M,4,HG_C,244,12,21,12,15,14,25,13,11,9,16,13,14
5,1001,source_premigration,1209775,M,4,HG_C,244,12,21,12,15,14,25,13,11,9,16,13,14
5,1001,source_premigration,1209776,M,4,HG_C,244,12,21,12,15,14,25,13,11,9,16,13,14
5,1001,source_premigration,1209778,M,4,HG_D,238,15,22,19,13,11,32,13,13,17,13,14,10
5,1001,source_premigration,1209789,M,4,HG_E,255,11,26,12,9,17,26,14,12,13,19,12,15
5,1001,source_premigration,1209795,M,4,HG_C,475,15,22,10,13,15,26,13,10,9,17,15,13
5,1001,source_premigration,1209796,M,4,HG_C,475,15,22,10,13,15,26,13,10,9,17,15,13
5,1001,source_premigration,1209799,M,4,HG_C,475,15,22,10,13,15,26,13,10,9,17,15,13
5,1001,source_premigration,1209801,M,4,HG_C,244,12,21,12,15,14,25,13,11,9,16,13,14
5,1001,source_premigration,1209802,M,4,HG_C,244,12,21,13,15,14,25,13,11,9,16,13,14
5,1001,source_premigration,1209804,M,4,HG_D,129,14,21,18,13,11,32,11,12,17,11,12,8
5,1001,source_premigration,1209805,M,4,HG_D,129,14,21,18,13,11,32,11,12,17,11,12,8
5,1001,source_premigration,1209806,M,4,HG_C,244,11,21,12,15,14,25,14,11,9,16,13,14
5,1001,source_premigration,1209809,M,4,HG_C,244,11,21,12,15,14,25,14,11,9,16,13,14
5,1001,source_premigration,1209810,M,4,HG_D,91,16,19,18,14,9,32,11,14,16,12,14,9
5,1001,source_premigration,1209811,M,4,HG_D,91,16,19,18,14,9,32,11,14,16,12,14,9
5,1001,source_premigration,1209812,M,4,HG_D,91,16,19,18,14,9,32,11,14,16,12,14,9
5,1001,source_premigration,1209815,M,4,HG_D,91,16,19,18,14,9,32,11,14,16,12,14,9
5,1001,source_premigration,1209816,M,4,HG_B,291,12,24,17,9,13,32,12,12,15,15,10,11
5,1001,source_premigration,1209818,M,4,HG_E,255,11,26,12,9,17,26,14,12,13,19,12,15
5,1001,source_premigration,1209821,M,4,HG_D,238,15,22,18,13,11,32,13,13,17,13,14,10
5,1001,source_premigration,1209823,M,4,HG_E,330,12,28,13,11,18,27,14,13,11,17,11,14
5,1001,source_premigration,1209830,M,4,HG_D,249,15,21,17,12,12,34,11,13,17,11,12,10
5,1001,source_premigration,1209833,M,4,HG_D,238,15,22,18,13,11,32,13,13,17,13,14,10
5,1001,source_premigration,1209836,M,4,HG_E,74,11,28,13,10,15,26,15,14,13,19,12,15
5,1001,source_premigration,1209837,M,4,HG_E,74,11,28,13,10,15,26,15,14,13,19,12,15
5,1001,source_premigration,1209840,M,4,HG_C,493,13,24,11,14,13,28,16,10,11,15,13,15
5,1001,source_premigration,1209842,M,4,HG_A,228,12,25,13,10,13,31,12,11,13,14,12,11
5,1001,source_premigration,1209846,M,4,HG_C,244,13,21,12,15,14,25,13,11,9,16,13,14
5,1001,source_premigration,1209847,M,4,HG_C,244,13,21,12,15,14,25,13,11,9,16,13,14
5,1001,source_premigration,1209852,M,4,HG_C,244,12,21,12,15,14,25,13,11,9,16,13,14
5,1001,source_premigration,1209862,M,4,HG_E,270,10,28,14,10,15,26,14,14,13,18,11,15
5,1001,source_premigration,1209863,M,4,HG_C,475,15,22,10,13,15,26,13,10,9,17,15,13
5,1001,source_premigration,1209865,M,4,HG_C,475,15,22,10,13,15,26,13,10,9,17,15,13
5,1001,source_premigration,1209866,M,4,HG_C,475,15,22,10,13,15,26,13,10,9,17,15,13
5,1001,source_premigration,1209871,M,4,HG_B,198,12,26,16,10,12,30,12,12,15,14,10,11
5,1001,source_premigration,1209876,M,4,HG_D,94,16,20,18,12,10,34,11,14,18,12,15,9
5,1001,source_premigration,1209889,M,4,HG_A,121,13,24,13,11,13,28,13,11,14,16,13,12
5,1001,source_premigration,1209891,M,4,HG_A,121,13,24,13,11,13,28,13,11,14,16,13,12
5,1001,source_premigration,1209895,M,4,HG_C,20,15,23,12,14,13,27,14,10,10,16,12,12
5,1001,source_premigration,1209896,M,4,HG_C,20,15,23,12,14,13,27,14,10,10,16,12,12
5,1001,source_premigration,1209902,M,4,HG_B,168,12,25,17,11,12,31,12,12,16,15,9,11
5,1001,source_premigration,1209906,M,3,HG_A,237,13,25,16,10,12,30,14,11,14,16,10,12
5,1001,source_premigration,1209910,M,3,HG_D,91,16,19,18,14,9,33,11,14,16,12,14,9
5,1001,source_premigration,1209914,M,3,HG_D,91,16,19,18,14,9,32,11,14,16,12,14,9
5,1001,source_premigration,1209918,M,3,HG_B,302,13,24,17,10,11,31,11,12,15,13,9,10
5,1001,source_premigration,1209922,M,3,HG_B,26,12,25,16,11,12,29,12,12,16,13,12,11
5,1001,source_premigration,1209926,M,3,HG_E,255,11,26,12,9,17,26,14,15,13,19,12,15
5,1001,source_premigration,1209927,M,3,HG_E,255,11,26,12,9,17,26,14,15,13,19,12,15
5,1001,source_premigration,1209928,M,3,HG_D,109,15,21,21,13,10,33,13,13,17,14,14,9
5,1001,source_premigration,1209931,M,3,HG_E,255,11,26,12,9,17,26,14,14,13,19,12,15
5,1001,source_premigration,1209932,M,3,HG_E,255,11,26,12,9,17,26,14,14,13,19,12,15
5,1001,source_premigration,1209934,M,3,HG_A,121,13,24,13,11,13,28,13,11,14,16,13,12
5,1001,source_premigration,1209939,M,3,HG_C,244,12,21,12,15,14,25,14,11,9,16,13,14
5,1001,source_premigration,1209940,M,3,HG_C,244,12,21,12,15,14,25,14,11,9,16,13,14
5,1001,source_premigration,1209942,M,3,HG_A,121,13,24,13,11,13,28,13,11,14,16,13,12
5,1001,source_premigration,1209944,M,3,HG_A,121,13,24,13,11,13,28,13,11,14,16,13,12
5,1001,source_premigration,1209945,M,3,HG_A,121,13,24,13,11,13,28,13,11,14,16,13,12
5,1001,source_premigration,1209947,M,3,HG_A,98,13,23,14,11,13,30,13,10,14,14,12,12
5,1001,source_premigration,1209948,M,3,HG_A,121,13,24,13,11,13,28,13,11,14,16,13,12
5,1001,source_premigration,1209949,M,3,HG_B,302,13,24,17,10,11,31,11,12,15,13,9,10
5,1001,source_premigration,1209951,M,3,HG_E,255,11,26,12,9,17,26,14,15,13,19,12,15
5,1001,source_premigration,1209952,M,3,HG_E,255,11,26,12,9,17,26,14,15,13,19,12,15
5,1001,source_premigration,1209958,M,3,HG_D,245,14,19,18,15,10,32,13,13,16,11,15,10
5,1001,source_premigration,1209963,M,3,HG_C,244,12,21,12,15,14,25,14,11,9,16,13,14
5,1001,source_premigration,1209972,M,3,HG_C,244,12,21,12,15,14,25,14,11,9,16,13,14
5,1001,source_premigration,1209973,M,3,HG_B,291,12,24,17,9,13,32,12,12,15,15,10,11
5,1001,source_premigration,1209985,M,3,HG_B,291,12,24,17,9,13,32,12,12,15,15,10,11
5,1001,source_premigration,1209992,M,3,HG_A,312,15,25,14,12,13,30,12,11,14,13,13,12
5,1001,source_premigration,1209993,M,3,HG_A,312,15,25,14,12,13,30,12,11,14,13,13,12
5,1001,source_premigration,1209994,M,3,HG_C,475,15,22,10,13,15,26,14,10,9,17,15,13
5,1001,source_premigration,1209995,M,3,HG_C,475,15,22,10,13,15,26,14,10,9,17,15,13
5,1001,source_premigration,1209998,M,3,HG_B,444,12,25,16,9,13,32,12,14,15,14,10,11
5,1001,source_premigration,1209999,M,3,HG_B,444,12,25,16,9,13,32,12,14,15,14,10,11
5,1001,source_premigration,1210000,M,3,HG_D,303,15,18,17,13,10,33,13,12,16,12,14,8
5,1001,source_premigration,1210002,M,3,HG_D,303,15,18,17,13,10,33,13,12,16,12,14,8
5,1001,source_premigration,1210005,M,3,HG_A,312,15,25,15,12,13,28,12,11,14,13,13,12
5,1001,source_premigration,1210011,M,3,HG_D,129,14,21,18,13,11,32,11,12,17,12,12,8
5,1001,source_premigration,1210017,M,3,HG_E,330,12,27,13,11,18,27,14,13,11,17,11,14
5,1001,source_premigration,1210018,M,3,HG_E,330,12,28,13,11,18,27,14,13,11,17,11,14
5,1001,source_premigration,1210023,M,3,HG_E,270,10,28,14,10,15,26,14,14,13,18,11,15
5,1001,source_premigration,1210026,M,3,HG_E,120,12,27,12,9,14,27,14,14,12,19,11,15
5,1001,source_premigration,1210031,M,3,HG_A,237,13,25,15,10,12,30,14,11,14,16,10,12
5,1001,source_premigration,1210033,M,3,HG_D,109,15,21,21,13,9,33,13,13,17,14,14,9
5,1001,source_premigration,1210035,M,3,HG_D,109,15,21,21,13,9,33,13,13,17,14,14,9
5,1001,source_premigration,1210040,M,3,HG_A,234,13,22,15,11,13,28,12,9,14,16,12,11
5,1001,source_premigration,1210048,M,3,HG_B,43,12,25,16,11,12,31,11,13,14,16,10,13
5,1001,source_premigration,1210055,M,3,HG_D,91,16,19,18,14,9,32,11,14,16,12,14,9
5,1001,source_premigration,1210060,M,3,HG_B,168,12,25,17,11,12,31,11,12,16,15,9,11
5,1001,source_premigration,1210065,M,3,HG_D,303,15,18,17,13,12,33,13,11,16,12,14,8
5,1001,source_premigration,1210069,M,3,HG_B,302,13,24,17,10,11,31,11,12,15,12,9,10
5,1001,source_premigration,1210072,M,3,HG_D,303,15,18,17,13,12,33,13,11,16,12,14,8
5,1001,source_premigration,1210073,M,3,HG_D,303,15,18,17,13,12,33,13,11,16,12,14,8
5,1001,source_premigration,1210075,M,3,HG_D,303,15,18,17,13,12,33,13,11,16,12,14,8
5,1001,source_premigration,1210080,M,3,HG_D,249,15,20,17,12,12,34,11,13,17,11,12,10
5,1001,source_premigration,1210082,M,3,HG_D,238,15,22,19,13,11,32,13,13,17,13,14,10
5,1001,source_premigration,1210084,M,3,HG_D,238,15,22,19,13,11,32,13,13,17,13,14,10
5,1001,source_premigration,1210086,M,3,HG_D,303,15,18,17,13,10,33,13,11,16,12,14,8
5,1001,source_premigration,1210089,M,3,HG_A,121,13,24,13,11,13,28,13,11,14,16,13,12
5,1001,source_premigration,1210091,M,3,HG_E,330,12,28,13,11,18,27,14,13,11,17,11,14
5,1001,source_premigration,1210092,M,3,HG_E,330,12,28,13,11,18,27,14,13,11,17,11,14
5,1001,source_premigration,1210093,M,3,HG_C,244,12,21,12,15,14,25,13,11,9,16,13,14
5,1001,source_premigration,1210094,M,3,HG_C,244,12,21,12,15,14,25,13,11,9,16,13,14
5,1001,source_premigration,1210099,M,3,HG_A,125,13,25,16,12,13,29,15,11,12,15,14,12
5,1001,source_premigration,1210102,M,3,HG_C,432,15,22,12,14,15,27,15,9,10,16,14,15
5,1001,source_premigration,1210111,M,3,HG_E,330,12,28,13,11,18,27,14,13,11,17,11,14
5,1001,source_premigration,1210112,M,3,HG_E,330,12,28,13,11,18,27,14,13,11,17,11,14
5,1001,source_premigration,1210113,M,3,HG_E,330,12,28,13,11,18,27,14,13,11,17,11,14
5,1001,source_premigration,1210114,M,3,HG_E,330,12,28,13,11,18,27,14,13,11,17,11,14
5,1001,source_premigration,1210118,M,3,HG_E,270,10,28,14,10,15,26,14,13,13,18,11,15
5,1001,source_premigration,1210121,M,3,HG_E,330,12,28,13,11,18,27,14,13,11,17,11,14
5,1001,source_premigration,1210122,M,3,HG_E,330,12,28,13,11,18,27,14,13,11,17,11,14
5,1001,source_premigration,1210123,M,3,HG_B,198,12,26,16,10,12,30,12,12,15,14,10,11
5,1001,source_premigration,1210125,M,3,HG_B,198,12,26,16,10,12,30,12,12,15,14,10,11
5,1001,source_premigration,1210126,M,3,HG_B,198,12,26,16,10,12,30,12,12,15,14,10,11
5,1001,source_premigration,1210136,M,3,HG_D,303,15,18,16,13,10,33,13,11,16,12,14,8
5,1001,source_premigration,1210139,M,3,HG_C,244,12,21,12,15,14,25,13,11,9,16,13,14
5,1001,source_premigration,1210141,M,3,HG_E,330,12,28,13,11,18,27,14,13,11,17,11,14
5,1001,source_premigration,1210146,M,3,HG_C,475,15,22,10,13,15,26,14,10,9,17,15,13
5,1001,source_premigration,1210150,M,3,HG_C,329,15,21,12,15,14,28,16,11,12,14,12,13
5,1001,source_premigration,1210151,M,3,HG_C,329,15,21,12,15,14,28,16,11,12,14,12,13
5,1001,source_premigration,1210153,M,3,HG_D,94,16,20,19,12,10,33,11,13,17,12,15,9
5,1001,source_premigration,1210156,M,3,HG_C,475,15,22,10,13,15,26,13,10,9,17,15,13
5,1001,source_premigration,1210173,M,3,HG_E,330,12,28,13,11,19,27,14,13,11,17,11,14
5,1001,source_premigration,1210174,M,3,HG_E,330,12,28,13,11,19,27,14,13,11,17,11,14
5,1001,source_premigration,1210176,M,3,HG_D,238,15,22,18,13,11,32,13,13,17,13,14,10
5,1001,source_premigration,1210177,M,3,HG_E,330,12,28,13,11,18,27,14,13,11,17,11,14
5,1001,source_premigration,1210185,M,3,HG_B,302,13,24,17,10,11,31,11,12,15,12,9,10
5,1001,source_premigration,1210186,M,3,HG_E,330,12,28,13,11,18,27,14,13,11,17,11,14
5,1001,source_premigration,1210188,M,3,HG_E,330,12,28,13,11,18,27,14,13,11,17,11,14
5,1001,source_premigration,1210189,M,3,HG_E,255,11,26,12,9,17,26,14,13,13,19,12,15
5,1001,source_premigration,1210190,M,3,HG_A,234,13,22,15,11,13,28,12,9,14,16,12,11
5,1001,source_premigration,1210192,M,3,HG_A,237,13,25,15,10,12,30,14,11,14,16,10,12
5,1001,source_premigration,1210198,M,3,HG_B,126,13,26,14,10,11,32,11,11,17,13,9,12
5,1001,source_premigration,1210207,M,3,HG_E,255,11,26,12,9,17,26,14,14,13,19,12,15
5,1001,source_premigration,1210210,M,3,HG_C,493,13,24,11,14,13,28,16,10,11,15,13,15
5,1001,source_premigration,1210213,M,3,HG_C,244,12,21,12,15,14,25,14,11,9,16,13,14
5,1001,source_premigration,1210221,M,3,HG_C,20,15,23,12,14,13,27,14,10,10,16,12,12
5,1001,source_premigration,1210222,M,3,HG_C,20,15,23,12,14,13,27,14,10,10,16,12,12
5,1001,source_premigration,1210224,M,3,HG_C,475,15,22,10,13,15,26,13,10,9,17,15,13
5,1001,source_premigration,1210229,M,3,HG_E,120,12,27,12,9,14,27,14,14,12,19,11,15
5,1001,source_premigration,1210238,M,3,HG_B,198,12,26,16,10,12,30,12,12,15,14,10,11
5,1001,source_premigration,1210240,M,3,HG_E,120,11,27,12,9,14,27,14,14,12,19,11,15
5,1001,source_premigration,1210241,M,3,HG_E,120,11,27,12,9,14,27,14,14,12,19,11,15
5,1001,source_premigration,1210243,M,3,HG_B,302,13,24,17,10,11,31,11,12,15,13,9,10
5,1001,source_premigration,1210246,M,3,HG_B,302,13,24,17,10,11,31,11,12,15,13,9,10
5,1001,source_premigration,1210257,M,3,HG_E,330,12,28,13,11,18,27,14,13,11,17,11,14
5,1001,source_premigration,1210260,M,3,HG_E,255,11,26,12,9,17,26,14,13,13,19,12,15
5,1001,source_premigration,1210263,M,3,HG_D,238,15,22,19,13,11,31,13,13,17,13,14,10
5,1001,source_premigration,1210264,M,3,HG_D,238,15,22,19,13,11,31,13,13,17,13,14,10
5,1001,source_premigration,1210268,M,3,HG_C,244,12,21,12,15,15,25,14,11,9,16,13,14
5,1001,source_premigration,1210272,M,3,HG_A,301,12,24,15,11,12,28,14,11,14,15,12,11
5,1001,source_premigration,1210273,M,3,HG_A,301,12,24,15,11,12,28,14,11,14,15,12,11
5,1001,source_premigration,1210274,M,3,HG_A,301,12,24,15,11,12,28,14,11,14,15,12,11
5,1001,source_premigration,1210275,M,3,HG_A,301,12,24,15,11,12,28,14,11,14,15,12,11
5,1001,source_premigration,1210277,M,3,HG_C,475,15,22,10,13,15,26,13,10,9,17,15,13
5,1001,source_premigration,1210279,M,3,HG_D,303,15,18,17,13,12,33,13,11,16,12,14,8
5,1001,source_premigration,1210281,M,3,HG_E,74,10,29,13,9,15,26,15,14,13,19,12,15
5,1001,source_premigration,1210282,M,3,HG_E,330,12,28,13,11,18,27,14,13,11,17,11,14
5,1001,source_premigration,1210291,M,3,HG_A,301,12,25,15,11,12,28,14,11,14,15,12,11
5,1001,source_premigration,1210298,M,3,HG_E,120,12,27,12,9,14,27,14,14,12,19,11,15
5,1001,source_premigration,1210308,M,3,HG_A,125,13,25,16,12,12,29,15,12,12,15,14,12
5,1001,source_premigration,1210309,M,3,HG_A,125,13,25,16,12,12,29,16,12,12,15,14,12
5,1001,source_premigration,1210310,M,3,HG_E,330,12,28,13,11,19,27,14,13,11,17,11,14
5,1001,source_premigration,1210314,M,3,HG_E,330,12,28,13,11,18,27,14,13,11,17,11,14
5,1001,source_premigration,1210315,M,3,HG_E,330,12,28,13,11,18,27,14,13,11,17,11,14
5,1001,source_premigration,1210320,M,3,HG_E,330,12,28,13,11,18,27,14,13,11,17,11,14
5,1001,source_premigration,1210327,M,3,HG_E,255,11,26,12,9,17,27,14,14,12,19,12,15
5,1001,source_premigration,1210328,M,3,HG_E,255,11,26,12,9,17,27,14,14,12,19,12,15
5,1001,source_premigration,1210333,M,3,HG_A,237,13,25,15,10,12,30,14,11,14,16,10,12
5,1001,source_premigration,1210334,M,3,HG_A,237,13,25,15,10,12,30,14,11,14,16,10,12
5,1001,source_premigration,1210335,M,3,HG_C,493,13,24,11,14,13,28,16,10,11,15,13,15
5,1001,source_premigration,1210337,M,3,HG_C,244,12,21,12,15,14,25,15,11,9,16,13,14
5,1001,source_premigration,1210339,M,3,HG_C,244,12,21,12,15,14,25,15,11,9,16,13,14
5,1001,source_premigration,1210341,M,3,HG_A,234,13,23,15,11,13,28,12,9,14,16,12,11
5,1001,source_premigration,1210342,M,3,HG_B,314,13,24,17,12,12,32,10,12,15,14,10,11
5,1001,source_premigration,1210347,M,3,HG_A,121,13,24,13,11,13,27,13,11,14,16,13,12
5,1001,source_premigration,1210348,M,3,HG_A,121,13,24,13,11,13,27,13,11,14,16,13,12
5,1001,source_premigration,1210349,M,3,HG_A,125,13,25,16,12,13,29,15,12,12,15,14,12
5,1001,source_premigration,1210352,M,3,HG_A,125,13,25,16,12,13,29,15,12,12,15,14,12
5,1001,source_premigration,1210353,M,3,HG_A,125,13,25,16,12,13,29,15,12,12,15,14,12
5,1001,source_premigration,1210357,M,3,HG_E,74,11,28,13,11,15,26,15,14,13,19,12,15
5,1001,source_premigration,1210358,M,3,HG_B,198,12,26,16,10,12,30,12,12,15,14,10,11
5,1001,source_premigration,1210362,M,3,HG_C,493,13,24,11,14,13,28,16,10,11,15,13,15
5,1001,source_premigration,1210363,M,3,HG_A,121,13,24,13,11,13,28,13,11,14,16,13,12
5,1001,source_premigration,1210367,M,3,HG_D,238,15,22,18,13,11,32,13,13,17,13,14,10
5,1001,source_premigration,1210372,M,3,HG_B,168,12,24,17,11,12,31,11,12,16,15,9,11
5,1001,source_premigration,1210373,M,3,HG_B,168,12,24,17,11,12,31,11,12,16,15,9,11
5,1001,source_premigration,1210374,M,3,HG_B,168,12,24,17,11,12,31,11,12,16,15,9,11
5,1001,source_premigration,1210375,M,3,HG_B,168,12,24,17,11,12,31,11,12,16,15,9,11
5,1001,source_premigration,1210376,M,3,HG_B,168,12,24,17,11,12,31,11,12,16,15,9,11
5,1001,source_premigration,1210378,M,3,HG_B,302,13,24,17,10,11,31,11,12,15,13,9,10
5,1001,source_premigration,1210381,M,3,HG_E,255,11,26,12,8,17,26,14,13,13,19,12,15
5,1001,source_premigration,1210383,M,3,HG_E,255,11,26,12,8,17,26,14,13,13,19,12,15
5,1001,source_premigration,1210385,M,3,HG_E,255,11,26,12,8,17,26,14,13,13,19,12,15
5,1001,source_premigration,1210386,M,3,HG_E,409,12,27,13,9,17,24,13,15,11,19,10,15
5,1001,source_premigration,1210392,M,3,HG_E,255,11,26,12,9,17,26,14,12,13,19,12,15
5,1001,source_premigration,1210393,M,3,HG_E,255,11,26,12,9,17,26,14,12,13,19,12,15
5,1001,source_premigration,1210394,M,3,HG_E,255,11,26,12,9,17,26,14,12,13,19,12,15
5,1001,source_premigration,1210396,M,3,HG_C,244,11,21,12,15,14,25,14,11,9,16,13,14
5,1001,source_premigration,1210398,M,3,HG_D,249,14,19,17,12,12,34,11,13,17,11,13,10
5,1001,source_premigration,1210399,M,3,HG_D,249,14,19,17,12,12,34,11,13,17,11,13,10
5,1001,source_premigration,1210403,M,3,HG_D,249,14,19,17,12,12,34,11,13,17,11,13,10
5,1001,source_premigration,1210404,M,3,HG_A,228,12,25,13,10,13,31,12,11,13,14,12,11
5,1001,source_premigration,1210405,M,3,HG_A,228,12,25,13,10,13,31,12,11,13,14,12,11
5,1001,source_premigration,1210409,M,3,HG_D,303,15,18,17,13,12,33,13,11,16,12,14,8
5,1001,source_premigration,1210414,M,3,HG_A,234,13,23,15,11,13,28,12,9,14,16,12,11
5,1001,source_premigration,1210416,M,3,HG_E,74,10,28,13,9,15,26,15,14,14,19,12,15
5,1001,source_premigration,1210418,M,3,HG_B,26,12,25,16,11,12,29,12,12,16,13,12,11
5,1001,source_premigration,1210419,M,3,HG_B,26,12,25,16,11,12,29,12,12,16,13,12,11
5,1001,source_premigration,1210420,M,3,HG_B,198,12,26,16,10,12,30,12,12,15,14,10,11
5,1001,source_premigration,1210421,M,3,HG_B,198,12,26,16,10,12,30,12,12,15,14,10,11
5,1001,source_premigration,1210423,M,3,HG_B,198,12,26,16,10,12,30,12,12,15,14,10,11
5,1001,source_premigration,1210431,M,3,HG_B,302,13,24,17,10,11,31,11,12,15,13,9,10
5,1001,source_premigration,1210434,M,3,HG_A,60,13,25,15,10,14,29,14,13,14,15,12,14
5,1001,source_premigration,1210435,M,3,HG_A,60,13,25,15,10,14,29,14,13,14,15,12,14
5,1001,source_premigration,1210437,M,3,HG_E,74,10,29,13,9,15,26,15,14,13,19,12,15
5,1001,source_premigration,1210438,M,3,HG_E,74,10,29,13,9,15,26,15,14,13,19,12,15
5,1001,source_premigration,1210444,M,3,HG_C,244,11,21,12,15,14,25,14,11,9,16,13,14
5,1001,source_premigration,1210445,M,3,HG_C,244,11,21,12,15,14,25,14,11,9,16,13,14
5,1001,source_premigration,1210447,M,3,HG_A,121,13,24,13,11,13,28,13,11,14,16,13,12
5,1001,source_premigration,1210448,M,3,HG_A,121,13,24,13,11,13,28,13,11,14,16,13,12
5,1001,source_premigration,1210450,M,3,HG_A,98,13,22,14,11,13,30,13,10,14,14,12,12
5,1001,source_premigration,1210457,M,3,HG_D,245,14,19,18,15,10,33,13,13,16,11,15,10
5,1001,source_premigration,1210458,M,3,HG_D,238,15,21,18,13,11,32,13,13,17,13,14,10
5,1001,source_premigration,1210459,M,3,HG_D,238,15,21,18,13,11,32,13,13,17,13,14,10
5,1001,source_premigration,1210460,M,3,HG_E,330,12,28,13,11,18,27,14,13,11,17,11,14
5,1001,source_premigration,1210463,M,3,HG_E,330,12,28,13,11,18,27,14,13,11,17,11,14
5,1001,source_premigration,1210467,M,3,HG_D,91,16,19,18,14,9,32,11,14,16,12,14,9
5,1001,source_premigration,1210468,M,3,HG_E,255,11,26,12,9,17,26,14,13,13,19,12,15
5,1001,source_premigration,1210471,M,3,HG_C,244,13,21,12,15,14,25,13,11,9,16,13,14
5,1001,source_premigration,1210473,M,3,HG_C,493,13,24,11,14,13,28,16,10,11,15,13,15
5,1001,source_premigration,1210474,M,3,HG_C,493,13,24,11,14,13,28,16,10,11,15,13,15
5,1001,source_premigration,1210477,M,3,HG_C,475,15,22,11,13,15,26,13,10,9,17,15,13
5,1001,source_premigration,1210479,M,3,HG_B,302,13,24,17,10,11,31,11,12,15,13,9,10
5,1001,source_premigration,1210480,M,3,HG_B,302,13,24,17,10,11,31,11,12,15,13,9,10
5,1001,source_premigration,1210487,M,3,HG_A,125,13,25,16,12,13,29,15,11,12,15,14,12
5,1001,source_premigration,1210488,M,3,HG_A,125,13,25,16,12,13,29,15,11,12,15,14,12
5,1001,source_premigration,1210489,M,3,HG_D,303,15,18,17,13,12,33,13,11,16,12,14,8
5,1001,source_premigration,1210491,M,3,HG_D,303,15,18,17,13,12,33,13,11,16,12,14,8
5,1001,source_premigration,1210492,M,3,HG_D,303,15,18,17,13,12,33,13,11,16,12,14,8
5,1001,source_premigration,1210497,M,3,HG_A,121,13,24,13,11,13,28,13,11,14,16,13,12
5,1001,source_premigration,1210501,M,3,HG_A,98,13,22,14,11,13,30,13,10,14,14,12,12
5,1001,source_premigration,1210505,M,3,HG_B,302,13,24,17,10,11,31,11,12,15,13,9,10
5,1001,source_premigration,1210509,M,3,HG_E,270,10,28,14,10,15,26,14,14,13,18,11,15
5,1001,source_premigration,1210513,M,3,HG_E,330,12,28,13,11,18,27,14,13,11,17,11,14
5,1001,source_premigration,1210518,M,3,HG_C,475,15,22,10,13,15,26,14,10,9,17,15,13
5,1001,source_premigration,1210521,M,3,HG_C,244,12,21,12,15,15,25,14,11,9,16,13,14
5,1001,source_premigration,1210526,M,3,HG_C,475,15,22,10,13,15,26,13,10,9,17,15,13
5,1001,source_premigration,1210527,M,3,HG_D,394,15,20,18,14,12,32,11,14,18,12,14,10
5,1001,source_premigration,1210530,M,3,HG_C,244,11,21,12,15,14,25,14,11,9,16,13,14
5,1001,source_premigration,1210533,M,3,HG_C,475,15,22,11,13,15,26,13,10,9,17,15,13
5,1001,source_premigration,1210535,M,3,HG_C,475,15,22,11,13,15,26,13,10,9,17,15,13
5,1001,source_premigration,1210536,M,3,HG_B,126,13,26,15,10,11,31,11,11,17,13,9,12
5,1001,source_premigration,1210538,M,3,HG_E,74,11,28,13,10,15,26,15,14,13,19,12,15
5,1001,source_premigration,1210539,M,3,HG_D,249,14,19,17,12,12,34,11,13,17,11,13,10
5,1001,source_premigration,1210542,M,3,HG_D,249,14,19,17,12,12,34,11,13,17,11,13,10
5,1001,source_premigration,1210543,M,3,HG_D,249,14,19,17,12,12,34,11,13,17,11,13,10
5,1001,source_premigration,1210544,M,3,HG_D,249,14,19,17,12,12,34,11,13,17,11,13,10
5,1001,source_premigration,1210545,M,3,HG_D,249,14,19,17,12,12,34,11,13,17,11,13,10
5,1001,source_premigration,1210546,M,3,HG_D,249,14,19,17,12,12,34,11,13,17,11,13,10
5,1001,source_premigration,1210549,M,3,HG_B,26,12,25,16,11,12,29,12,12,16,13,12,11
5,1001,source_premigration,1210552,M,3,HG_D,238,15,22,19,13,11,32,13,13,17,13,14,10
5,1001,source_premigration,1210555,M,3,HG_D,238,15,22,19,13,11,32,13,13,17,13,14,10
5,1001,source_premigration,1210556,M,3,HG_D,238,15,22,19,13,11,32,13,13,17,13,14,10
5,1001,source_premigration,1210559,M,3,HG_D,238,15,22,18,13,11,32,13,13,17,13,14,10
5,1001,source_premigration,1210566,M,3,HG_D,303,15,19,16,13,10,33,13,11,16,12,14,8
5,1001,source_premigration,1210570,M,3,HG_D,303,15,19,16,13,10,33,13,11,16,12,14,8
5,1001,source_premigration,1210573,M,3,HG_D,91,16,19,18,14,9,32,11,14,16,12,14,9
5,1001,source_premigration,1210576,M,3,HG_D,238,15,22,18,13,11,32,13,13,17,13,14,10
5,1001,source_premigration,1210585,M,3,HG_E,74,11,28,13,9,15,26,15,14,13,19,12,15
5,1001,source_premigration,1210588,M,3,HG_D,303,15,18,17,13,12,33,13,11,16,12,14,8
5,1001,source_premigration,1210591,M,3,HG_B,126,13,26,15,10,11,31,12,11,17,13,9,12
5,1001,source_premigration,1210592,M,3,HG_B,26,12,25,16,11,12,30,12,12,16,13,12,11
5,1001,source_premigration,1210594,M,3,HG_B,26,12,25,16,11,12,29,12,12,16,13,12,11
5,1001,source_premigration,1210600,M,3,HG_C,329,15,21,12,15,14,28,16,11,12,14,12,13
5,1001,source_premigration,1210604,M,3,HG_D,238,15,22,18,13,11,32,13,13,17,13,14,10
5,1001,source_premigration,1210605,M,3,HG_C,244,12,21,12,15,14,25,14,11,9,16,13,14
5,1001,source_premigration,1210608,M,3,HG_C,244,12,21,12,15,14,25,14,11,9,16,13,14
5,1001,source_premigration,1210609,M,3,HG_C,244,12,21,12,15,14,25,14,11,9,16,13,14
5,1001,source_premigration,1210616,M,3,HG_B,291,12,24,17,9,13,32,12,12,15,15,10,11
5,1001,source_premigration,1210618,M,3,HG_C,475,15,22,10,13,15,26,13,10,9,17,15,13
5,1001,source_premigration,1210621,M,3,HG_D,303,15,18,17,13,12,33,13,11,16,12,14,8
5,1001,source_premigration,1210625,M,3,HG_E,120,12,27,12,9,14,27,14,14,12,19,11,15
5,1001,source_premigration,1210626,M,3,HG_E,120,12,27,12,9,14,27,14,14,12,19,11,15
5,1001,source_premigration,1210628,M,3,HG_E,120,12,27,12,9,14,27,14,14,12,19,11,15
5,1001,source_premigration,1210629,M,3,HG_C,329,15,21,12,15,14,28,16,11,12,14,12,13
5,1001,source_premigration,1210630,M,3,HG_C,329,15,21,12,15,14,28,16,11,12,14,12,13
5,1001,source_premigration,1210631,M,3,HG_C,329,15,21,12,15,14,28,16,11,12,14,12,13
5,1001,source_premigration,1210637,M,3,HG_A,121,13,24,13,11,13,28,13,11,14,16,13,12
5,1001,source_premigration,1210647,M,3,HG_B,302,13,24,17,10,11,31,11,12,15,13,9,10
5,1001,source_premigration,1210648,M,3,HG_B,302,13,24,17,10,11,31,11,12,15,13,9,10
5,1001,source_premigration,1210649,M,3,HG_A,98,13,22,14,11,13,30,13,10,14,14,12,12
5,1001,source_premigration,1210655,M,3,HG_E,330,12,28,13,11,18,27,14,13,11,17,11,14
5,1001,source_premigration,1210660,M,3,HG_C,244,12,21,12,15,14,25,14,11,9,16,13,14
5,1001,source_premigration,1210662,M,3,HG_D,303,15,18,17,13,10,33,13,11,16,12,14,8
5,1001,source_premigration,1210664,M,3,HG_B,26,12,25,16,11,12,29,12,11,16,13,12,11
5,1001,source_premigration,1210665,M,3,HG_B,26,12,26,16,11,12,29,12,11,16,13,12,11
5,1001,source_premigration,1210666,M,3,HG_B,26,12,25,16,11,12,29,12,11,16,13,12,11
5,1001,source_premigration,1210667,M,3,HG_B,26,12,25,16,11,12,29,12,11,16,13,12,11
5,1001,source_premigration,1210670,M,3,HG_E,74,11,28,13,10,15,26,15,14,13,19,12,15
5,1001,source_premigration,1210675,M,3,HG_B,302,13,24,17,10,11,31,11,12,15,13,9,10
5,1001,source_premigration,1210676,M,3,HG_B,302,13,24,17,10,11,31,11,12,15,13,9,10
5,1001,source_premigration,1210677,M,3,HG_B,302,13,24,17,10,11,31,11,12,15,13,9,10
5,1001,source_premigration,1210678,M,3,HG_B,302,13,24,17,10,11,31,11,12,15,13,9,10
5,1001,source_premigration,1210682,M,3,HG_D,238,15,22,18,13,11,32,13,13,17,13,14,10
5,1001,source_premigration,1210684,M,3,HG_D,238,15,22,18,13,11,32,13,13,17,13,14,10
5,1001,source_premigration,1210685,M,3,HG_D,238,15,22,18,13,11,32,13,13,17,13,14,10
5,1001,source_premigration,1210694,M,3,HG_B,168,12,25,17,11,12,31,12,12,16,15,9,11
5,1001,source_premigration,1210695,M,3,HG_C,329,15,21,12,15,15,28,16,11,12,14,12,13
5,1001,source_premigration,1210698,M,3,HG_B,126,13,26,15,10,11,31,12,11,17,13,9,12
5,1001,source_premigration,1210703,M,3,HG_A,234,13,23,15,11,13,28,12,9,14,16,12,11
5,1001,source_premigration,1210704,M,3,HG_A,234,13,23,15,11,13,28,12,9,14,16,12,11
5,1001,source_premigration,1210711,M,3,HG_B,302,13,24,17,10,11,31,11,12,15,13,9,10
5,1001,source_premigration,1210713,M,3,HG_A,121,14,24,13,11,13,28,12,11,14,16,13,12
5,1001,source_premigration,1210717,M,3,HG_D,303,15,18,17,13,12,33,13,11,16,12,14,8
5,1001,source_premigration,1210736,M,3,HG_D,303,15,19,16,13,10,33,13,11,16,12,14,8
5,1001,source_premigration,1210739,M,3,HG_D,394,15,20,18,14,12,32,11,14,18,12,14,10
5,1001,source_premigration,1210741,M,3,HG_D,303,15,18,16,13,10,33,13,11,16,12,14,8
5,1001,source_premigration,1210743,M,3,HG_D,303,15,18,16,13,10,33,13,11,16,12,14,8
5,1001,source_premigration,1210744,M,3,HG_D,303,15,18,16,13,10,33,13,11,16,12,14,8
5,1001,source_premigration,1210750,M,3,HG_E,74,11,28,13,10,15,26,15,14,13,19,12,15
5,1001,source_premigration,1210751,M,3,HG_E,74,11,28,13,10,15,26,15,14,13,19,12,15
5,1001,source_premigration,1210752,M,3,HG_B,302,13,24,17,10,11,31,11,12,15,13,9,10
5,1001,source_premigration,1210756,M,3,HG_A,125,13,25,16,12,12,29,15,12,12,15,14,12
5,1001,source_premigration,1210757,M,3,HG_A,98,13,22,14,11,13,30,13,10,14,14,12,12
5,1001,source_premigration,1210761,M,3,HG_E,330,12,28,13,11,18,27,14,13,11,18,11,14
5,1001,source_premigration,1210763,M,3,HG_A,125,13,25,16,12,13,29,15,11,12,15,14,12
5,1001,source_premigration,1210764,M,3,HG_A,125,13,25,16,12,13,29,15,11,12,15,14,12
5,1001,source_premigration,1210769,M,3,HG_A,98,13,23,14,11,13,30,13,10,14,14,12,12
5,1001,source_premigration,1210770,M,3,HG_A,98,13,23,14,11,13,30,13,10,14,14,12,12
5,1001,source_premigration,1210772,M,3,HG_A,98,13,23,14,11,13,30,13,10,14,14,12,12
5,1001,source_premigration,1210778,M,3,HG_E,74,10,29,13,9,15,26,15,14,13,19,12,15
5,1001,source_premigration,1210782,M,3,HG_E,330,12,28,13,11,18,27,14,13,11,17,11,14
5,1001,source_premigration,1210784,M,3,HG_E,330,12,28,13,11,18,27,14,13,11,17,11,14
5,1001,source_premigration,1210785,M,3,HG_E,330,12,28,13,11,18,27,14,13,11,17,11,14
5,1001,source_premigration,1210788,M,3,HG_C,329,15,21,12,15,14,28,16,11,12,14,12,13
5,1001,source_premigration,1210791,M,3,HG_B,26,12,25,16,11,12,29,12,12,16,13,12,11
5,1001,source_premigration,1210792,M,3,HG_A,125,13,25,16,12,13,29,15,12,12,15,14,12
5,1001,source_premigration,1210799,M,3,HG_C,329,15,21,12,15,14,28,16,11,12,14,12,13
5,1001,source_premigration,1210801,M,3,HG_C,329,15,21,12,15,14,28,16,11,12,14,12,13
5,1001,source_premigration,1210803,M,3,HG_B,302,13,24,17,10,11,31,11,12,15,13,9,10
5,1001,source_premigration,1210811,M,3,HG_C,329,15,21,12,15,14,28,16,11,12,14,12,13
5,1001,source_premigration,1210814,M,3,HG_E,330,12,28,12,11,19,27,14,13,11,17,11,14
5,1001,source_premigration,1210816,M,3,HG_E,330,12,28,13,11,19,27,14,13,11,17,11,14
5,1001,source_premigration,1210817,M,3,HG_E,330,12,28,13,11,18,27,14,13,11,16,11,14
5,1001,source_premigration,1210818,M,3,HG_E,330,12,28,13,11,18,27,14,13,11,16,11,14
5,1001,source_premigration,1210822,M,3,HG_A,234,13,22,15,11,13,28,13,9,14,16,12,11
5,1001,source_premigration,1210824,M,3,HG_A,234,13,22,15,11,13,28,12,9,14,16,12,11
5,1001,source_premigration,1210825,M,3,HG_A,234,13,22,15,11,13,28,12,9,14,16,12,11
5,1001,source_premigration,1210831,M,3,HG_E,330,12,28,13,11,18,27,14,13,11,17,11,14
5,1001,source_premigration,1210838,M,3,HG_A,121,13,24,12,11,13,28,13,11,14,16,13,12
5,1001,source_premigration,1210839,M,3,HG_D,238,15,22,18,13,11,32,13,13,17,13,14,10
5,1001,source_premigration,1210845,M,3,HG_E,255,11,26,12,9,17,26,13,14,13,19,12,15
5,1001,source_premigration,1210847,M,3,HG_D,91,16,19,18,14,9,32,11,14,16,12,14,9
5,1001,source_premigration,1210849,M,3,HG_D,91,16,19,18,14,9,32,11,14,16,12,14,9
5,1001,source_premigration,1210851,M,3,HG_D,91,16,19,18,14,9,32,11,14,16,12,14,9
5,1001,source_premigration,1210860,M,3,HG_D,245,14,19,18,15,10,32,13,13,16,11,15,10
5,1001,source_premigration,1210861,M,3,HG_E,330,12,28,12,11,18,27,14,13,11,17,11,14
5,1001,source_premigration,1210864,M,3,HG_A,234,13,23,15,11,13,28,12,9,14,16,12,11
5,1001,source_premigration,1210865,M,3,HG_A,234,13,23,15,11,13,28,12,9,14,16,12,11
5,1001,source_premigration,1210866,M,3,HG_E,74,11,28,13,10,15,26,15,14,13,19,12,15
5,1001,source_premigration,1210870,M,3,HG_B,126,13,26,15,10,11,31,12,11,17,13,9,12
5,1001,source_premigration,1210872,M,3,HG_A,125,13,25,16,12,12,29,15,12,12,15,14,12
5,1001,source_premigration,1210874,M,3,HG_E,330,12,28,13,11,19,27,14,13,11,17,11,14
5,1001,source_premigration,1210883,M,3,HG_D,303,15,18,17,13,12,33,13,11,16,12,14,8
5,1001,source_premigration,1210886,M,3,HG_D,303,15,18,17,13,12,33,13,11,16,12,14,8
5,1001,source_premigration,1210893,M,3,HG_B,26,12,25,16,11,12,29,13,12,16,13,12,11
5,1001,source_premigration,1210894,M,3,HG_B,26,12,25,16,11,12,29,13,12,16,13,12,11
5,1001,source_premigration,1210897,M,3,HG_B,198,12,26,16,10,12,30,12,12,15,14,10,11
5,1001,source_premigration,1210906,M,3,HG_A,234,13,23,15,11,13,28,12,9,14,16,11,11
5,1001,source_premigration,1210907,M,3,HG_A,234,13,23,15,11,13,28,12,9,14,16,12,11
5,1001,source_premigration,1210908,M,3,HG_B,43,12,25,16,11,12,31,11,13,14,16,10,13
5,1001,source_premigration,1210913,M,3,HG_D,303,15,18,17,14,12,33,13,11,16,12,14,8
5,1001,source_premigration,1210918,M,3,HG_E,120,12,27,12,9,14,27,14,14,12,19,11,15
5,1001,source_premigration,1210923,M,3,HG_D,109,15,21,21,13,10,33,13,13,17,14,14,9
5,1001,source_premigration,1210924,M,3,HG_D,109,15,21,21,13,10,33,13,13,17,14,14,9
5,1001,source_premigration,1210925,M,3,HG_D,109,15,21,21,13,10,33,13,13,17,14,14,9
5,1001,source_premigration,1210926,M,3,HG_E,330,12,28,13,11,18,27,14,13,11,17,11,14
5,1001,source_premigration,1210928,M,3,HG_E,330,12,28,13,11,18,27,14,13,11,17,11,14
5,1001,source_premigration,1210933,M,3,HG_B,444,12,25,16,9,13,32,12,14,15,14,10,11
5,1001,source_premigration,1210934,M,3,HG_B,444,12,25,16,9,13,32,12,14,15,14,10,11
5,1001,source_premigration,1210938,M,3,HG_A,301,12,24,15,11,12,28,14,11,14,15,12,11
5,1001,source_premigration,1210939,M,3,HG_A,301,12,24,15,11,12,28,14,10,14,15,12,11
5,1001,source_premigration,1210941,M,3,HG_A,301,12,24,15,11,12,28,14,11,14,15,12,11
5,1001,source_premigration,1210943,M,3,HG_D,238,15,22,18,13,11,32,13,13,17,13,14,10
5,1001,source_premigration,1210945,M,3,HG_D,238,15,22,18,13,11,32,13,13,17,13,14,10
5,1001,source_premigration,1210946,M,3,HG_D,238,15,22,18,13,11,32,13,13,17,13,14,10
5,1001,source_premigration,1210952,M,3,HG_E,330,12,28,13,11,18,27,14,13,11,17,11,14
5,1001,source_premigration,1210956,M,3,HG_A,121,13,24,13,11,13,28,13,11,14,16,13,12
5,1001,source_premigration,1210958,M,3,HG_E,255,11,26,12,9,17,27,14,14,12,19,12,15
5,1001,source_premigration,1210959,M,3,HG_D,129,14,21,18,13,11,32,11,12,17,12,12,8
5,1001,source_premigration,1210969,M,3,HG_E,255,11,26,12,9,17,27,14,12,13,19,12,15
5,1001,source_premigration,1210971,M,3,HG_A,98,13,23,14,11,13,30,13,10,14,14,12,12
5,1001,source_premigration,1210972,M,3,HG_C,244,12,21,12,15,14,25,13,11,9,16,13,14
5,1001,source_premigration,1210973,M,3,HG_C,244,12,21,12,15,14,25,13,11,9,16,13,14
5,1001,source_premigration,1210979,M,3,HG_B,302,13,24,17,10,11,31,11,12,15,13,9,10
5,1001,source_premigration,1210980,M,3,HG_C,244,12,21,12,15,14,25,14,11,9,16,13,14
5,1001,source_premigration,1210981,M,3,HG_C,244,12,21,12,15,14,25,14,11,9,16,13,14
5,1001,source_premigration,1210983,M,3,HG_C,244,12,21,12,15,14,25,14,11,9,16,13,14
5,1001,source_premigration,1210985,M,3,HG_E,330,12,28,13,11,18,27,14,13,11,17,12,14
5,1001,source_premigration,1210988,M,3,HG_C,329,15,21,12,15,14,28,16,11,12,14,12,13
5,1001,source_premigration,1210989,M,3,HG_C,329,15,21,12,15,14,28,16,11,12,14,12,13
5,1001,source_premigration,1210991,M,3,HG_E,255,11,26,12,9,17,26,14,13,13,19,12,15
5,1001,source_premigration,1210993,M,3,HG_E,255,11,26,12,9,17,26,14,13,13,19,12,15
5,1001,source_premigration,1210998,M,3,HG_A,234,13,23,15,11,13,28,12,9,14,16,12,11
5,1001,source_premigration,1211002,M,3,HG_E,330,12,28,13,11,18,27,14,13,11,17,11,14
5,1001,source_premigration,1211003,M,3,HG_E,330,12,28,13,11,18,27,14,13,11,17,11,14
5,1001,source_premigration,1211009,M,3,HG_C,475,15,22,10,13,15,26,13,10,9,17,15,13
5,1001,source_premigration,1211010,M,3,HG_D,65,15,18,17,12,11,33,10,12,17,11,14,9
5,1001,source_premigration,1211011,M,3,HG_D,65,15,18,17,12,11,33,10,12,17,11,14,9
5,1001,source_premigration,1211013,M,3,HG_B,291,12,24,17,9,13,32,12,13,15,15,10,11
5,1001,source_premigration,1211014,M,3,HG_B,291,12,24,17,9,13,32,12,13,15,15,10,11
5,1001,source_premigration,1211017,M,3,HG_C,493,13,24,11,14,13,28,16,10,11,15,13,15
5,1001,source_premigration,1211019,M,3,HG_A,98,13,23,14,11,13,30,13,10,14,14,12,12
5,1001,source_premigration,1211020,M,3,HG_A,98,13,23,14,11,13,30,13,10,14,14,12,12
5,1001,source_premigration,1211025,M,3,HG_C,244,12,21,12,15,14,25,14,11,9,16,13,14
5,1001,source_premigration,1211027,M,3,HG_B,126,13,26,15,10,11,32,11,11,17,13,9,12
5,1001,source_premigration,1211031,M,3,HG_B,168,12,25,17,11,12,31,12,12,16,15,9,11
5,1001,source_premigration,1211032,M,3,HG_B,33,13,26,16,10,12,29,9,11,16,13,9,11
5,1001,source_premigration,1211034,M,3,HG_E,330,12,28,13,11,18,27,14,13,11,17,11,14
5,1001,source_premigration,1211035,M,3,HG_E,330,12,28,13,11,18,27,14,13,11,17,11,14
5,1001,source_premigration,1211037,M,3,HG_E,330,12,28,13,11,18,27,14,13,11,17,11,14
5,1001,source_premigration,1211044,M,3,HG_C,329,14,21,12,15,14,28,16,11,12,14,12,13
5,1001,source_premigration,1211045,M,3,HG_D,94,16,20,18,12,10,34,11,14,18,12,15,9
5,1001,source_premigration,1211046,M,3,HG_D,303,15,18,17,13,12,33,13,11,16,12,14,8
5,1001,source_premigration,1211047,M,3,HG_D,303,15,18,17,13,12,33,13,11,16,12,14,8
5,1001,source_premigration,1211049,M,3,HG_D,303,15,18,17,13,12,33,13,11,16,12,14,8
5,1001,source_premigration,1211050,M,3,HG_D,303,15,18,17,13,12,33,13,11,16,12,14,8
5,1001,source_premigration,1211051,M,3,HG_D,303,15,18,17,13,10,33,13,11,16,12,14,8
5,1001,source_premigration,1211052,M,3,HG_D,303,15,18,17,13,10,33,13,11,16,12,14,8
5,1001,source_premigration,1211055,M,3,HG_B,126,13,26,15,10,11,31,11,11,17,13,9,12
5,1001,source_premigration,1211056,M,3,HG_B,126,13,26,15,10,11,31,11,11,17,13,9,12
5,1001,source_premigration,1211057,M,3,HG_B,126,13,26,15,10,11,31,11,11,17,13,9,12
5,1001,source_premigration,1211058,M,3,HG_B,126,13,26,15,10,11,31,11,11,17,13,9,12
5,1001,source_premigration,1211061,M,3,HG_B,26,12,25,16,11,12,29,12,12,16,13,12,11
5,1001,source_premigration,1211062,M,3,HG_B,26,12,25,16,11,12,29,12,12,16,13,12,11
5,1001,source_premigration,1211064,M,3,HG_E,330,12,28,13,11,18,27,14,13,11,17,11,14
5,1001,source_premigration,1211068,M,3,HG_C,244,12,21,12,15,14,25,14,11,9,16,13,14
5,1001,source_premigration,1211070,M,2,HG_A,301,12,25,15,11,12,28,14,11,14,15,12,11
5,1001,source_premigration,1211072,M,2,HG_C,329,15,21,12,15,14,28,16,11,12,14,12,13
5,1001,source_premigration,1211073,M,2,HG_C,329,15,21,12,15,14,28,16,11,12,14,12,13
5,1001,source_premigration,1211074,M,2,HG_C,329,15,21,12,15,14,28,16,11,12,14,12,13
5,1001,source_premigration,1211077,M,2,HG_D,249,15,20,17,12,12,34,11,13,17,11,12,10
5,1001,source_premigration,1211079,M,2,HG_E,255,11,26,12,9,17,26,14,13,13,19,12,15
5,1001,source_premigration,1211080,M,2,HG_E,255,11,26,12,9,17,26,14,13,13,19,12,15
5,1001,source_premigration,1211081,M,2,HG_C,493,13,24,11,14,13,28,16,10,11,15,13,15
5,1001,source_premigration,1211082,M,2,HG_C,493,13,24,11,14,13,28,16,10,11,15,13,15
5,1001,source_premigration,1211085,M,2,HG_A,121,13,24,13,11,13,28,13,11,14,16,13,12
5,1001,source_premigration,1211087,M,2,HG_C,475,15,22,11,13,15,26,13,10,9,17,15,13
5,1001,source_premigration,1211091,M,2,HG_B,302,13,24,17,10,11,31,11,12,15,13,9,10
5,1001,source_premigration,1211099,M,2,HG_B,168,12,25,17,11,12,31,12,12,16,15,9,11
5,1001,source_premigration,1211101,M,2,HG_B,168,12,24,17,11,12,31,11,12,16,15,9,11
5,1001,source_premigration,1211104,M,2,HG_C,329,15,21,12,15,14,28,16,11,12,14,12,13
5,1001,source_premigration,1211118,M,2,HG_A,98,13,23,14,11,13,30,13,10,14,14,12,12
5,1001,source_premigration,1211123,M,2,HG_D,303,15,18,17,13,12,33,13,11,16,12,14,8
5,1001,source_premigration,1211127,M,2,HG_E,330,12,28,13,11,18,27,14,13,11,17,11,14
5,1001,source_premigration,1211128,M,2,HG_B,198,12,26,16,10,12,30,12,12,15,14,10,11
5,1001,source_premigration,1211131,M,2,HG_D,249,14,19,17,12,12,34,11,13,17,11,13,10
5,1001,source_premigration,1211132,M,2,HG_D,249,14,19,17,12,12,34,11,13,17,11,13,10
5,1001,source_premigration,1211133,M,2,HG_D,249,14,19,17,12,12,34,11,13,17,11,13,10
5,1001,source_premigration,1211135,M,2,HG_D,249,14,19,17,12,12,34,11,13,17,11,13,10
5,1001,source_premigration,1211139,M,2,HG_E,330,12,28,13,11,18,27,14,13,11,17,11,14
5,1001,source_premigration,1211141,M,2,HG_E,270,10,28,14,10,15,26,14,13,13,18,11,15
5,1001,source_premigration,1211142,M,2,HG_C,244,11,21,12,15,14,25,14,11,9,16,13,14
5,1001,source_premigration,1211145,M,2,HG_C,244,11,21,12,15,14,25,14,11,9,16,13,14
5,1001,source_premigration,1211147,M,2,HG_C,244,11,21,12,15,14,25,14,11,9,16,13,14
5,1001,source_premigration,1211157,M,2,HG_C,329,15,21,12,15,14,28,16,11,12,14,12,13
5,1001,source_premigration,1211164,M,2,HG_D,238,15,22,18,13,11,32,13,13,17,13,14,10
5,1001,source_premigration,1211166,M,2,HG_D,91,16,19,17,14,10,32,11,14,16,12,14,9
5,1001,source_premigration,1211168,M,2,HG_B,302,13,24,17,10,11,31,11,12,15,13,9,10
5,1001,source_premigration,1211169,M,2,HG_B,302,13,24,17,10,11,31,11,12,15,13,10,10
5,1001,source_premigration,1211170,M,2,HG_B,302,13,24,17,10,11,31,11,12,15,13,9,10
5,1001,source_premigration,1211171,M,2,HG_B,302,13,24,17,10,11,31,11,12,15,13,9,10
5,1001,source_premigration,1211178,M,2,HG_E,120,11,27,12,9,14,27,15,15,12,19,11,15
5,1001,source_premigration,1211179,M,2,HG_E,74,11,28,13,10,15,26,15,14,13,19,12,15
5,1001,source_premigration,1211182,M,2,HG_C,493,13,24,11,14,13,28,16,10,11,15,13,15
5,1001,source_premigration,1211185,M,2,HG_C,329,15,21,12,15,14,28,16,11,12,14,12,13
5,1001,source_premigration,1211186,M,2,HG_D,410,13,18,18,13,11,34,11,12,17,13,13,11
5,1001,source_premigration,1211187,M,2,HG_E,255,11,26,12,9,17,28,14,12,13,19,12,15
5,1001,source_premigration,1211188,M,2,HG_E,255,11,26,12,9,17,28,14,12,13,19,12,15
5,1001,source_premigration,1211189,M,2,HG_E,255,11,26,12,9,17,28,14,12,13,19,12,15
5,1001,source_premigration,1211190,M,2,HG_A,98,13,23,14,11,13,30,13,10,14,14,12,12
5,1001,source_premigration,1211192,M,2,HG_D,238,15,22,18,13,11,32,13,13,17,13,14,10
5,1001,source_premigration,1211196,M,2,HG_E,330,12,28,13,11,18,27,14,13,11,17,11,14
5,1001,source_premigration,1211199,M,2,HG_E,255,11,26,12,9,17,26,14,14,13,19,12,15
5,1001,source_premigration,1211200,M,2,HG_A,125,13,25,16,12,13,29,15,11,12,15,14,12
5,1001,source_premigration,1211201,M,2,HG_A,125,13,25,16,12,13,29,15,11,12,15,14,12
5,1001,source_premigration,1211202,M,2,HG_E,330,12,28,13,11,18,27,14,13,11,17,11,14
5,1001,source_premigration,1211204,M,2,HG_E,330,12,28,13,11,18,27,14,13,11,17,11,14
5,1001,source_premigration,1211205,M,2,HG_A,234,13,23,15,11,13,28,12,9,14,16,12,11
5,1001,source_premigration,1211206,M,2,HG_E,330,12,28,13,11,19,27,14,13,11,17,11,14
5,1001,source_premigration,1211208,M,2,HG_D,303,15,18,16,13,10,33,13,11,16,12,14,8
5,1001,source_premigration,1211210,M,2,HG_D,303,15,18,16,13,10,33,13,11,16,12,14,8
5,1001,source_premigration,1211212,M,2,HG_B,314,13,24,17,12,12,32,10,12,15,14,10,11
5,1001,source_premigration,1211214,M,2,HG_C,329,15,21,12,15,14,28,16,11,12,14,12,13
5,1001,source_premigration,1211215,M,2,HG_C,329,15,21,12,15,14,28,16,11,12,14,12,13
5,1001,source_premigration,1211216,M,2,HG_C,329,15,21,12,15,14,28,16,11,12,14,12,13
5,1001,source_premigration,1211217,M,2,HG_A,125,13,25,16,12,12,29,15,12,12,15,14,12
5,1001,source_premigration,1211224,M,2,HG_A,234,13,22,15,11,13,28,12,9,14,16,12,11
5,1001,source_premigration,1211226,M,2,HG_A,234,13,22,15,11,13,28,12,9,14,16,12,11
5,1001,source_premigration,1211227,M,2,HG_D,410,13,18,18,13,11,34,11,12,17,13,12,11
5,1001,source_premigration,1211229,M,2,HG_D,238,15,22,18,13,11,32,13,13,17,13,14,10
5,1001,source_premigration,1211230,M,2,HG_D,238,15,22,18,13,11,32,13,13,17,13,14,10
5,1001,source_premigration,1211232,M,2,HG_D,238,15,22,18,13,11,32,13,13,17,13,14,10
5,1001,source_premigration,1211234,M,2,HG_D,129,13,21,18,13,11,32,11,12,17,12,12,8
5,1001,source_premigration,1211235,M,2,HG_C,244,12,21,12,15,15,25,14,11,9,16,13,14
5,1001,source_premigration,1211245,M,2,HG_C,493,13,24,11,14,13,28,16,10,11,15,13,15
5,1001,source_premigration,1211246,M,2,HG_D,129,14,21,18,13,11,32,11,12,17,12,12,8
5,1001,source_premigration,1211255,M,2,HG_A,98,13,22,14,11,13,30,13,10,14,14,12,12
5,1001,source_premigration,1211256,M,2,HG_D,303,15,18,17,13,12,33,13,11,16,12,14,8
5,1001,source_premigration,1211257,M,2,HG_D,303,15,18,17,13,12,33,13,11,16,12,14,8
5,1001,source_premigration,1211259,M,2,HG_D,303,15,18,17,13,12,33,13,11,16,12,14,8
5,1001,source_premigration,1211262,M,2,HG_B,126,13,26,15,10,11,31,11,11,17,13,9,12
5,1001,source_premigration,1211263,M,2,HG_B,126,13,26,15,10,11,31,11,11,17,13,9,12
5,1001,source_premigration,1211265,M,2,HG_B,302,13,24,17,10,11,31,11,12,15,13,9,10
5,1001,source_premigration,1211271,M,2,HG_A,237,13,25,15,10,12,30,14,11,14,16,10,12
5,1001,source_premigration,1211273,M,2,HG_D,303,15,19,16,13,10,33,13,11,16,12,14,8
5,1001,source_premigration,1211280,M,2,HG_E,330,12,28,13,11,18,27,14,13,11,17,11,14
5,1001,source_premigration,1211286,M,2,HG_A,228,12,25,13,10,13,31,12,11,13,14,12,11
5,1001,source_premigration,1211287,M,2,HG_A,228,12,25,13,10,13,31,12,11,13,14,12,11
5,1001,source_premigration,1211293,M,2,HG_C,244,11,21,12,15,14,25,14,11,9,16,13,14
5,1001,source_premigration,1211296,M,2,HG_A,121,13,24,13,11,13,28,13,11,14,16,13,12
5,1001,source_premigration,1211305,M,2,HG_E,255,11,26,12,9,17,26,14,13,13,19,12,15
5,1001,source_premigration,1211307,M,2,HG_C,329,15,21,12,15,15,28,16,11,12,14,12,13
5,1001,source_premigration,1211317,M,2,HG_B,26,12,25,16,11,12,29,12,12,16,13,12,11
5,1001,source_premigration,1211323,M,2,HG_C,493,13,24,11,14,12,28,16,10,11,15,13,15
5,1001,source_premigration,1211324,M,2,HG_C,493,13,24,11,14,12,28,16,10,11,15,13,15
5,1001,source_premigration,1211327,M,2,HG_E,120,12,27,12,9,14,27,14,14,12,19,11,15
5,1001,source_premigration,1211331,M,2,HG_A,234,13,22,15,11,13,28,12,9,14,16,12,11
5,1001,source_premigration,1211337,M,2,HG_D,238,15,22,19,13,11,31,13,13,17,13,14,10
5,1001,source_premigration,1211340,M,2,HG_E,330,12,28,13,11,19,27,14,13,11,17,11,14
5,1001,source_premigration,1211341,M,2,HG_E,409,12,27,13,9,17,24,13,15,11,19,10,15
5,1001,source_premigration,1211342,M,2,HG_E,409,12,27,13,9,17,24,13,15,11,19,10,15
5,1001,source_premigration,1211349,M,2,HG_B,302,13,24,17,10,11,31,11,12,15,13,9,10
5,1001,source_premigration,1211350,M,2,HG_E,74,10,29,13,9,15,26,15,14,13,19,12,15
5,1001,source_premigration,1211351,M,2,HG_D,303,15,18,17,13,12,33,13,11,16,12,14,8
5,1001,source_premigration,1211353,M,2,HG_C,475,15,22,11,13,15,26,13,10,9,17,15,13
5,1001,source_premigration,1211354,M,2,HG_B,198,12,26,16,10,12,30,12,12,15,14,10,11
5,1001,source_premigration,1211357,M,2,HG_E,330,12,28,13,11,19,27,14,13,11,17,11,14
5,1001,source_premigration,1211358,M,2,HG_E,330,12,28,13,11,18,27,14,13,11,17,12,14
5,1001,source_premigration,1211359,M,2,HG_E,330,12,28,13,11,18,27,14,13,11,17,12,14
5,1001,source_premigration,1211363,M,2,HG_E,330,12,28,13,11,18,27,14,13,11,17,12,14
5,1001,source_premigration,1211364,M,2,HG_E,330,12,28,13,11,18,27,14,13,11,17,12,14
5,1001,source_premigration,1211365,M,2,HG_A,343,13,23,14,11,14,30,14,12,15,14,13,11
5,1001,source_premigration,1211366,M,2,HG_A,343,13,23,14,11,14,30,14,12,15,14,13,11
5,1001,source_premigration,1211367,M,2,HG_D,238,15,22,19,13,11,32,13,13,17,13,14,10
5,1001,source_premigration,1211368,M,2,HG_D,238,15,22,19,13,11,32,13,13,17,13,14,10
5,1001,source_premigration,1211369,M,2,HG_C,329,14,21,12,15,14,28,16,11,12,14,12,13
5,1001,source_premigration,1211378,M,2,HG_E,120,12,27,12,9,14,27,14,14,12,19,11,15
5,1001,source_premigration,1211381,M,2,HG_E,120,12,27,12,9,14,27,14,14,12,19,11,15
5,1001,source_premigration,1211382,M,2,HG_E,120,12,28,12,9,14,27,14,14,12,19,11,15
5,1001,source_premigration,1211383,M,2,HG_E,120,12,27,12,9,14,27,14,14,12,19,11,15
5,1001,source_premigration,1211387,M,2,HG_A,98,13,23,14,11,13,30,13,10,14,14,12,12
5,1001,source_premigration,1211388,M,2,HG_A,98,13,23,14,11,13,30,13,10,14,14,12,12
5,1001,source_premigration,1211391,M,2,HG_D,65,15,18,17,12,11,33,10,12,17,11,14,9
5,1001,source_premigration,1211397,M,2,HG_E,330,12,28,13,11,18,27,14,13,11,17,11,14
5,1001,source_premigration,1211398,M,2,HG_A,121,13,24,13,11,13,28,13,11,14,16,13,12
5,1001,source_premigration,1211400,M,2,HG_D,303,15,18,17,13,12,33,13,11,16,12,14,8
5,1001,source_premigration,1211402,M,2,HG_D,303,15,18,17,13,12,33,13,11,16,12,14,8
5,1001,source_premigration,1211406,M,2,HG_D,91,16,19,18,14,9,32,11,14,16,12,14,9
5,1001,source_premigration,1211407,M,2,HG_D,91,16,19,18,14,9,32,11,14,16,12,14,9
5,1001,source_premigration,1211410,M,2,HG_C,475,15,22,10,13,15,26,13,10,9,17,15,13
5,1001,source_premigration,1211412,M,2,HG_B,483,11,25,15,11,12,31,13,12,16,15,9,11
5,1001,source_premigration,1211415,M,2,HG_B,198,12,26,16,10,12,30,12,12,15,14,10,11
5,1001,source_premigration,1211420,M,2,HG_C,244,11,21,12,15,14,25,14,11,9,16,13,14
5,1001,source_premigration,1211422,M,2,HG_C,244,11,21,12,15,14,25,14,11,9,16,13,14
5,1001,source_premigration,1211428,M,2,HG_B,198,12,26,16,10,12,30,12,12,15,14,10,11
5,1001,source_premigration,1211430,M,2,HG_C,244,12,21,12,15,14,25,13,11,9,16,13,14
5,1001,source_premigration,1211433,M,2,HG_C,244,12,21,13,15,14,25,14,11,9,16,13,14
5,1001,source_premigration,1211435,M,2,HG_B,291,12,24,17,9,13,32,12,12,15,15,10,11
5,1001,source_premigration,1211437,M,2,HG_B,291,12,24,17,9,13,32,12,12,15,15,10,11
5,1001,source_premigration,1211447,M,2,HG_A,121,13,24,13,11,13,28,13,11,14,16,13,12
5,1001,source_premigration,1211448,M,2,HG_A,121,13,24,13,11,13,28,13,11,14,16,13,12
5,1001,source_premigration,1211449,M,2,HG_D,238,15,22,18,13,11,32,13,13,17,13,14,10
5,1001,source_premigration,1211450,M,2,HG_D,238,15,22,18,13,11,32,13,13,17,13,14,10
5,1001,source_premigration,1211451,M,2,HG_D,238,15,22,18,13,11,32,13,13,17,13,14,10
5,1001,source_premigration,1211452,M,2,HG_D,238,15,22,18,13,11,32,13,13,17,13,14,10
5,1001,source_premigration,1211454,M,2,HG_D,303,15,18,17,13,12,33,13,11,16,12,14,8
5,1001,source_premigration,1211455,M,2,HG_D,303,15,18,17,13,12,33,13,11,16,12,14,8
5,1001,source_premigration,1211458,M,2,HG_A,234,13,22,15,11,13,28,12,9,14,16,12,11
5,1001,source_premigration,1211461,M,2,HG_A,326,13,24,14,12,13,29,13,11,14,16,13,10
5,1001,source_premigration,1211468,M,2,HG_C,299,13,20,12,13,14,27,13,10,11,15,13,15
5,1001,source_premigration,1211469,M,2,HG_C,299,13,20,12,13,14,27,13,10,11,15,13,15
5,1001,source_premigration,1211470,M,2,HG_C,299,13,20,12,13,14,27,13,10,11,15,13,15
5,1001,source_premigration,1211472,M,2,HG_C,299,13,20,12,13,14,27,13,10,11,15,13,15
5,1001,source_premigration,1211478,M,2,HG_B,198,12,26,16,10,12,30,12,12,15,14,10,11
5,1001,source_premigration,1211479,M,2,HG_A,121,14,24,13,11,13,28,12,11,14,16,13,12
5,1001,source_premigration,1211480,M,2,HG_A,121,14,24,13,11,13,28,12,11,14,16,13,12
5,1001,source_premigration,1211483,M,2,HG_D,94,16,20,18,12,10,34,11,14,18,12,15,9
5,1001,source_premigration,1211484,M,2,HG_C,475,15,22,10,13,15,26,14,10,9,17,15,13
5,1001,source_premigration,1211486,M,2,HG_C,432,15,22,12,14,15,27,15,9,10,16,14,15
5,1001,source_premigration,1211489,M,2,HG_E,270,10,28,14,10,15,26,14,13,13,18,11,15
5,1001,source_premigration,1211490,M,2,HG_E,270,10,28,14,10,15,26,14,13,13,18,11,15
5,1001,source_premigration,1211491,M,2,HG_C,299,13,20,12,13,14,27,13,10,11,15,13,15
5,1001,source_premigration,1211492,M,2,HG_C,299,13,20,12,13,14,27,13,10,11,15,13,15
5,1001,source_premigration,1211495,M,2,HG_C,244,12,21,12,15,15,25,14,11,9,16,13,14
5,1001,source_premigration,1211496,M,2,HG_B,26,12,25,16,11,12,29,12,12,16,13,12,11
5,1001,source_premigration,1211497,M,2,HG_B,26,12,25,16,11,12,29,12,12,16,13,12,11
5,1001,source_premigration,1211498,M,2,HG_B,26,12,25,16,11,12,29,12,12,16,13,12,11
5,1001,source_premigration,1211502,M,2,HG_A,121,13,24,13,11,13,28,13,11,14,16,13,12
5,1001,source_premigration,1211507,M,2,HG_E,330,12,28,13,11,18,27,14,13,11,17,11,14
5,1001,source_premigration,1211508,M,2,HG_E,330,12,28,13,11,18,27,14,13,11,17,11,14
5,1001,source_premigration,1211509,M,2,HG_E,330,12,28,13,11,18,27,14,13,11,17,11,14
5,1001,source_premigration,1211511,M,2,HG_E,330,12,28,13,11,18,27,14,13,11,17,11,14
5,1001,source_premigration,1211515,M,2,HG_A,121,13,24,13,11,13,28,13,11,14,16,13,12
5,1001,source_premigration,1211521,M,2,HG_A,98,13,23,14,11,13,30,13,10,14,14,12,12
5,1001,source_premigration,1211525,M,2,HG_C,244,12,21,12,15,14,25,13,11,9,16,13,14
5,1001,source_premigration,1211526,M,2,HG_C,244,12,21,12,15,14,25,13,11,9,16,13,14
5,1001,source_premigration,1211528,M,2,HG_C,244,12,21,12,15,14,25,13,11,9,16,13,14
5,1001,source_premigration,1211532,M,2,HG_C,244,11,21,12,15,14,25,14,11,9,16,13,14
5,1001,source_premigration,1211534,M,2,HG_C,493,13,24,11,14,13,28,16,10,11,15,13,15
5,1001,source_premigration,1211535,M,2,HG_B,198,12,26,16,10,12,30,12,12,15,14,10,11
5,1001,source_premigration,1211538,M,2,HG_B,198,12,26,16,10,12,30,12,12,15,14,10,11
5,1001,source_premigration,1211544,M,2,HG_A,234,13,22,15,11,13,28,12,9,14,16,12,11
5,1001,source_premigration,1211546,M,2,HG_E,330,12,28,13,11,18,27,14,13,11,18,11,14
5,1001,source_premigration,1211547,M,2,HG_D,91,16,19,18,14,9,32,11,14,16,12,14,9
5,1001,source_premigration,1211552,M,2,HG_B,26,12,25,16,11,12,29,12,12,16,13,12,11
5,1001,source_premigration,1211553,M,2,HG_B,26,12,25,16,11,12,29,12,12,16,13,12,11
5,1001,source_premigration,1211555,M,2,HG_A,237,13,25,16,10,12,30,14,11,14,16,10,12
5,1001,source_premigration,1211560,M,2,HG_D,94,16,20,18,12,10,34,11,14,18,12,15,9
5,1001,source_premigration,1211561,M,2,HG_D,303,15,18,17,13,12,33,13,11,16,12,14,8
5,1001,source_premigration,1211566,M,2,HG_A,234,13,23,15,11,13,28,12,9,14,16,12,11
5,1001,source_premigration,1211570,M,2,HG_D,94,16,20,19,12,10,33,11,13,17,12,15,9
5,1001,source_premigration,1211576,M,2,HG_E,255,11,26,12,9,17,26,14,15,13,19,12,15
5,1001,source_premigration,1211577,M,2,HG_E,255,11,26,12,9,17,26,14,15,13,19,12,15
5,1001,source_premigration,1211581,M,2,HG_D,238,15,22,18,13,11,32,13,13,17,13,14,10
5,1001,source_premigration,1211583,M,2,HG_C,244,13,21,12,15,14,25,13,11,9,16,13,14
5,1001,source_premigration,1211589,M,2,HG_D,91,16,19,18,14,9,33,11,14,16,12,14,9
5,1001,source_premigration,1211592,M,2,HG_D,91,16,19,18,14,9,33,11,14,16,12,14,9
5,1001,source_premigration,1211598,M,2,HG_A,125,13,25,16,12,12,29,15,12,12,15,14,12
5,1001,source_premigration,1211600,M,2,HG_A,125,13,25,16,12,12,29,15,12,12,15,14,12
5,1001,source_premigration,1211603,M,2,HG_B,43,12,25,16,11,12,31,11,13,14,16,10,13
5,1001,source_premigration,1211604,M,2,HG_B,43,12,25,16,11,12,31,11,13,14,16,10,13
5,1001,source_premigration,1211605,M,2,HG_B,43,12,25,16,11,12,31,11,13,14,16,10,13
5,1001,source_premigration,1211606,M,2,HG_D,303,15,18,17,13,10,33,13,12,16,12,14,8
5,1001,source_premigration,1211608,M,2,HG_D,238,15,22,18,13,11,32,13,13,17,13,14,10
5,1001,source_premigration,1211617,M,2,HG_E,330,12,28,13,11,18,27,14,13,11,17,11,14
5,1001,source_premigration,1211618,M,2,HG_B,198,12,26,16,10,12,30,12,12,15,14,10,11
5,1001,source_premigration,1211624,M,2,HG_E,330,12,27,13,11,18,27,14,13,11,17,11,14
5,1001,source_premigration,1211627,M,2,HG_C,475,15,22,10,13,15,26,14,10,9,17,15,13
5,1001,source_premigration,1211630,M,2,HG_E,330,12,28,13,11,18,27,14,13,11,17,11,14
5,1001,source_premigration,1211635,M,2,HG_D,238,15,22,19,13,11,32,13,13,17,13,14,10
5,1001,source_premigration,1211640,M,2,HG_B,26,12,25,16,11,12,29,12,12,16,13,12,11
5,1001,source_premigration,1211641,M,2,HG_E,255,11,26,12,9,17,26,14,12,13,19,12,15
5,1001,source_premigration,1211642,M,2,HG_E,255,11,26,12,9,17,26,14,12,13,19,12,15
5,1001,source_premigration,1211643,M,2,HG_E,255,11,26,12,9,17,26,14,12,13,19,12,15
5,1001,source_premigration,1211647,M,2,HG_A,98,13,23,14,11,13,30,13,10,14,14,12,12
5,1001,source_premigration,1211648,M,2,HG_A,98,13,23,14,11,13,30,13,10,14,14,12,12
5,1001,source_premigration,1211650,M,2,HG_A,98,13,23,14,11,13,30,13,10,14,14,12,12
5,1001,source_premigration,1211651,M,2,HG_E,120,12,27,12,9,14,27,14,14,12,19,11,15
5,1001,source_premigration,1211653,M,2,HG_C,475,15,22,10,13,15,26,14,10,9,17,15,13
5,1001,source_premigration,1211664,M,2,HG_D,238,15,22,18,13,11,32,13,13,17,13,14,10
5,1001,source_premigration,1211673,M,2,HG_E,255,11,26,12,9,17,26,13,14,13,19,12,15
5,1001,source_premigration,1211674,M,2,HG_E,255,11,26,12,9,17,26,13,14,13,19,12,15
5,1001,source_premigration,1211682,M,2,HG_B,198,12,26,16,10,12,30,12,12,15,14,10,11
5,1001,source_premigration,1211683,M,2,HG_B,198,12,26,16,10,12,30,12,12,15,14,10,11
5,1001,source_premigration,1211686,M,2,HG_E,330,12,28,13,11,18,27,14,13,11,17,11,14
5,1001,source_premigration,1211687,M,2,HG_E,120,12,27,12,9,14,27,14,14,12,19,11,15
5,1001,source_premigration,1211688,M,2,HG_E,255,11,26,12,9,17,27,14,14,12,19,12,15
5,1001,source_premigration,1211694,M,2,HG_B,198,12,26,16,10,12,30,12,12,15,14,10,11
5,1001,source_premigration,1211695,M,2,HG_B,198,12,26,16,10,12,30,12,12,15,14,10,11
5,1001,source_premigration,1211696,M,2,HG_D,238,15,22,19,13,11,32,13,13,17,13,14,10
5,1001,source_premigration,1211699,M,2,HG_D,303,15,18,17,13,12,33,13,11,16,12,14,8
5,1001,source_premigration,1211700,M,2,HG_D,303,15,18,17,13,12,33,13,11,16,12,15,8
5,1001,source_premigration,1211702,M,2,HG_A,98,13,22,14,11,13,30,13,10,14,14,12,12
5,1001,source_premigration,1211703,M,2,HG_A,98,13,22,14,11,13,30,13,10,14,14,12,12
5,1001,source_premigration,1211708,M,2,HG_B,291,12,24,17,9,13,32,12,12,15,15,10,11
5,1001,source_premigration,1211714,M,2,HG_E,270,10,28,14,10,15,26,14,14,13,18,11,15
5,1001,source_premigration,1211716,M,2,HG_C,244,12,21,12,15,14,25,14,11,9,16,13,14
5,1001,source_premigration,1211719,M,2,HG_E,255,11,26,12,9,17,26,14,13,13,19,12,15
5,1001,source_premigration,1211720,M,2,HG_E,255,11,26,12,9,17,26,14,13,13,19,12,15
5,1001,source_premigration,1211722,M,2,HG_B,168,12,25,17,11,12,31,12,12,16,15,9,11
5,1001,source_premigration,1211725,M,2,HG_E,330,12,28,13,11,19,27,14,13,11,17,11,14
5,1001,source_premigration,1211726,M,2,HG_E,330,12,28,13,11,19,27,14,13,11,17,11,14
5,1001,source_premigration,1211727,M,2,HG_E,330,12,28,13,11,19,27,14,13,11,17,11,14
5,1001,source_premigration,1211729,M,2,HG_D,129,14,21,18,13,11,32,11,12,17,12,12,8
5,1001,source_premigration,1211730,M,2,HG_D,129,14,21,18,13,11,32,11,12,17,12,12,8
5,1001,source_premigration,1211733,M,2,HG_E,330,12,28,13,11,19,27,14,13,11,17,11,14
5,1001,source_premigration,1211736,M,2,HG_E,330,12,28,13,11,19,27,14,13,11,17,11,14
5,1001,source_premigration,1211737,M,2,HG_A,98,13,22,14,11,13,30,13,10,14,14,12,12
5,1001,source_premigration,1211738,M,2,HG_B,302,13,24,17,10,11,31,11,12,15,12,9,10
5,1001,source_premigration,1211742,M,2,HG_B,26,12,25,16,11,12,29,12,12,16,13,12,11
5,1001,source_premigration,1211747,M,2,HG_C,244,12,21,13,15,14,25,14,11,9,16,13,14
5,1001,source_premigration,1211750,M,2,HG_E,330,12,28,13,11,18,27,14,13,11,17,11,14
5,1001,source_premigration,1211756,M,2,HG_D,303,15,18,17,13,12,33,13,11,16,12,14,8
5,1001,source_premigration,1211757,M,2,HG_D,303,15,18,17,13,12,33,13,11,16,12,14,8
5,1001,source_premigration,1211765,M,2,HG_A,301,12,24,15,11,13,28,14,11,14,15,12,11
5,1001,source_premigration,1211767,M,2,HG_A,301,12,24,15,11,13,28,14,11,14,15,12,11
5,1001,source_premigration,1211769,M,2,HG_C,475,15,22,10,13,15,26,13,10,9,17,15,13
5,1001,source_premigration,1211772,M,2,HG_C,475,15,22,10,13,15,26,13,10,9,17,15,13
5,1001,source_premigration,1211775,M,2,HG_A,60,13,25,15,10,14,29,14,13,14,15,12,14
5,1001,source_premigration,1211781,M,2,HG_A,121,13,24,12,11,13,28,13,11,14,16,13,12
5,1001,source_premigration,1211783,M,2,HG_B,198,12,26,16,10,12,30,12,12,15,14,10,11
5,1001,source_premigration,1211784,M,2,HG_B,198,12,26,16,10,12,30,12,12,15,14,10,11
5,1001,source_premigration,1211785,M,2,HG_B,198,12,26,16,10,12,30,12,12,15,14,10,11
5,1001,source_premigration,1211786,M,2,HG_B,198,12,26,16,10,12,30,12,12,15,14,10,11
5,1001,source_premigration,1211788,M,2,HG_E,74,11,28,13,10,15,26,15,14,13,19,12,15
5,1001,source_premigration,1211789,M,2,HG_E,74,11,28,13,10,15,26,15,14,13,19,12,15
5,1001,source_premigration,1211790,M,2,HG_E,74,11,28,13,10,15,26,15,14,13,19,12,15
5,1001,source_premigration,1211791,M,2,HG_E,74,11,28,13,10,15,26,15,14,13,19,12,15
5,1001,source_premigration,1211798,M,2,HG_D,238,15,22,18,13,11,32,13,13,17,13,14,10
5,1001,source_premigration,1211799,M,2,HG_D,238,15,22,18,13,11,32,13,13,17,13,14,10
5,1001,source_premigration,1211803,M,2,HG_B,291,12,24,17,9,13,32,12,12,15,15,10,11
5,1001,source_premigration,1211805,M,2,HG_B,291,12,24,17,9,13,32,12,12,15,15,10,11
5,1001,source_premigration,1211810,M,2,HG_B,302,13,24,17,10,11,31,11,12,15,13,9,10
5,1001,source_premigration,1211811,M,2,HG_B,302,13,24,17,10,11,31,11,12,15,13,9,10
5,1001,source_premigration,1211814,M,2,HG_A,125,13,25,16,12,12,29,15,12,12,15,14,12
5,1001,source_premigration,1211815,M,2,HG_A,125,13,25,16,12,12,29,15,12,12,15,14,12
5,1001,source_premigration,1211817,M,2,HG_C,493,13,24,11,14,13,28,16,10,11,15,13,15
5,1001,source_premigration,1211818,M,2,HG_D,238,15,22,18,13,11,32,13,13,17,13,14,10
5,1001,source_premigration,1211821,M,2,HG_E,330,12,28,13,11,18,27,14,13,11,17,11,14
5,1001,source_premigration,1211824,M,2,HG_E,330,12,28,13,11,18,27,14,13,11,17,11,14
5,1001,source_premigration,1211826,M,2,HG_A,234,13,22,15,11,13,28,12,9,14,16,12,11
5,1001,source_premigration,1211829,M,2,HG_A,234,13,23,15,11,13,28,12,9,14,16,12,11
5,1001,source_premigration,1211830,M,2,HG_C,475,15,22,10,13,15,26,14,10,9,17,15,13
5,1001,source_premigration,1211832,M,2,HG_C,244,12,21,12,15,14,25,14,11,9,16,13,14
5,1001,source_premigration,1211834,M,2,HG_B,227,12,24,16,11,14,31,11,13,15,14,10,10
5,1001,source_premigration,1211836,M,2,HG_B,227,12,24,16,11,14,31,11,13,15,14,10,10
5,1001,source_premigration,1211837,M,2,HG_B,302,13,24,17,10,11,31,11,12,15,12,9,10
5,1001,source_premigration,1211840,M,2,HG_D,249,15,20,17,12,12,34,11,13,17,11,12,10
5,1001,source_premigration,1211844,M,2,HG_B,126,13,26,15,10,11,32,11,11,17,13,9,12
5,1001,source_premigration,1211850,M,2,HG_B,168,12,25,17,11,12,31,12,12,16,15,9,11
5,1001,source_premigration,1211854,M,2,HG_D,303,15,18,17,13,12,33,13,11,16,12,14,8
5,1001,source_premigration,1211856,M,2,HG_D,303,15,18,17,13,12,33,13,11,16,12,14,8
5,1001,source_premigration,1211860,M,2,HG_D,91,16,19,18,14,9,33,11,14,16,12,14,9
5,1001,source_premigration,1211864,M,2,HG_D,91,16,19,18,14,9,33,11,14,16,12,14,9
5,1001,source_premigration,1211865,M,2,HG_D,91,16,19,18,14,9,33,11,14,16,12,14,9
5,1001,source_premigration,1211867,M,2,HG_C,493,13,24,11,14,13,28,16,10,11,15,13,15
5,1001,source_premigration,1211869,M,2,HG_C,493,13,24,11,14,13,28,16,10,11,15,13,15
5,1001,source_premigration,1211870,M,2,HG_B,26,12,25,16,11,12,29,12,12,16,13,12,11
5,1001,source_premigration,1211872,M,2,HG_A,312,15,25,14,12,13,30,12,11,14,13,13,12
5,1001,source_premigration,1211874,M,2,HG_A,312,15,25,14,12,13,30,12,11,14,13,13,12
5,1001,source_premigration,1211876,M,2,HG_E,255,11,26,12,9,17,26,14,13,13,19,12,15
5,1001,source_premigration,1211878,M,2,HG_E,74,11,28,13,11,15,26,15,14,13,19,12,15
5,1001,source_premigration,1211879,M,2,HG_E,74,11,28,13,11,15,26,15,14,13,19,12,15
5,1001,source_premigration,1211880,M,2,HG_B,198,12,26,16,10,12,30,12,12,15,14,10,11
5,1001,source_premigration,1211882,M,2,HG_D,238,15,22,18,13,11,32,13,13,17,13,14,10
5,1001,source_premigration,1211887,M,2,HG_B,26,12,25,16,11,12,29,12,12,16,13,12,11
5,1001,source_premigration,1211889,M,2,HG_D,238,15,22,18,13,11,32,13,13,17,13,14,10
5,1001,source_premigration,1211893,M,2,HG_D,303,15,18,17,13,12,33,13,11,16,12,14,8
5,1001,source_premigration,1211894,M,2,HG_D,303,15,18,17,13,12,33,13,11,16,12,14,8
5,1001,source_premigration,1211896,M,2,HG_C,475,15,22,10,13,15,26,13,10,9,17,15,13
5,1001,source_premigration,1211897,M,2,HG_C,244,12,21,12,15,14,25,14,11,9,16,13,14
5,1001,source_premigration,1211898,M,2,HG_C,244,12,21,12,15,14,25,14,11,9,16,13,14
5,1001,source_premigration,1211905,M,2,HG_E,330,12,28,13,11,18,27,14,13,11,17,11,14
5,1001,source_premigration,1211906,M,2,HG_E,330,12,28,13,11,18,27,14,13,11,17,11,14
5,1001,source_premigration,1211909,M,2,HG_B,126,13,26,15,10,11,31,11,11,17,13,9,12
5,1001,source_premigration,1211910,M,2,HG_C,475,15,22,10,13,15,26,13,10,9,17,15,13
5,1001,source_premigration,1211914,M,2,HG_E,255,11,26,12,9,17,27,14,12,13,19,12,15
5,1001,source_premigration,1211915,M,2,HG_C,329,15,21,12,15,14,28,16,11,12,14,12,13
5,1001,source_premigration,1211916,M,2,HG_C,475,15,22,10,13,15,26,14,10,9,17,15,13
5,1001,source_premigration,1211917,M,2,HG_C,475,15,22,10,13,15,26,14,10,9,17,15,13
5,1001,source_premigration,1211918,M,2,HG_C,475,15,22,10,13,15,26,14,10,9,17,15,13
5,1001,source_premigration,1211919,M,2,HG_C,475,15,22,10,13,15,26,14,10,9,17,15,13
5,1001,source_premigration,1211920,M,2,HG_C,475,15,22,10,13,15,26,14,10,9,17,15,13
5,1001,source_premigration,1211922,M,2,HG_C,475,15,22,11,13,15,26,13,10,9,17,15,13
5,1001,source_premigration,1211923,M,2,HG_C,475,15,22,11,13,15,26,13,10,9,17,15,13
5,1001,source_premigration,1211924,M,2,HG_C,475,15,22,10,13,15,26,13,10,9,17,15,13
5,1001,source_premigration,1211927,M,2,HG_B,302,13,24,17,10,11,31,11,12,15,13,9,10
5,1001,source_premigration,1211928,M,2,HG_C,299,13,20,12,13,14,27,13,10,11,15,13,15
5,1001,source_premigration,1211931,M,2,HG_C,475,15,22,10,13,15,26,14,10,9,17,15,13
5,1001,source_premigration,1211932,M,2,HG_C,475,15,22,10,13,15,26,14,10,9,17,15,13
5,1001,source_premigration,1211933,M,2,HG_C,475,15,22,10,13,15,26,14,10,9,17,15,13
5,1001,source_premigration,1211934,M,2,HG_C,475,15,22,10,13,15,26,14,10,9,17,15,13
5,1001,source_premigration,1211937,M,2,HG_D,249,14,19,17,12,12,34,11,13,17,11,13,10
5,1001,source_premigration,1211938,M,2,HG_C,244,12,21,12,15,15,25,14,11,9,16,13,14
5,1001,source_premigration,1211942,M,2,HG_C,244,12,21,12,15,15,25,14,11,9,16,13,14
5,1001,source_premigration,1211944,M,2,HG_B,302,13,24,17,10,11,31,11,12,15,13,9,10
5,1001,source_premigration,1211948,M,2,HG_E,330,12,28,13,11,18,27,14,13,11,17,11,14
5,1001,source_premigration,1211949,M,2,HG_E,330,12,28,13,11,18,27,14,13,11,17,11,14
5,1001,source_premigration,1211952,M,2,HG_A,60,13,25,15,10,13,29,14,13,14,15,12,14
5,1001,source_premigration,1211959,M,2,HG_D,303,15,18,17,13,12,33,13,11,16,12,14,8
5,1001,source_premigration,1211960,M,2,HG_D,303,15,18,17,13,12,33,13,11,16,12,14,8
5,1001,source_premigration,1211961,M,2,HG_D,303,15,18,17,13,12,33,13,11,16,12,14,8
5,1001,source_premigration,1211963,M,2,HG_B,168,12,25,17,11,12,31,11,12,16,15,9,11
5,1001,source_premigration,1211967,M,2,HG_C,329,15,21,12,15,14,28,16,11,12,14,12,13
5,1001,source_premigration,1211969,M,2,HG_C,329,15,21,12,15,14,28,16,11,12,14,12,13
5,1001,source_premigration,1211972,M,2,HG_D,245,14,19,18,15,10,34,14,13,16,11,15,10
5,1001,source_premigration,1211973,M,2,HG_D,303,15,18,17,13,12,33,14,11,16,12,14,8
5,1001,source_premigration,1211976,M,2,HG_D,303,15,18,17,13,12,33,13,11,16,12,14,8
5,1001,source_premigration,1211977,M,2,HG_D,303,15,18,17,13,12,33,14,11,16,12,14,8
5,1001,source_premigration,1211978,M,2,HG_D,303,15,18,17,13,12,33,14,11,16,12,14,8
5,1001,source_premigration,1211984,M,2,HG_D,238,15,22,19,13,11,32,13,13,17,13,14,10
5,1001,source_premigration,1211986,M,2,HG_C,329,15,21,12,15,14,28,16,11,12,14,12,13
5,1001,source_premigration,1211988,M,2,HG_A,121,13,24,13,11,13,28,13,11,14,16,13,12
5,1001,source_premigration,1211989,M,2,HG_D,394,15,20,18,14,12,32,11,14,18,12,14,10
5,1001,source_premigration,1211991,M,2,HG_B,26,12,25,16,11,12,29,12,12,16,13,12,11
5,1001,source_premigration,1211994,M,2,HG_D,91,16,19,18,14,9,32,11,14,16,12,14,9
5,1001,source_premigration,1211995,M,2,HG_D,91,16,19,18,14,9,32,11,14,16,12,14,9
5,1001,source_premigration,1212001,M,2,HG_D,303,15,18,17,13,10,33,13,11,16,12,14,8
5,1001,source_premigration,1212003,M,2,HG_D,303,15,18,17,13,10,33,13,11,16,12,14,8
5,1001,source_premigration,1212006,M,2,HG_A,234,13,23,15,11,13,29,12,9,14,16,12,11
5,1001,source_premigration,1212007,M,2,HG_A,234,13,23,15,11,13,29,12,9,14,16,12,11
5,1001,source_premigration,1212009,M,2,HG_A,234,13,23,15,11,13,29,12,9,14,16,12,11
5,1001,source_premigration,1212011,M,2,HG_C,244,12,21,12,15,14,25,14,11,9,16,13,14
5,1001,source_premigration,1212018,M,2,HG_B,168,12,25,17,11,12,31,12,12,16,15,9,11
5,1001,source_premigration,1212019,M,2,HG_D,303,15,18,17,13,10,33,13,11,16,12,14,8
5,1001,source_premigration,1212026,M,2,HG_D,238,15,22,19,13,11,32,13,13,17,13,14,10
5,1001,source_premigration,1212027,M,2,HG_D,238,15,22,19,13,11,32,13,13,17,13,14,10
5,1001,source_premigration,1212031,M,2,HG_E,330,12,28,13,11,19,27,14,13,11,17,11,14
5,1001,source_premigration,1212032,M,2,HG_E,330,12,28,13,11,19,27,14,13,11,17,11,14
5,1001,source_premigration,1212033,M,2,HG_C,244,12,21,12,15,14,25,14,11,9,16,13,14
5,1001,source_premigration,1212035,M,2,HG_C,244,12,21,12,15,14,25,14,11,9,16,13,14
5,1001,source_premigration,1212036,M,2,HG_C,244,12,21,12,15,14,25,14,11,9,16,13,14
5,1001,source_premigration,1212038,M,2,HG_B,168,12,25,17,11,12,31,12,12,16,15,9,11
5,1001,source_premigration,1212047,M,2,HG_D,303,15,18,16,13,10,33,13,11,16,12,14,8
5,1001,source_premigration,1212057,M,2,HG_A,234,13,23,15,11,12,28,12,9,14,16,12,11
5,1001,source_premigration,1212059,M,2,HG_A,234,13,23,15,11,12,28,12,9,14,16,12,11
5,1001,source_premigration,1212061,M,2,HG_A,301,12,25,15,11,12,28,14,11,14,15,12,11
5,1001,source_premigration,1212063,M,2,HG_E,330,12,28,13,11,18,27,14,13,11,17,11,14
5,1001,source_premigration,1212069,M,2,HG_E,330,12,28,13,11,18,27,14,13,11,17,11,14
5,1001,source_premigration,1212074,M,2,HG_E,330,12,28,13,11,18,27,14,13,11,17,11,14
5,1001,source_premigration,1212077,M,2,HG_E,330,12,28,13,11,18,27,14,13,11,17,11,14
5,1001,source_premigration,1212078,M,2,HG_E,74,11,28,13,10,15,26,15,14,13,19,12,15
5,1001,source_premigration,1212080,M,2,HG_E,74,11,28,13,10,15,26,15,14,13,19,12,15
5,1001,source_premigration,1212083,M,2,HG_A,312,15,25,14,12,13,30,12,11,14,13,13,12
5,1001,source_premigration,1212086,M,2,HG_E,330,12,28,13,11,18,27,14,13,11,17,11,14
5,1001,source_premigration,1212089,M,2,HG_D,238,15,21,18,13,11,32,13,13,17,13,14,10
5,1001,source_premigration,1212092,M,2,HG_C,475,15,22,11,13,15,26,13,10,9,17,15,13
5,1001,source_premigration,1212093,M,2,HG_C,475,15,22,11,13,15,26,13,10,9,17,15,13
5,1001,source_premigration,1212098,M,2,HG_B,302,13,24,17,10,11,31,11,12,15,12,9,10
5,1001,source_premigration,1212099,M,2,HG_C,244,12,21,12,15,14,25,14,11,9,16,13,14
5,1001,source_premigration,1212101,M,2,HG_C,244,12,21,12,15,14,25,14,11,9,16,13,14
5,1001,source_premigration,1212103,M,2,HG_C,493,13,24,11,14,13,28,16,10,11,15,13,15
5,1001,source_premigration,1212104,M,2,HG_C,493,13,24,11,14,13,28,16,10,11,15,13,15
5,1001,source_premigration,1212105,M,2,HG_C,493,13,24,11,14,13,28,16,10,11,15,13,15
5,1001,source_premigration,1212110,M,2,HG_D,65,15,18,17,13,11,33,11,13,17,11,14,9
5,1001,source_premigration,1212113,M,2,HG_A,228,12,25,13,10,13,31,12,11,13,14,12,11
5,1001,source_premigration,1212117,M,2,HG_E,74,10,29,13,9,15,26,15,14,13,19,12,15
5,1001,source_premigration,1212123,M,2,HG_E,74,11,28,13,9,15,26,15,14,13,19,12,15
5,1001,source_premigration,1212125,M,2,HG_C,475,15,22,10,13,15,26,14,10,9,17,15,13
5,1001,source_premigration,1212127,M,2,HG_C,475,15,22,10,13,15,26,14,10,9,17,15,13
5,1001,source_premigration,1212130,M,2,HG_C,244,12,21,12,15,14,25,13,11,9,16,13,14
5,1001,source_premigration,1212131,M,2,HG_C,244,12,21,12,15,14,25,13,11,9,16,13,14
5,1001,source_premigration,1212134,M,2,HG_A,237,13,25,15,10,12,30,14,11,14,16,10,12
5,1001,source_premigration,1212135,M,2,HG_C,329,15,21,12,15,14,28,16,11,12,14,12,13
5,1001,source_premigration,1212138,M,2,HG_B,302,13,24,17,10,11,31,11,12,15,13,9,10
5,1001,source_premigration,1212142,M,2,HG_E,255,11,26,12,9,17,26,14,13,13,19,12,15
5,1001,source_premigration,1212145,M,2,HG_D,91,16,19,18,14,9,32,11,14,16,12,14,9
5,1001,source_premigration,1212149,M,2,HG_E,330,12,28,12,11,18,27,14,13,11,17,11,14
5,1001,source_premigration,1212150,M,2,HG_E,330,12,28,12,11,18,27,14,13,11,17,11,14
5,1001,source_premigration,1212151,M,2,HG_E,330,12,28,12,11,18,27,14,13,11,17,11,14
5,1001,source_premigration,1212161,M,2,HG_C,244,12,21,12,15,14,25,14,11,9,16,13,14
5,1001,source_premigration,1212162,M,2,HG_E,270,10,28,14,10,15,26,14,14,13,18,11,15
5,1001,source_premigration,1212163,M,2,HG_E,270,10,28,14,10,15,26,14,14,13,18,11,15
5,1001,source_premigration,1212164,M,2,HG_B,291,12,24,17,9,13,32,12,12,15,15,10,11
5,1001,source_premigration,1212165,M,2,HG_B,291,12,24,17,9,13,32,12,12,15,15,10,11
5,1001,source_premigration,1212166,M,2,HG_E,330,12,28,13,11,18,27,14,13,11,17,11,14
5,1001,source_premigration,1212167,M,2,HG_E,330,12,28,13,11,18,27,14,13,11,17,11,14
5,1001,source_premigration,1212169,M,2,HG_D,91,16,19,18,14,9,32,11,14,16,12,14,9
5,1001,source_premigration,1212172,M,2,HG_D,303,15,18,17,13,12,33,13,11,16,12,14,8
5,1001,source_premigration,1212177,M,2,HG_A,234,13,22,15,11,13,28,13,9,14,16,12,11
5,1001,source_premigration,1212185,M,1,HG_E,330,12,28,13,11,18,27,14,13,11,17,11,14
5,1001,source_premigration,1212186,M,1,HG_A,121,13,24,13,11,13,28,13,11,14,16,13,12
5,1001,source_premigration,1212187,M,1,HG_E,74,10,29,13,9,15,26,15,14,13,19,12,15
5,1001,source_premigration,1212193,M,1,HG_B,227,12,24,16,11,14,31,11,13,15,14,10,10
5,1001,source_premigration,1212194,M,1,HG_E,270,10,28,14,10,15,26,14,14,13,18,11,15
5,1001,source_premigration,1212195,M,1,HG_E,270,10,28,14,10,15,26,14,14,13,18,11,15
5,1001,source_premigration,1212197,M,1,HG_B,168,12,24,17,11,12,31,11,12,16,15,9,11
5,1001,source_premigration,1212201,M,1,HG_B,168,12,24,17,11,12,31,11,12,16,15,9,11
5,1001,source_premigration,1212202,M,1,HG_E,409,12,27,13,9,17,24,13,15,11,19,10,15
5,1001,source_premigration,1212205,M,1,HG_E,409,12,27,13,9,17,24,13,15,11,19,10,15
5,1001,source_premigration,1212207,M,1,HG_E,409,12,27,13,9,17,24,13,15,11,19,10,15
5,1001,source_premigration,1212208,M,1,HG_D,249,14,19,17,12,12,34,11,13,17,11,13,10
5,1001,source_premigration,1212210,M,1,HG_D,249,14,19,17,12,12,34,11,13,17,11,13,10
5,1001,source_premigration,1212214,M,1,HG_A,234,13,23,15,11,13,28,12,9,14,16,12,11
5,1001,source_premigration,1212215,M,1,HG_A,234,13,23,15,11,13,28,12,9,14,16,12,11
5,1001,source_premigration,1212219,M,1,HG_A,237,13,25,15,10,12,30,14,11,14,16,10,12
5,1001,source_premigration,1212222,M,1,HG_B,126,13,26,15,10,11,32,11,11,17,13,9,12
5,1001,source_premigration,1212224,M,1,HG_C,493,13,24,11,14,13,28,16,10,11,15,13,15
5,1001,source_premigration,1212225,M,1,HG_C,493,13,24,11,14,13,28,16,10,11,15,13,15
5,1001,source_premigration,1212226,M,1,HG_C,493,13,24,11,14,13,28,16,10,11,15,13,15
5,1001,source_premigration,1212228,M,1,HG_E,270,10,28,14,10,15,26,14,14,13,18,11,15
5,1001,source_premigration,1212231,M,1,HG_B,168,12,25,17,11,12,31,12,12,16,15,9,11
5,1001,source_premigration,1212232,M,1,HG_B,168,12,25,17,11,12,31,12,12,16,15,9,11
5,1001,source_premigration,1212235,M,1,HG_A,234,13,22,15,11,13,28,12,9,14,16,12,11
5,1001,source_premigration,1212237,M,1,HG_A,234,13,22,15,11,13,28,12,9,14,16,12,11
5,1001,source_premigration,1212244,M,1,HG_D,91,16,19,18,14,9,32,11,14,16,12,14,9
5,1001,source_premigration,1212246,M,1,HG_C,329,15,21,12,15,14,28,16,11,12,14,12,13
5,1001,source_premigration,1212247,M,1,HG_C,329,15,21,12,15,14,28,16,11,12,14,12,13
5,1001,source_premigration,1212248,M,1,HG_C,329,15,21,12,15,14,28,16,11,12,14,12,13
5,1001,source_premigration,1212250,M,1,HG_C,329,15,21,12,15,14,28,16,11,12,14,12,13
5,1001,source_premigration,1212253,M,1,HG_E,74,11,28,13,10,15,26,15,14,13,19,12,15
5,1001,source_premigration,1212254,M,1,HG_E,74,10,29,13,9,15,26,15,14,13,19,12,15
5,1001,source_premigration,1212255,M,1,HG_E,74,10,29,13,9,15,26,15,14,13,19,12,15
5,1001,source_premigration,1212256,M,1,HG_E,74,10,29,13,9,15,26,15,14,13,19,12,15
5,1001,source_premigration,1212257,M,1,HG_B,302,13,24,17,10,11,31,11,12,15,12,9,10
5,1001,source_premigration,1212260,M,1,HG_B,302,13,24,17,10,11,31,11,12,15,12,9,10
5,1001,source_premigration,1212263,M,1,HG_D,91,16,19,18,14,9,32,11,14,16,12,14,9
5,1001,source_premigration,1212267,M,1,HG_B,444,12,25,16,9,13,32,12,14,15,14,10,11
5,1001,source_premigration,1212271,M,1,HG_C,244,12,21,12,15,15,25,14,11,9,16,13,14
5,1001,source_premigration,1212272,M,1,HG_C,244,12,21,12,15,14,25,14,11,9,16,13,14
5,1001,source_premigration,1212275,M,1,HG_E,330,12,28,13,11,18,27,14,13,11,17,11,14
5,1001,source_premigration,1212278,M,1,HG_E,330,12,28,13,11,18,27,14,13,11,17,11,14
5,1001,source_premigration,1212286,M,1,HG_B,291,12,24,17,9,13,32,12,12,15,15,10,11
5,1001,source_premigration,1212288,M,1,HG_E,255,11,26,12,9,17,26,14,14,13,19,12,15
5,1001,source_premigration,1212289,M,1,HG_E,255,11,26,12,9,17,26,14,14,13,19,12,15
5,1001,source_premigration,1212290,M,1,HG_E,255,11,26,12,9,17,26,14,14,13,19,12,15
5,1001,source_premigration,1212294,M,1,HG_C,493,13,24,11,14,13,28,16,10,11,15,13,15
5,1001,source_premigration,1212295,M,1,HG_D,394,15,20,18,14,12,32,11,14,18,12,14,10
5,1001,source_premigration,1212296,M,1,HG_D,394,15,20,18,14,12,32,11,14,18,12,14,10
5,1001,source_premigration,1212302,M,1,HG_C,475,15,22,10,13,15,26,13,10,9,17,15,13
5,1001,source_premigration,1212303,M,1,HG_C,475,15,22,10,13,15,26,13,10,9,17,15,13
5,1001,source_premigration,1212308,M,1,HG_B,198,12,26,16,10,12,30,12,12,15,14,10,11
5,1001,source_premigration,1212310,M,1,HG_A,234,13,22,15,11,13,28,12,9,14,16,12,11
5,1001,source_premigration,1212311,M,1,HG_A,234,13,22,15,11,13,28,12,9,14,16,12,11
5,1001,source_premigration,1212313,M,1,HG_C,493,13,24,11,13,13,28,16,10,11,15,13,15
5,1001,source_premigration,1212314,M,1,HG_C,493,13,24,11,13,13,28,16,10,11,15,13,15
5,1001,source_premigration,1212315,M,1,HG_C,475,15,22,10,13,15,26,14,10,9,17,15,13
5,1001,source_premigration,1212319,M,1,HG_A,234,13,23,15,11,13,28,12,9,14,16,12,11
5,1001,source_premigration,1212325,M,1,HG_D,238,15,22,18,13,11,32,13,13,17,13,14,10
5,1001,source_premigration,1212326,M,1,HG_D,238,15,22,18,13,11,32,13,13,17,13,14,10
5,1001,source_premigration,1212328,M,1,HG_D,238,15,22,18,13,11,32,13,13,17,13,14,10
5,1001,source_premigration,1212329,M,1,HG_D,238,15,22,18,13,11,32,13,13,17,13,14,10
5,1001,source_premigration,1212336,M,1,HG_E,120,11,27,12,9,14,27,15,15,12,19,11,15
5,1001,source_premigration,1212338,M,1,HG_E,255,11,26,12,9,17,26,14,15,13,19,12,15
5,1001,source_premigration,1212339,M,1,HG_E,255,11,26,12,9,17,26,14,15,13,19,12,15
5,1001,source_premigration,1212340,M,1,HG_E,255,11,26,12,9,17,26,14,15,13,19,12,15
5,1001,source_premigration,1212341,M,1,HG_B,126,13,26,15,10,11,31,12,11,17,13,9,12
5,1001,source_premigration,1212342,M,1,HG_B,126,13,26,15,10,11,31,12,11,17,13,9,12
5,1001,source_premigration,1212345,M,1,HG_B,126,13,26,15,10,11,31,12,11,17,13,9,12
5,1001,source_premigration,1212347,M,1,HG_D,91,16,19,18,14,9,33,11,14,16,12,14,9
5,1001,source_premigration,1212349,M,1,HG_E,330,12,28,13,11,18,27,14,13,11,17,11,14
5,1001,source_premigration,1212352,M,1,HG_B,302,13,24,17,10,11,31,11,12,15,13,9,10
5,1001,source_premigration,1212355,M,1,HG_B,302,13,24,17,10,11,31,11,12,15,13,9,10
5,1001,source_premigration,1212361,M,1,HG_A,121,13,24,13,11,13,28,13,11,14,16,13,12
5,1001,source_premigration,1212363,M,1,HG_B,291,12,24,17,9,13,32,12,12,15,15,10,11
5,1001,source_premigration,1212367,M,1,HG_A,343,13,23,14,11,14,30,14,12,16,14,13,11
5,1001,source_premigration,1212368,M,1,HG_A,343,13,23,14,11,14,30,14,12,15,14,13,11
5,1001,source_premigration,1212371,M,1,HG_D,249,15,20,17,12,12,34,11,13,17,11,12,10
5,1001,source_premigration,1212372,M,1,HG_D,249,15,20,17,12,12,34,11,13,17,11,12,10
5,1001,source_premigration,1212377,M,1,HG_B,198,12,26,16,10,12,30,12,12,15,14,10,11
5,1001,source_premigration,1212379,M,1,HG_B,198,12,26,16,10,12,30,12,12,15,14,10,11
5,1001,source_premigration,1212381,M,1,HG_D,410,13,18,18,13,11,34,11,12,17,13,12,11
5,1001,source_premigration,1212382,M,1,HG_D,303,15,18,17,13,10,33,13,11,16,12,14,8
5,1001,source_premigration,1212386,M,1,HG_B,302,13,24,17,10,11,31,11,12,15,13,9,10
5,1001,source_premigration,1212387,M,1,HG_B,302,13,24,17,10,11,31,11,12,15,13,9,10
5,1001,source_premigration,1212388,M,1,HG_B,302,13,24,17,10,11,31,11,12,15,13,9,10
5,1001,source_premigration,1212391,M,1,HG_D,303,15,18,17,13,12,33,14,11,16,12,14,8
5,1001,source_premigration,1212395,M,1,HG_E,330,12,28,13,11,19,27,14,13,11,17,11,14
5,1001,source_premigration,1212396,M,1,HG_E,330,12,28,13,11,18,27,14,13,11,17,11,14
5,1001,source_premigration,1212398,M,1,HG_B,126,12,26,15,10,11,31,12,11,17,13,9,12
5,1001,source_premigration,1212400,M,1,HG_D,238,15,22,19,13,11,32,13,13,17,13,14,10
5,1001,source_premigration,1212401,M,1,HG_D,238,15,22,19,13,11,32,13,13,17,13,14,10
5,1001,source_premigration,1212402,M,1,HG_D,238,15,22,19,13,11,32,13,13,17,13,14,10
5,1001,source_premigration,1212406,M,1,HG_A,121,14,24,13,11,13,28,12,11,14,16,13,12
5,1001,source_premigration,1212407,M,1,HG_A,121,14,24,13,11,13,28,12,11,14,16,13,12
5,1001,source_premigration,1212408,M,1,HG_A,121,14,24,13,11,13,28,12,11,14,16,13,12
5,1001,source_premigration,1212411,M,1,HG_B,444,12,25,16,9,13,32,12,14,15,14,10,11
5,1001,source_premigration,1212419,M,1,HG_E,330,12,28,13,11,18,27,14,13,11,18,11,14
5,1001,source_premigration,1212423,M,1,HG_A,301,12,24,15,11,12,28,14,11,14,15,12,11
5,1001,source_premigration,1212424,M,1,HG_A,301,12,24,15,11,12,28,14,11,14,15,12,11
5,1001,source_premigration,1212428,M,1,HG_D,91,16,19,18,14,9,33,11,14,16,12,14,9
5,1001,source_premigration,1212429,M,1,HG_D,91,16,19,18,14,9,33,11,14,16,12,14,9
5,1001,source_premigration,1212430,M,1,HG_D,91,16,19,18,14,9,33,11,14,16,12,14,9
5,1001,source_premigration,1212433,M,1,HG_A,121,13,24,13,11,13,28,13,11,14,16,13,12
5,1001,source_premigration,1212434,M,1,HG_A,121,13,24,13,11,13,28,13,11,14,16,13,12
5,1001,source_premigration,1212437,M,1,HG_C,244,13,21,12,15,14,25,13,11,9,16,13,14
5,1001,source_premigration,1212439,M,1,HG_C,244,13,21,12,15,14,25,13,11,9,16,13,14
5,1001,source_premigration,1212440,M,1,HG_A,312,15,25,14,12,13,30,12,11,14,13,13,12
5,1001,source_premigration,1212441,M,1,HG_A,312,15,25,14,12,13,30,12,11,14,13,13,12
5,1001,source_premigration,1212444,M,1,HG_B,302,13,24,17,10,11,31,11,12,15,12,9,10
5,1001,source_premigration,1212445,M,1,HG_B,302,13,24,17,10,11,31,11,12,15,12,9,10
5,1001,source_premigration,1212447,M,1,HG_E,255,11,26,12,9,17,27,14,12,13,19,12,15
5,1001,source_premigration,1212449,M,1,HG_D,303,15,18,17,13,10,33,13,11,16,12,14,8
5,1001,source_premigration,1212451,M,1,HG_A,98,13,23,14,11,13,30,13,10,14,14,12,12
5,1001,source_premigration,1212452,M,1,HG_A,98,13,23,14,11,13,30,13,10,14,14,12,12
5,1001,source_premigration,1212453,M,1,HG_B,198,12,26,16,10,12,30,12,12,15,14,10,11
5,1001,source_premigration,1212454,M,1,HG_B,198,12,26,16,10,12,30,12,12,15,14,10,11
5,1001,source_premigration,1212455,M,1,HG_C,299,13,20,12,13,14,27,13,10,11,15,13,15
5,1001,source_premigration,1212457,M,1,HG_C,299,13,20,12,13,14,27,13,10,11,15,13,15
5,1001,source_premigration,1212459,M,1,HG_E,255,11,26,12,9,17,26,13,14,13,19,12,15
5,1001,source_premigration,1212460,M,1,HG_B,302,13,24,17,10,11,31,11,12,15,13,9,10
5,1001,source_premigration,1212461,M,1,HG_B,302,13,24,17,10,11,31,11,12,15,13,9,10
5,1001,source_premigration,1212472,M,1,HG_E,255,11,26,12,9,17,26,14,12,13,19,12,15
5,1001,source_premigration,1212474,M,1,HG_B,168,12,25,17,11,12,31,12,12,16,15,9,11
5,1001,source_premigration,1212479,M,1,HG_E,120,12,27,12,9,14,27,14,14,12,19,11,15
5,1001,source_premigration,1212485,M,1,HG_E,255,11,26,12,9,17,26,14,13,13,19,12,15
5,1001,source_premigration,1212490,M,1,HG_E,330,12,28,13,11,18,27,14,13,11,17,11,14
5,1001,source_premigration,1212491,M,1,HG_E,330,12,28,13,11,18,27,14,13,11,17,11,14
5,1001,source_premigration,1212492,M,1,HG_C,432,15,22,12,14,15,27,15,9,10,16,14,15
5,1001,source_premigration,1212494,M,1,HG_D,109,15,21,21,13,10,33,13,13,17,14,14,9
5,1001,source_premigration,1212495,M,1,HG_C,244,12,21,12,15,14,25,14,11,9,16,13,14
5,1001,source_premigration,1212496,M,1,HG_C,244,12,21,12,15,14,25,14,11,9,16,13,14
5,1001,source_premigration,1212497,M,1,HG_C,244,12,21,12,15,14,25,14,11,9,16,13,14
5,1001,source_premigration,1212499,M,1,HG_B,483,11,25,15,11,12,31,13,12,16,15,9,11
5,1001,source_premigration,1212501,M,1,HG_C,493,13,24,11,14,13,28,16,10,11,15,13,15
5,1001,source_premigration,1212503,M,1,HG_C,493,13,24,11,14,13,28,16,10,11,15,13,15
5,1001,source_premigration,1212506,M,1,HG_E,120,12,27,12,9,14,27,14,14,12,19,11,15
5,1001,source_premigration,1212508,M,1,HG_D,303,15,18,17,13,12,33,13,11,16,12,14,8
5,1001,source_premigration,1212512,M,1,HG_A,228,12,25,13,10,13,31,12,11,13,14,12,11
5,1001,source_premigration,1212513,M,1,HG_E,330,12,28,13,11,18,27,14,13,11,17,11,14
5,1001,source_premigration,1212516,M,1,HG_E,74,11,28,13,10,15,26,15,14,13,19,12,15
5,1001,source_premigration,1212522,M,1,HG_D,410,13,18,18,13,11,34,11,12,17,13,13,11
5,1001,source_premigration,1212524,M,1,HG_D,410,13,18,18,13,11,34,11,12,17,13,13,11
5,1001,source_premigration,1212528,M,1,HG_E,120,11,27,12,9,14,27,14,14,12,19,11,15
5,1001,source_premigration,1212529,M,1,HG_E,120,11,27,12,9,14,27,14,14,12,19,11,15
5,1001,source_premigration,1212530,M,1,HG_E,120,11,27,12,9,14,27,14,14,12,19,11,15
5,1001,source_premigration,1212533,M,1,HG_E,255,11,26,12,9,17,26,14,12,13,19,12,15
5,1001,source_premigration,1212535,M,1,HG_A,234,13,22,14,11,13,28,12,9,14,16,12,12
5,1001,source_premigration,1212541,M,1,HG_C,244,12,21,12,15,16,25,14,11,9,16,13,14
5,1001,source_premigration,1212545,M,1,HG_D,245,14,19,18,15,10,32,13,13,16,11,15,10
5,1001,source_premigration,1212546,M,1,HG_D,249,15,20,17,12,12,34,11,13,17,11,12,10
5,1001,source_premigration,1212551,M,1,HG_D,249,14,19,17,12,12,34,11,13,17,11,13,10
5,1001,source_premigration,1212552,M,1,HG_D,249,14,19,17,12,12,34,11,13,17,11,13,10
5,1001,source_premigration,1212554,M,1,HG_E,330,12,28,13,11,18,27,14,13,11,17,11,14
5,1001,source_premigration,1212557,M,1,HG_D,249,14,19,17,12,12,34,11,13,17,11,13,10
5,1001,source_premigration,1212559,M,1,HG_A,301,12,24,15,11,12,28,14,11,14,15,12,11
5,1001,source_premigration,1212560,M,1,HG_B,26,12,25,16,11,12,29,12,12,16,13,12,11
5,1001,source_premigration,1212563,M,1,HG_B,126,13,25,15,10,11,32,11,11,17,13,9,12
5,1001,source_premigration,1212565,M,1,HG_E,330,12,28,13,11,18,27,14,13,11,16,11,14
5,1001,source_premigration,1212566,M,1,HG_E,255,11,26,12,9,17,26,13,14,13,19,12,15
5,1001,source_premigration,1212567,M,1,HG_E,255,11,26,12,9,17,26,13,14,13,20,12,15
5,1001,source_premigration,1212568,M,1,HG_E,255,11,26,12,9,17,26,13,14,13,19,12,15
5,1001,source_premigration,1212570,M,1,HG_E,255,11,26,12,9,17,26,13,14,13,19,12,15
5,1001,source_premigration,1212571,M,1,HG_C,329,15,21,12,15,14,28,16,11,12,14,12,13
5,1001,source_premigration,1212572,M,1,HG_C,329,15,21,12,15,14,28,16,11,12,14,12,13
5,1001,source_premigration,1212573,M,1,HG_C,329,15,21,12,15,14,28,16,11,12,14,12,13
5,1001,source_premigration,1212576,M,1,HG_B,227,12,24,16,11,14,31,11,13,15,14,10,10
5,1001,source_premigration,1212577,M,1,HG_B,227,12,24,16,11,14,31,11,13,15,14,10,10
5,1001,source_premigration,1212578,M,1,HG_B,227,12,24,16,11,14,31,11,13,15,14,10,10
5,1001,source_premigration,1212579,M,1,HG_B,227,12,24,16,11,14,31,11,13,15,14,10,10
5,1001,source_premigration,1212580,M,1,HG_B,227,12,24,16,11,14,31,11,13,15,14,10,10
5,1001,source_premigration,1212582,M,1,HG_E,255,11,26,12,9,17,26,13,14,13,19,12,15
5,1001,source_premigration,1212589,M,1,HG_E,255,11,26,12,9,17,26,14,15,13,19,12,15
5,1001,source_premigration,1212592,M,1,HG_E,270,10,28,14,10,15,26,14,13,13,18,11,15
5,1001,source_premigration,1212593,M,1,HG_E,270,10,28,14,10,15,26,14,13,13,18,11,15
5,1001,source_premigration,1212597,M,1,HG_A,301,12,25,15,11,12,28,14,11,14,15,12,11
5,1001,source_premigration,1212598,M,1,HG_A,301,12,25,15,11,12,28,14,11,14,15,12,11
5,1001,source_premigration,1212601,M,1,HG_E,255,11,26,12,9,17,26,14,15,13,19,12,15
5,1001,source_premigration,1212603,M,1,HG_E,330,12,28,13,11,18,27,14,13,11,17,11,14
5,1001,source_premigration,1212606,M,1,HG_D,238,15,22,18,13,11,32,13,13,17,13,14,10
5,1001,source_premigration,1212607,M,1,HG_D,238,15,22,18,13,11,32,13,13,17,13,14,10
5,1001,source_premigration,1212609,M,1,HG_D,238,15,22,18,13,11,32,13,13,17,13,14,10
5,1001,source_premigration,1212614,M,1,HG_C,244,12,21,13,15,14,25,14,11,9,16,13,14
5,1001,source_premigration,1212615,M,1,HG_C,244,12,21,13,15,14,25,14,11,9,16,13,14
5,1001,source_premigration,1212616,M,1,HG_E,255,11,26,12,8,17,26,14,13,13,19,12,15
5,1001,source_premigration,1212620,M,1,HG_E,255,11,26,12,8,17,26,14,13,13,19,12,15
5,1001,source_premigration,1212622,M,1,HG_B,26,12,25,16,11,12,29,12,12,16,13,12,11
5,1001,source_premigration,1212623,M,1,HG_B,26,12,25,16,11,12,29,12,12,16,13,12,11
5,1001,source_premigration,1212629,M,1,HG_A,98,13,22,14,11,13,30,13,10,14,14,12,12
5,1001,source_premigration,1212630,M,1,HG_A,98,13,22,14,11,13,30,13,10,14,14,12,12
5,1001,source_premigration,1212631,M,1,HG_D,129,14,21,18,13,11,32,11,12,17,12,12,8
5,1001,source_premigration,1212634,M,1,HG_D,129,14,21,18,13,11,32,11,12,17,12,12,8
5,1001,source_premigration,1212641,M,1,HG_E,330,12,28,12,11,18,27,14,13,11,17,11,14
5,1001,source_premigration,1212645,M,1,HG_D,303,15,18,17,13,10,33,13,11,16,12,14,8
5,1001,source_premigration,1212646,M,1,HG_D,303,15,18,17,13,10,33,13,11,16,12,14,8
5,1001,source_premigration,1212647,M,1,HG_D,303,15,18,17,13,10,33,13,11,16,12,14,8
5,1001,source_premigration,1212649,M,1,HG_D,303,15,18,17,13,10,33,13,11,16,12,14,8
5,1001,source_premigration,1212650,M,1,HG_A,237,13,25,15,10,12,30,14,11,14,16,10,12
5,1001,source_premigration,1212655,M,1,HG_E,330,12,28,13,11,18,27,14,13,11,17,11,14
5,1001,source_premigration,1212657,M,1,HG_E,330,12,28,13,11,18,27,14,13,11,17,11,14
5,1001,source_premigration,1212659,M,1,HG_B,291,12,23,17,9,13,32,12,12,15,15,10,11
5,1001,source_premigration,1212660,M,1,HG_B,291,12,23,17,9,13,32,12,12,15,15,10,11
5,1001,source_premigration,1212661,M,1,HG_B,291,12,23,17,9,13,32,12,12,15,15,10,11
5,1001,source_premigration,1212663,M,1,HG_B,26,12,25,16,11,12,29,12,12,16,13,12,11
5,1001,source_premigration,1212667,M,1,HG_B,26,12,25,16,11,12,29,12,12,16,13,12,11
5,1001,source_premigration,1212668,M,1,HG_B,26,12,25,16,11,12,29,12,12,16,13,12,11
5,1001,source_premigration,1212677,M,1,HG_E,330,12,28,13,11,19,27,14,13,11,17,11,14
5,1001,source_premigration,1212678,M,1,HG_E,330,12,28,13,11,19,27,14,13,11,17,11,14
5,1001,source_premigration,1212687,M,1,HG_E,255,11,26,12,9,16,26,14,12,14,19,12,15
5,1001,source_premigration,1212688,M,1,HG_E,255,11,26,12,9,16,26,14,12,14,19,12,15
5,1001,source_premigration,1212695,M,1,HG_D,65,15,18,17,13,11,33,11,13,17,11,14,9
5,1001,source_premigration,1212696,M,1,HG_D,65,15,18,17,13,11,33,11,13,17,11,14,9
5,1001,source_premigration,1212697,M,1,HG_B,198,12,26,16,10,12,30,12,12,15,14,10,11
5,1001,source_premigration,1212698,M,1,HG_B,198,12,26,16,10,12,30,12,12,15,14,10,11
5,1001,source_premigration,1212699,M,1,HG_B,198,12,26,16,10,12,30,12,12,15,14,10,11
5,1001,source_premigration,1212701,M,1,HG_E,120,12,27,12,9,14,27,14,14,12,19,11,15
5,1001,source_premigration,1212705,M,1,HG_E,255,11,26,12,9,17,26,14,15,13,19,12,15
5,1001,source_premigration,1212708,M,1,HG_E,330,12,28,13,11,18,27,14,13,11,17,11,14
5,1001,source_premigration,1212710,M,1,HG_E,330,12,28,13,11,18,27,14,13,11,17,11,14
5,1001,source_premigration,1212711,M,1,HG_B,126,13,26,15,10,11,31,11,11,17,13,9,12
5,1001,source_premigration,1212713,M,1,HG_B,126,13,26,15,10,11,31,11,11,17,13,9,12
5,1001,source_premigration,1212714,M,1,HG_C,244,11,21,12,15,14,25,14,11,9,16,13,14
5,1001,source_premigration,1212715,M,1,HG_C,244,11,21,12,15,14,25,14,11,9,16,13,14
5,1001,source_premigration,1212716,M,1,HG_E,409,12,27,13,9,17,24,13,15,11,19,10,15
5,1001,source_premigration,1212717,M,1,HG_A,121,13,24,13,11,13,28,13,11,14,16,13,12
5,1001,source_premigration,1212718,M,1,HG_E,255,11,26,12,9,17,26,13,14,13,19,12,15
5,1001,source_premigration,1212723,M,1,HG_C,493,13,24,11,14,13,28,16,10,11,15,13,15
5,1001,source_premigration,1212724,M,1,HG_C,493,13,24,10,14,13,28,16,10,11,15,13,15
5,1001,source_premigration,1212726,M,1,HG_C,329,15,21,12,15,14,28,16,11,12,14,12,13
5,1001,source_premigration,1212730,M,1,HG_C,329,15,21,12,15,14,28,16,11,12,14,12,13
5,1001,source_premigration,1212731,M,1,HG_C,329,15,21,12,15,14,28,16,11,12,14,12,13
5,1001,source_premigration,1212732,M,1,HG_C,329,15,21,12,15,14,28,16,11,12,14,12,13
5,1001,source_premigration,1212735,M,1,HG_A,98,13,22,14,11,13,30,13,10,14,14,12,12
5,1001,source_premigration,1212737,M,1,HG_B,302,13,24,17,10,11,31,11,12,15,13,9,10
5,1001,source_premigration,1212739,M,1,HG_D,109,15,21,21,13,9,33,13,13,17,14,14,9
5,1001,source_premigration,1212742,M,1,HG_D,109,15,21,21,13,9,33,13,13,17,14,14,9
5,1001,source_premigration,1212744,M,1,HG_E,74,11,28,13,11,15,26,15,14,13,19,12,15
5,1001,source_premigration,1212749,M,1,HG_D,91,16,19,18,14,9,32,11,14,16,12,14,9
5,1001,source_premigration,1212753,M,1,HG_E,255,11,26,12,9,17,26,14,13,13,19,12,15
5,1001,source_premigration,1212754,M,1,HG_E,255,11,26,12,9,17,26,14,13,13,19,12,15
5,1001,source_premigration,1212756,M,1,HG_C,432,15,22,12,14,15,27,15,9,10,16,14,15
5,1001,source_premigration,1212759,M,1,HG_A,121,13,24,13,11,13,28,13,11,14,16,13,12
5,1001,source_premigration,1212761,M,1,HG_C,329,15,21,12,15,14,28,16,11,12,14,12,13
5,1001,source_premigration,1212765,M,1,HG_B,198,12,26,16,10,12,30,12,12,15,14,10,11
5,1001,source_premigration,1212767,M,1,HG_E,120,12,27,12,9,14,27,14,14,12,19,11,15
5,1001,source_premigration,1212768,M,1,HG_A,326,13,24,14,12,13,29,13,11,14,16,13,10
5,1001,source_premigration,1212770,M,1,HG_A,326,13,24,14,12,13,29,13,11,14,16,13,10
5,1001,source_premigration,1212771,M,1,HG_C,244,12,21,12,15,14,25,14,11,9,16,13,14
5,1001,source_premigration,1212773,M,1,HG_C,244,12,21,12,15,14,25,14,11,9,16,13,14
5,1001,source_premigration,1212775,M,1,HG_C,244,12,21,12,15,14,25,14,11,9,16,13,14
5,1001,source_premigration,1212776,M,1,HG_D,238,15,22,19,13,11,32,13,13,17,13,14,10
5,1001,source_premigration,1212778,M,1,HG_D,238,15,22,19,13,11,32,13,13,17,13,14,10
5,1001,source_premigration,1212780,M,1,HG_D,238,15,22,19,13,11,32,13,13,17,13,14,10
5,1001,source_premigration,1212785,M,1,HG_E,120,12,27,12,9,14,27,14,14,12,19,11,15
5,1001,source_premigration,1212787,M,1,HG_E,120,12,27,12,9,14,27,14,14,12,19,11,15
5,1001,source_premigration,1212789,M,1,HG_C,475,15,22,10,13,15,26,13,10,9,17,15,13
5,1001,source_premigration,1212791,M,1,HG_C,475,15,22,10,13,15,26,13,10,9,17,15,13
5,1001,source_premigration,1212798,M,1,HG_B,168,12,25,17,11,12,31,12,12,16,15,9,11
5,1001,source_premigration,1212801,M,1,HG_B,168,12,25,17,11,12,31,12,12,16,15,9,11
5,1001,source_premigration,1212802,M,1,HG_B,168,12,25,17,11,12,31,12,12,16,15,9,11
5,1001,source_premigration,1212815,M,1,HG_A,98,13,22,14,11,13,29,13,10,14,14,12,12
5,1001,source_premigration,1212816,M,1,HG_A,98,13,22,14,11,13,30,13,10,14,14,12,12
5,1001,source_premigration,1212817,M,1,HG_A,98,13,22,14,11,13,30,13,10,14,14,12,12
5,1001,source_premigration,1212818,M,1,HG_D,238,15,22,18,13,11,32,13,13,17,13,14,10
5,1001,source_premigration,1212821,M,1,HG_D,238,15,22,18,13,11,32,13,13,17,13,14,10
5,1001,source_premigration,1212825,M,1,HG_C,475,15,22,10,13,15,26,13,10,9,17,15,13
5,1001,source_premigration,1212827,M,1,HG_C,244,12,21,12,15,14,25,14,11,9,16,13,14
5,1001,source_premigration,1212828,M,1,HG_C,244,12,21,12,15,14,25,14,11,9,16,13,14
5,1001,source_premigration,1212829,M,1,HG_B,302,13,24,17,10,11,31,11,12,15,13,9,10
5,1001,source_premigration,1212832,M,1,HG_D,303,15,18,17,13,10,33,13,11,16,12,14,8
5,1001,source_premigration,1212834,M,1,HG_D,303,15,18,17,13,10,33,13,11,16,12,14,8
5,1001,source_premigration,1212835,M,1,HG_D,303,15,18,17,13,10,33,13,11,16,12,14,8
5,1001,source_premigration,1212838,M,1,HG_A,237,13,25,15,10,12,30,14,10,14,16,10,12
5,1001,source_premigration,1212840,M,1,HG_A,237,13,25,15,10,12,30,14,10,14,16,10,12
5,1001,source_premigration,1212843,M,1,HG_C,244,11,21,12,15,14,25,14,11,9,16,13,14
5,1001,source_premigration,1212846,M,1,HG_D,303,15,18,17,13,12,33,13,11,16,12,14,8
5,1001,source_premigration,1212847,M,1,HG_D,303,15,18,17,13,12,33,13,11,16,12,14,8
5,1001,source_premigration,1212850,M,1,HG_A,301,12,25,15,11,12,28,15,11,14,15,12,11
5,1001,source_premigration,1212853,M,1,HG_A,121,13,24,13,11,13,28,13,11,14,16,13,12
5,1001,source_premigration,1212858,M,1,HG_C,244,12,21,12,15,14,25,14,11,9,16,13,14
5,1001,source_premigration,1212859,M,1,HG_C,244,12,21,12,15,14,25,14,11,9,16,13,14
5,1001,source_premigration,1212861,M,1,HG_D,303,15,18,17,13,12,33,13,11,16,12,14,8
5,1001,source_premigration,1212864,M,1,HG_D,94,16,20,18,12,10,34,11,14,18,12,15,9
5,1001,source_premigration,1212866,M,1,HG_D,91,16,19,18,14,9,32,11,14,16,12,14,9
5,1001,source_premigration,1212869,M,1,HG_C,244,12,21,12,15,14,25,15,11,9,16,13,14
5,1001,source_premigration,1212876,M,1,HG_E,330,12,28,13,11,18,27,14,13,11,17,11,14
5,1001,source_premigration,1212879,M,1,HG_C,299,13,20,12,13,14,27,13,10,11,15,13,15
5,1001,source_premigration,1212881,M,1,HG_C,299,13,20,12,13,14,27,13,10,11,15,13,15
5,1001,source_premigration,1212883,M,1,HG_B,151,12,26,16,9,13,31,13,13,14,15,10,11
5,1001,source_premigration,1212884,M,1,HG_B,151,12,26,16,9,13,31,13,13,14,15,10,11
5,1001,source_premigration,1212885,M,1,HG_B,151,12,26,16,9,13,31,13,13,14,15,10,11
5,1001,source_premigration,1212888,M,1,HG_D,238,15,22,18,13,11,32,13,13,17,13,14,10
5,1001,source_premigration,1212889,M,1,HG_A,121,13,24,13,11,13,28,13,11,14,16,13,12
5,1001,source_premigration,1212894,M,1,HG_A,98,13,23,14,11,13,30,13,10,14,14,12,12
5,1001,source_premigration,1212898,M,1,HG_B,26,12,25,16,11,12,29,12,12,16,13,12,11
5,1001,source_premigration,1212899,M,1,HG_A,121,13,24,13,11,13,28,13,11,14,16,13,12
5,1001,source_premigration,1212901,M,1,HG_C,244,11,21,12,15,14,25,14,11,9,16,13,14
5,1001,source_premigration,1212904,M,1,HG_A,234,13,23,15,11,13,28,12,9,14,16,12,11
5,1001,source_premigration,1212906,M,1,HG_D,238,15,22,19,13,11,32,13,13,17,13,14,10
5,1001,source_premigration,1212912,M,1,HG_D,238,15,22,19,13,11,32,13,13,17,13,14,10
5,1001,source_premigration,1212916,M,1,HG_A,228,12,25,13,10,13,31,12,11,13,14,12,11
5,1001,source_premigration,1212919,M,1,HG_C,244,12,21,12,15,14,25,15,11,9,16,13,14
5,1001,source_premigration,1212921,M,1,HG_C,244,12,21,12,15,14,25,15,11,9,16,13,14
5,1001,source_premigration,1212923,M,1,HG_B,43,12,25,16,11,12,31,11,13,14,16,10,13
5,1001,source_premigration,1212928,M,1,HG_C,493,13,24,11,14,13,28,16,10,11,15,13,15
5,1001,source_premigration,1212929,M,1,HG_C,493,13,24,11,14,13,28,16,10,11,15,13,15
5,1001,source_premigration,1212931,M,1,HG_B,302,13,24,17,10,11,31,11,12,15,13,8,10
5,1001,source_premigration,1212932,M,1,HG_B,302,13,24,17,10,11,31,11,12,15,13,8,10
5,1001,source_premigration,1212935,M,1,HG_B,126,13,26,15,10,11,31,11,11,17,13,9,12
5,1001,source_premigration,1212937,M,1,HG_B,291,12,24,17,9,13,32,12,12,15,15,10,11
5,1001,source_premigration,1212940,M,1,HG_B,227,12,24,16,11,14,31,11,13,15,14,10,10
5,1001,source_premigration,1212942,M,1,HG_B,227,12,24,16,11,14,31,11,13,15,14,10,10
5,1001,source_premigration,1212944,M,1,HG_C,475,15,22,10,13,15,26,13,10,9,17,15,13
5,1001,source_premigration,1212948,M,1,HG_E,255,11,26,12,9,17,28,14,12,13,19,12,15
5,1001,source_premigration,1212957,M,1,HG_A,234,13,23,15,11,13,28,12,9,14,16,12,11
5,1001,source_premigration,1212958,M,1,HG_E,330,12,28,13,11,19,27,14,13,11,17,11,14
5,1001,source_premigration,1212959,M,1,HG_E,330,12,28,13,11,19,27,14,13,11,17,11,14
5,1001,source_premigration,1212963,M,1,HG_A,121,13,24,13,11,13,28,13,11,14,16,13,12
5,1001,source_premigration,1212969,M,1,HG_C,329,15,21,12,15,14,28,16,11,12,14,12,13
5,1001,source_premigration,1212970,M,1,HG_C,432,15,22,12,14,15,27,15,9,10,16,14,15
5,1001,source_premigration,1212971,M,1,HG_C,432,15,22,12,14,15,27,15,9,10,16,14,15
5,1001,source_premigration,1212972,M,1,HG_C,432,15,22,12,14,15,27,15,9,10,16,14,15
5,1001,source_premigration,1212974,M,1,HG_B,302,13,24,17,10,11,31,11,12,15,13,9,10
5,1001,source_premigration,1212977,M,1,HG_E,330,12,28,13,11,18,27,14,13,11,17,11,14
5,1001,source_premigration,1212978,M,1,HG_E,330,12,28,13,11,18,27,14,13,11,17,11,14
5,1001,source_premigration,1212981,M,1,HG_C,475,15,22,11,13,15,26,13,10,9,17,15,13
5,1001,source_premigration,1212982,M,1,HG_C,475,15,22,11,13,15,26,13,10,9,17,15,13
5,1001,source_premigration,1212983,M,1,HG_E,330,12,28,13,11,19,27,14,13,11,17,11,14
5,1001,source_premigration,1212987,M,1,HG_D,394,15,20,18,14,12,32,11,14,18,12,14,10
5,1001,source_premigration,1212988,M,1,HG_D,394,15,20,18,14,12,32,11,14,18,12,14,10
5,1001,source_premigration,1212990,M,1,HG_C,329,15,21,12,15,14,28,16,11,12,14,12,13
5,1001,source_premigration,1212993,M,1,HG_E,270,10,28,14,10,15,26,14,13,13,18,11,15
5,1001,source_premigration,1212994,M,1,HG_E,270,10,28,14,10,15,26,14,13,13,18,11,15
5,1001,source_premigration,1212996,M,1,HG_E,270,10,28,14,10,15,26,14,13,13,18,11,15
5,1001,source_premigration,1212997,M,1,HG_E,270,10,28,14,10,15,26,14,13,13,18,11,15
5,1001,source_premigration,1212998,M,1,HG_A,234,13,23,15,11,12,28,12,9,14,16,12,11
5,1001,source_premigration,1212999,M,1,HG_A,234,13,22,15,11,13,28,12,9,14,16,12,11
5,1001,source_premigration,1213000,M,1,HG_A,234,13,22,15,11,13,28,12,9,14,16,12,11
5,1001,source_premigration,1213002,M,1,HG_A,234,13,22,15,11,13,28,12,9,14,16,12,11
5,1001,source_premigration,1213004,M,1,HG_A,234,13,22,15,11,13,28,12,9,14,16,12,11
5,1001,source_premigration,1213005,M,1,HG_E,330,12,28,13,11,19,27,14,13,11,17,11,14
5,1001,source_premigration,1213006,M,1,HG_E,330,12,28,13,11,19,27,14,13,11,17,11,14
5,1001,source_premigration,1213007,M,1,HG_C,244,12,21,12,15,14,25,14,11,9,16,13,14
5,1001,source_premigration,1213009,M,1,HG_E,330,12,28,13,11,18,27,14,13,11,17,11,14
5,1001,source_premigration,1213010,M,1,HG_E,330,12,28,13,11,18,27,14,13,11,17,11,14
5,1001,source_premigration,1213012,M,1,HG_D,109,15,21,21,13,9,33,13,13,17,14,14,9
5,1001,source_premigration,1213014,M,1,HG_D,109,15,21,21,13,9,33,13,13,17,14,14,9
5,1001,source_premigration,1213017,M,1,HG_E,270,10,28,14,10,15,26,14,13,13,18,11,15
5,1001,source_premigration,1213021,M,1,HG_B,302,13,24,17,10,11,31,11,12,15,13,9,10
5,1001,source_premigration,1213023,M,1,HG_B,302,13,24,17,10,11,31,11,12,15,13,9,10
5,1001,source_premigration,1213026,M,1,HG_C,244,12,21,12,15,14,25,14,11,9,16,13,14
5,1001,source_premigration,1213031,M,1,HG_B,483,11,25,15,11,12,31,13,12,16,15,9,11
5,1001,source_premigration,1213033,M,1,HG_C,493,13,24,11,14,13,28,16,10,11,15,13,15
5,1001,source_premigration,1213035,M,1,HG_C,244,12,21,12,15,14,25,13,11,9,16,13,14
5,1001,source_premigration,1213037,M,1,HG_B,302,13,24,17,10,11,31,11,12,15,13,9,10
5,1001,source_premigration,1213039,M,1,HG_C,244,12,21,12,15,15,25,14,11,9,16,13,14
5,1001,source_premigration,1213040,M,1,HG_C,244,12,21,12,15,15,25,14,11,9,16,13,14
5,1001,source_premigration,1213041,M,1,HG_C,244,12,21,12,15,15,25,14,11,9,16,13,14
5,1001,source_premigration,1213043,M,1,HG_B,302,13,24,17,10,11,31,11,12,15,12,9,10
5,1001,source_premigration,1213044,M,1,HG_A,237,13,25,15,10,12,30,14,11,14,16,10,12
5,1001,source_premigration,1213045,M,1,HG_A,237,13,25,15,10,12,30,14,11,14,16,10,12
5,1001,source_premigration,1213046,M,1,HG_A,237,13,25,15,10,12,30,14,11,14,16,10,12
5,1001,source_premigration,1213048,M,1,HG_A,125,13,25,16,12,13,29,15,11,12,15,14,12
5,1001,source_premigration,1213051,M,1,HG_E,330,12,28,13,11,18,27,14,13,11,17,11,14
5,1001,source_premigration,1213053,M,1,HG_E,330,12,28,13,11,18,27,14,13,11,17,11,14
5,1001,source_premigration,1213055,M,1,HG_D,65,15,18,17,12,11,33,10,12,17,11,14,9
5,1001,source_premigration,1213060,M,1,HG_E,255,11,26,12,9,17,27,14,12,13,19,12,15
5,1001,source_premigration,1213061,M,1,HG_E,255,11,26,12,9,17,27,14,12,13,19,12,15
5,1001,source_premigration,1213062,M,1,HG_A,98,13,22,14,11,13,30,13,10,14,14,12,12
5,1001,source_premigration,1213063,M,1,HG_A,98,13,22,14,11,13,30,13,10,14,14,12,12
5,1001,source_premigration,1213070,M,1,HG_A,312,15,25,14,12,13,30,12,11,14,13,13,12
5,1001,source_premigration,1213071,M,1,HG_B,302,13,24,17,10,11,31,11,12,15,13,9,10
5,1001,source_premigration,1213072,M,1,HG_B,302,13,24,17,10,11,31,11,12,15,13,9,10
5,1001,source_premigration,1213075,M,1,HG_D,245,14,19,18,15,10,34,14,13,16,11,15,10
5,1001,source_premigration,1213078,M,1,HG_E,330,12,28,13,11,18,27,14,13,11,17,11,14
5,1001,source_premigration,1213081,M,1,HG_B,126,13,26,14,10,11,32,11,11,17,13,9,12
5,1001,source_premigration,1213084,M,1,HG_A,234,13,22,15,11,13,28,12,9,14,16,12,11
5,1001,source_premigration,1213086,M,1,HG_A,234,13,22,15,11,13,28,12,9,14,16,12,11
5,1001,source_premigration,1213088,M,1,HG_D,109,15,21,21,13,10,33,13,13,17,14,14,9
5,1001,source_premigration,1213089,M,1,HG_D,109,15,21,21,13,10,33,13,13,17,14,14,9
5,1001,source_premigration,1213090,M,1,HG_D,109,15,21,21,13,10,33,13,13,17,14,14,9
5,1001,source_premigration,1213093,M,1,HG_A,98,13,23,14,11,13,30,13,10,14,14,12,12
5,1001,source_premigration,1213096,M,1,HG_C,244,12,21,12,15,14,26,13,11,9,16,13,14
5,1001,source_premigration,1213101,M,1,HG_C,299,13,20,12,13,14,26,13,10,11,15,13,15
5,1001,source_premigration,1213102,M,1,HG_D,245,14,19,18,15,10,32,13,13,16,11,15,10
5,1001,source_premigration,1213109,M,1,HG_E,330,12,28,13,11,18,27,14,13,11,17,11,14
5,1001,source_premigration,1213110,M,1,HG_B,291,12,24,17,9,13,32,12,12,15,15,10,11
5,1001,source_premigration,1213111,M,1,HG_B,291,12,24,17,9,13,32,12,12,15,15,10,11
5,1001,source_premigration,1213116,M,1,HG_C,493,13,24,11,14,13,28,16,10,11,15,13,15
5,1001,source_premigration,1213118,M,1,HG_C,493,13,24,11,14,13,28,16,10,11,15,13,15
5,1001,source_premigration,1213119,M,1,HG_C,244,12,21,13,15,14,25,14,11,9,16,13,14
5,1001,source_premigration,1213122,M,1,HG_D,303,15,18,17,13,12,33,13,11,16,12,14,8
5,1001,source_premigration,1213123,M,1,HG_D,303,15,18,17,13,12,33,13,11,16,12,14,8
5,1001,source_premigration,1213124,M,1,HG_E,120,12,27,12,9,14,27,14,14,12,19,11,15
5,1001,source_premigration,1213125,M,1,HG_C,244,12,21,12,15,15,25,14,11,9,16,13,14
5,1001,source_premigration,1213127,M,1,HG_C,329,15,21,12,15,14,28,16,11,12,14,12,13
5,1001,source_premigration,1213135,M,1,HG_B,302,13,24,17,10,11,31,11,12,15,13,9,10
5,1001,source_premigration,1213138,M,1,HG_A,234,13,23,15,11,13,28,12,9,14,16,12,11
5,1001,source_premigration,1213143,M,1,HG_A,234,13,23,15,11,13,28,12,9,14,16,12,11
5,1001,source_premigration,1213145,M,1,HG_C,20,15,23,12,14,13,27,14,10,10,16,12,12
5,1001,source_premigration,1213148,M,1,HG_C,20,15,23,12,14,13,27,14,10,10,16,12,12
5,1001,source_premigration,1213150,M,1,HG_C,20,15,23,12,14,13,27,14,10,10,16,12,12
5,1001,source_premigration,1213152,M,1,HG_E,330,12,28,13,11,18,27,14,13,11,18,11,14
5,1001,source_premigration,1213153,M,1,HG_E,330,12,28,13,11,18,27,14,13,11,18,11,14
5,1001,source_premigration,1213156,M,1,HG_C,475,15,22,11,13,15,26,13,10,9,17,15,13
5,1001,source_premigration,1213157,M,1,HG_C,475,15,22,11,13,15,26,13,10,9,17,15,13
5,1001,source_premigration,1213158,M,1,HG_C,475,15,22,11,13,15,26,13,10,9,17,15,13
5,1001,source_premigration,1213159,M,1,HG_D,238,15,22,18,13,11,32,13,13,17,13,14,10
5,1001,source_premigration,1213160,M,1,HG_D,238,15,22,18,13,11,32,13,13,17,13,14,9
5,1001,source_premigration,1213164,M,1,HG_A,234,13,22,15,11,13,28,12,9,14,16,12,11
5,1001,source_premigration,1213165,M,1,HG_A,234,13,22,15,11,13,28,12,9,14,16,12,11
5,1001,source_premigration,1213167,M,1,HG_C,475,15,22,10,13,15,26,14,10,9,17,15,13
5,1001,source_premigration,1213168,M,1,HG_C,475,15,22,10,13,15,26,14,10,9,17,15,13
5,1001,source_premigration,1213169,M,1,HG_C,475,15,22,10,13,15,26,14,10,9,17,15,13
5,1001,source_premigration,1213173,M,1,HG_C,20,15,23,12,14,13,27,14,10,10,16,12,12
5,1001,source_premigration,1213174,M,1,HG_E,330,12,28,13,11,18,27,14,13,11,17,11,14
5,1001,source_premigration,1213181,M,1,HG_E,120,12,27,12,9,14,27,14,14,12,19,11,15
5,1001,source_premigration,1213182,M,1,HG_E,120,12,27,12,9,14,27,14,14,12,19,11,15
5,1001,source_premigration,1213183,M,1,HG_A,234,13,22,15,11,13,28,12,9,14,16,12,11
5,1001,source_premigration,1213184,M,1,HG_A,234,13,22,15,11,13,29,12,9,14,16,12,11
5,1001,source_premigration,1213188,M,1,HG_D,238,15,22,18,13,10,32,13,13,17,13,14,10
5,1001,source_premigration,1213189,M,1,HG_B,126,13,26,15,10,11,32,11,11,17,13,9,12
5,1001,source_premigration,1213193,M,1,HG_A,121,13,24,13,11,13,28,13,11,14,16,13,12
5,1001,source_premigration,1213194,M,1,HG_A,121,13,24,13,11,13,28,13,11,14,16,13,12
5,1001,source_premigration,1213196,M,1,HG_A,121,13,24,13,11,13,28,13,11,14,16,13,12
5,1001,source_premigration,1213206,M,1,HG_A,121,13,24,13,11,13,28,13,11,14,16,13,12
5,1001,source_premigration,1213209,M,1,HG_E,120,12,27,12,9,14,27,14,14,12,19,11,15
5,1001,source_premigration,1213210,M,1,HG_E,120,12,27,12,9,14,27,14,14,12,19,11,15
5,1001,source_premigration,1213211,M,1,HG_E,120,12,27,12,9,14,27,14,14,12,19,11,15
5,1001,source_premigration,1213215,M,1,HG_A,125,13,25,16,12,13,29,15,12,12,15,14,12
5,1001,source_premigration,1213216,M,1,HG_A,125,13,25,16,12,13,29,15,12,12,15,14,12
5,1001,source_premigration,1213220,M,1,HG_E,330,12,28,13,11,18,27,14,13,11,18,11,14
5,1001,source_premigration,1213223,M,1,HG_E,330,12,28,13,11,18,27,14,13,11,17,11,14
5,1001,source_premigration,1213224,M,1,HG_E,330,12,28,13,11,18,27,14,13,11,17,11,14
5,1001,source_premigration,1213226,M,1,HG_D,238,15,22,18,13,11,32,13,13,17,13,14,10
5,1001,source_premigration,1213227,M,1,HG_D,238,15,22,18,13,11,32,13,13,17,13,14,10
5,1001,source_premigration,1213228,M,1,HG_D,65,15,18,17,13,11,33,11,13,17,11,14,9
5,1001,source_premigration,1213230,M,1,HG_D,65,15,18,17,13,11,33,11,13,17,11,14,9
5,1001,source_premigration,1213232,M,1,HG_D,65,15,18,17,13,11,33,11,13,17,11,14,9
5,1001,source_premigration,1213240,M,1,HG_A,60,13,25,15,10,13,29,14,13,14,15,12,14
5,1001,source_premigration,1213241,M,1,HG_D,245,14,19,18,15,10,32,13,13,16,11,15,10
5,1001,source_premigration,1213242,M,1,HG_D,245,14,19,18,15,10,32,13,13,16,11,15,10
5,1001,source_premigration,1213244,M,1,HG_A,228,12,25,13,10,13,31,12,11,13,14,12,11
5,1001,source_premigration,1213247,M,1,HG_A,228,12,25,13,10,13,31,12,11,13,14,12,11
5,1001,source_premigration,1213252,M,1,HG_D,303,15,18,16,13,10,33,13,11,16,12,14,8
5,1001,source_premigration,1213253,M,1,HG_E,270,10,28,14,10,15,26,14,14,13,18,11,15
5,1001,source_premigration,1213254,M,1,HG_E,270,10,28,14,10,15,26,14,14,13,18,11,15
5,1001,source_premigration,1213255,M,1,HG_E,270,10,28,14,10,15,26,14,14,13,18,11,15
5,1001,source_premigration,1213257,M,1,HG_B,26,12,25,16,11,12,29,12,12,16,13,12,11
5,1001,source_premigration,1213260,M,1,HG_C,299,13,20,12,13,14,27,13,10,11,15,13,15
5,1001,source_premigration,1213261,M,1,HG_D,238,15,22,19,13,11,32,13,13,17,13,14,10
5,1001,source_premigration,1213262,M,1,HG_D,238,15,22,19,13,11,32,13,13,17,13,14,10
5,1001,source_premigration,1213265,M,1,HG_E,255,11,26,12,9,17,27,14,14,12,19,12,15
5,1001,source_premigration,1213267,M,1,HG_E,255,11,26,12,9,17,26,14,14,12,19,12,15
5,1001,source_premigration,1213269,M,1,HG_C,244,11,21,12,15,14,25,14,11,9,16,13,14
5,1001,source_premigration,1213270,M,1,HG_C,244,11,21,12,15,14,25,14,11,9,16,13,14
5,1001,source_premigration,1213271,M,1,HG_C,244,11,21,12,15,14,25,14,11,9,16,13,14
5,1001,source_premigration,1213274,M,1,HG_C,244,12,21,12,15,14,25,13,11,9,16,13,14
5,1001,source_premigration,1213275,M,1,HG_C,244,12,21,12,15,14,25,13,11,9,16,13,14
5,1001,source_premigration,1213279,M,1,HG_D,303,15,18,17,13,12,33,13,11,16,12,14,8
5,1001,source_premigration,1213281,M,1,HG_D,303,15,18,17,13,12,33,13,11,16,12,14,8
5,1001,source_premigration,1213283,M,1,HG_E,330,12,28,13,11,19,27,14,13,11,17,11,14
5,1001,source_premigration,1213284,M,1,HG_D,303,15,18,17,13,12,33,13,11,16,12,14,8
5,1001,source_premigration,1213286,M,1,HG_D,94,16,20,19,12,10,33,11,13,17,12,15,9
5,1001,source_premigration,1213288,M,1,HG_A,98,13,22,14,11,13,30,13,10,14,14,12,12
5,1001,source_premigration,1213289,M,1,HG_A,234,13,23,15,11,13,28,12,9,14,16,12,11
5,1001,source_premigration,1213290,M,1,HG_B,33,13,26,16,10,12,29,9,11,16,13,9,11
5,1001,source_premigration,1213295,M,1,HG_C,493,13,24,11,14,13,28,16,10,11,15,13,15
5,1001,source_premigration,1213297,M,1,HG_D,238,15,22,18,13,11,32,13,13,17,13,14,10
5,1001,source_premigration,1213299,M,1,HG_D,238,15,22,18,13,11,32,13,13,17,13,14,10
5,1001,source_premigration,1213300,M,1,HG_D,238,15,22,18,13,11,32,13,13,17,13,14,10
5,1001,source_premigration,1213302,M,1,HG_E,255,11,26,12,9,17,27,14,14,12,19,12,15
5,1001,source_premigration,1213304,M,1,HG_C,475,15,22,11,13,15,26,13,10,9,17,15,13
5,1001,source_premigration,1213306,M,1,HG_A,98,12,22,14,11,13,30,13,10,14,14,12,12
5,1001,source_premigration,1213307,M,1,HG_A,98,12,22,14,11,12,30,13,10,14,14,12,12
5,1001,source_premigration,1213309,M,1,HG_A,98,12,22,14,11,13,30,13,10,14,14,12,12
5,1001,source_premigration,1213311,M,1,HG_C,493,13,24,11,14,13,28,16,10,11,15,13,15
5,1001,source_premigration,1213312,M,1,HG_D,249,14,19,17,12,12,34,11,13,17,11,13,10
5,1001,source_premigration,1213316,M,1,HG_A,98,13,23,14,11,13,30,13,10,14,14,12,12
5,1001,source_premigration,1213317,M,1,HG_A,98,13,23,14,11,13,30,13,10,14,14,12,12
5,1001,source_premigration,1213318,M,1,HG_A,98,13,23,14,11,13,30,13,10,14,14,12,12
5,1001,source_premigration,1213321,M,1,HG_A,121,13,24,13,11,13,28,13,11,14,16,13,12
5,1001,source_premigration,1213323,M,1,HG_D,245,14,19,18,15,10,33,13,13,16,11,15,10
5,1001,source_premigration,1213324,M,1,HG_D,245,14,19,18,15,10,33,13,13,16,11,15,10
5,1001,source_premigration,1213327,M,1,HG_D,129,14,21,18,13,11,32,11,12,17,12,12,8
5,1001,source_premigration,1213328,M,1,HG_D,129,14,21,18,13,11,32,11,12,17,12,12,8
5,1001,source_premigration,1213329,M,1,HG_D,129,14,21,18,13,11,32,11,12,17,12,12,8
5,1001,source_premigration,1213330,M,1,HG_D,129,14,21,18,13,11,32,11,12,17,12,12,8
5,1001,source_premigration,1213331,M,1,HG_B,302,13,24,17,10,11,31,11,12,15,13,9,10
5,1001,source_premigration,1213333,M,1,HG_A,121,13,24,13,11,13,28,13,11,14,16,13,12
5,1001,source_premigration,1213335,M,1,HG_D,238,15,22,19,13,11,31,13,13,17,13,14,10
5,1001,source_premigration,1213336,M,1,HG_D,238,15,22,19,13,11,31,13,13,17,13,14,10
5,1001,source_premigration,1213339,M,1,HG_D,249,14,19,17,12,12,34,11,13,17,11,13,10
5,1001,source_premigration,1213340,M,1,HG_D,238,15,22,19,13,11,32,13,13,17,13,14,10
5,1001,source_premigration,1213342,M,1,HG_C,244,11,21,12,15,14,25,14,11,9,16,13,14
5,1001,source_premigration,1213344,M,1,HG_C,244,13,21,12,15,14,25,13,11,9,16,13,14
5,1001,source_premigration,1213353,M,1,HG_A,98,13,23,14,11,13,30,13,10,14,14,12,12
5,1001,source_premigration,1213354,M,1,HG_A,98,13,23,14,11,13,30,13,10,14,14,12,12
5,1001,source_premigration,1213355,M,1,HG_D,303,15,18,17,13,10,33,13,11,16,12,14,8
5,1001,source_premigration,1213356,M,1,HG_D,303,15,18,17,13,10,33,13,11,16,12,14,8
5,1001,source_premigration,1213357,M,0,HG_E,330,12,28,13,11,18,27,14,13,11,17,11,14
5,1001,source_premigration,1213359,M,0,HG_E,330,12,28,13,11,18,27,14,13,11,17,11,14
5,1001,source_premigration,1213360,M,0,HG_E,330,12,28,13,11,18,27,14,13,11,17,11,14
5,1001,source_premigration,1213364,M,0,HG_B,302,13,24,17,10,11,31,11,12,15,13,9,10
5,1001,source_premigration,1213366,M,0,HG_B,302,13,24,17,10,11,31,11,12,15,13,9,10
5,1001,source_premigration,1213370,M,0,HG_E,330,12,28,13,11,18,27,14,13,11,17,11,14
5,1001,source_premigration,1213374,M,0,HG_C,244,13,21,12,15,14,25,13,11,9,16,13,14
5,1001,source_premigration,1213377,M,0,HG_B,302,13,24,17,10,11,31,11,12,15,13,9,10
5,1001,source_premigration,1213378,M,0,HG_C,475,15,22,10,13,15,26,13,10,9,17,15,13
5,1001,source_premigration,1213379,M,0,HG_C,475,15,22,10,13,15,26,13,10,9,17,15,13
5,1001,source_premigration,1213383,M,0,HG_E,255,11,26,12,9,16,27,14,14,12,19,12,15
5,1001,source_premigration,1213384,M,0,HG_E,255,11,26,12,9,17,27,14,14,12,19,12,15
5,1001,source_premigration,1213386,M,0,HG_D,249,14,19,17,12,12,34,11,13,17,11,13,10
5,1001,source_premigration,1213387,M,0,HG_D,249,14,19,17,12,12,34,11,13,17,11,13,10
5,1001,source_premigration,1213388,M,0,HG_D,249,14,19,17,12,12,34,11,13,17,11,13,10
5,1001,source_premigration,1213389,M,0,HG_D,249,14,19,17,12,12,34,11,13,17,11,13,10
5,1001,source_premigration,1213393,M,0,HG_D,94,16,20,18,12,10,34,11,14,18,12,15,9
5,1001,source_premigration,1213395,M,0,HG_D,94,16,20,18,12,10,34,11,14,18,12,15,9
5,1001,source_premigration,1213396,M,0,HG_D,94,16,20,18,12,10,34,11,14,18,12,15,9
5,1001,source_premigration,1213397,M,0,HG_D,94,16,20,18,12,10,34,11,14,18,12,15,9
5,1001,source_premigration,1213399,M,0,HG_D,94,16,20,18,12,10,34,11,14,18,12,15,9
5,1001,source_premigration,1213406,M,0,HG_E,330,12,28,13,11,18,27,14,13,11,17,11,14
5,1001,source_premigration,1213407,M,0,HG_A,234,13,22,15,11,13,28,12,9,14,16,12,11
5,1001,source_premigration,1213409,M,0,HG_C,244,12,21,12,15,14,25,14,11,9,16,13,14
5,1001,source_premigration,1213413,M,0,HG_C,475,15,22,11,13,15,26,13,10,9,17,15,13
5,1001,source_premigration,1213417,M,0,HG_E,255,11,26,12,9,17,26,14,15,13,19,12,15
5,1001,source_premigration,1213420,M,0,HG_A,234,13,22,14,11,13,28,12,9,14,16,12,12
5,1001,source_premigration,1213423,M,0,HG_E,120,11,27,11,9,14,27,14,14,12,19,11,15
5,1001,source_premigration,1213425,M,0,HG_E,120,11,27,11,9,14,27,14,14,12,19,11,15
5,1001,source_premigration,1213428,M,0,HG_C,244,12,21,12,15,14,25,14,11,9,16,13,14
5,1001,source_premigration,1213433,M,0,HG_A,60,13,25,15,10,13,29,14,13,14,15,12,14
5,1001,source_premigration,1213434,M,0,HG_A,60,13,25,15,10,13,29,14,13,14,15,12,14
5,1001,source_premigration,1213438,M,0,HG_E,330,12,28,13,11,19,27,14,13,11,17,11,14
5,1001,source_premigration,1213439,M,0,HG_E,330,12,28,13,11,19,27,14,13,11,17,11,14
5,1001,source_premigration,1213441,M,0,HG_B,291,12,24,17,9,13,32,12,12,15,15,10,11
5,1001,source_premigration,1213447,M,0,HG_B,126,12,26,15,10,11,31,12,11,17,13,9,12
5,1001,source_premigration,1213448,M,0,HG_A,121,13,24,13,11,13,28,13,11,14,16,13,12
5,1001,source_premigration,1213454,M,0,HG_A,121,13,24,13,11,13,28,13,11,14,16,13,12
5,1001,source_premigration,1213458,M,0,HG_A,98,13,23,14,11,13,30,13,10,14,14,12,12
5,1001,source_premigration,1213460,M,0,HG_E,255,11,26,12,9,17,26,14,12,13,19,12,15
5,1001,source_premigration,1213462,M,0,HG_E,255,11,26,12,9,17,26,14,12,13,19,12,15
5,1001,source_premigration,1213463,M,0,HG_E,255,11,26,12,9,17,26,14,12,13,19,12,15
5,1001,source_premigration,1213466,M,0,HG_B,302,13,24,17,10,11,31,11,12,15,14,9,10
5,1001,source_premigration,1213467,M,0,HG_B,302,13,24,17,10,11,31,11,12,15,14,9,10
5,1001,source_premigration,1213469,M,0,HG_B,302,13,24,17,10,11,31,11,12,15,14,9,10
5,1001,source_premigration,1213471,M,0,HG_A,121,13,24,13,11,13,28,13,11,14,16,13,12
5,1001,source_premigration,1213472,M,0,HG_A,98,13,22,14,11,13,30,13,10,14,14,12,12
5,1001,source_premigration,1213474,M,0,HG_B,126,13,26,15,10,11,31,11,11,17,13,9,12
5,1001,source_premigration,1213475,M,0,HG_B,126,13,26,15,10,11,31,11,11,17,13,9,12
5,1001,source_premigration,1213477,M,0,HG_B,126,13,26,15,10,11,31,11,11,17,13,9,12
5,1001,source_premigration,1213478,M,0,HG_E,255,11,26,12,9,17,26,14,15,13,19,12,15
5,1001,source_premigration,1213482,M,0,HG_C,493,13,24,11,14,12,28,16,10,11,15,13,15
5,1001,source_premigration,1213484,M,0,HG_D,94,16,20,19,12,10,33,11,13,17,12,15,9
5,1001,source_premigration,1213486,M,0,HG_D,94,16,20,19,12,10,33,11,13,17,12,15,9
5,1001,source_premigration,1213487,M,0,HG_D,94,16,20,19,12,10,33,11,13,17,12,15,9
5,1001,source_premigration,1213489,M,0,HG_B,302,13,24,17,10,11,31,11,12,15,13,9,10
5,1001,source_premigration,1213490,M,0,HG_B,302,13,24,17,10,11,31,11,12,15,13,9,10
5,1001,source_premigration,1213491,M,0,HG_B,302,13,24,17,10,11,31,11,12,15,13,9,10
5,1001,source_premigration,1213495,M,0,HG_E,330,12,28,13,11,18,27,14,13,11,17,11,14
5,1001,source_premigration,1213497,M,0,HG_E,330,12,28,13,11,18,27,14,13,11,17,11,14
5,1001,source_premigration,1213499,M,0,HG_E,330,12,28,12,11,18,27,14,13,11,17,11,14
5,1001,source_premigration,1213501,M,0,HG_D,238,15,22,18,13,11,32,13,13,17,13,14,10
5,1001,source_premigration,1213503,M,0,HG_D,238,15,22,18,13,11,32,13,13,17,13,14,10
5,1001,source_premigration,1213504,M,0,HG_D,238,15,22,18,13,11,32,13,13,17,13,14,10
5,1001,source_premigration,1213507,M,0,HG_B,198,12,26,16,10,12,30,12,12,15,14,10,11
5,1001,source_premigration,1213513,M,0,HG_B,168,12,25,17,11,12,31,11,12,16,15,9,11
5,1001,source_premigration,1213516,M,0,HG_E,255,11,26,12,9,17,26,14,14,13,19,12,15
5,1001,source_premigration,1213517,M,0,HG_A,301,12,25,15,11,12,28,14,11,14,15,12,11
5,1001,source_premigration,1213522,M,0,HG_B,126,13,26,15,10,11,31,12,11,17,13,9,12
5,1001,source_premigration,1213526,M,0,HG_B,198,12,26,16,10,12,30,12,12,15,14,10,11
5,1001,source_premigration,1213530,M,0,HG_D,303,15,18,17,13,10,33,13,11,16,12,14,8
5,1001,source_premigration,1213533,M,0,HG_A,121,13,24,13,11,13,28,13,11,14,16,13,12
5,1001,source_premigration,1213537,M,0,HG_A,121,13,24,13,11,13,28,13,11,14,16,13,12
5,1001,source_premigration,1213539,M,0,HG_E,330,12,28,13,11,18,27,14,13,11,17,11,14
5,1001,source_premigration,1213542,M,0,HG_D,303,15,18,17,13,10,33,13,11,16,12,14,8
5,1001,source_premigration,1213545,M,0,HG_C,244,12,21,12,15,15,25,14,11,9,16,13,14
5,1001,source_premigration,1213547,M,0,HG_C,244,12,21,12,15,15,25,14,11,9,16,13,14
5,1001,source_premigration,1213553,M,0,HG_B,302,13,24,17,10,11,31,11,12,15,13,9,10
5,1001,source_premigration,1213555,M,0,HG_E,330,12,28,13,11,18,27,14,13,11,17,11,14
5,1001,source_premigration,1213557,M,0,HG_E,330,12,28,13,11,18,27,14,13,11,17,11,14
5,1001,source_premigration,1213563,M,0,HG_A,98,13,23,14,11,13,30,13,10,14,14,12,12
5,1001,source_premigration,1213565,M,0,HG_A,98,13,23,14,11,13,30,13,10,14,14,12,12
5,1001,source_premigration,1213566,M,0,HG_B,302,13,24,17,10,11,31,11,12,15,12,9,10
5,1001,source_premigration,1213569,M,0,HG_D,303,15,19,16,13,10,33,13,11,16,12,14,8
5,1001,source_premigration,1213571,M,0,HG_B,302,13,24,17,10,11,31,11,12,15,13,9,10
5,1001,source_premigration,1213573,M,0,HG_B,302,13,24,17,10,11,31,11,12,15,13,9,10
5,1001,source_premigration,1213578,M,0,HG_B,126,12,26,15,10,12,31,12,11,17,13,9,12
5,1001,source_premigration,1213579,M,0,HG_E,255,11,26,12,9,17,26,14,13,13,19,12,15
5,1001,source_premigration,1213583,M,0,HG_C,244,12,21,12,15,14,25,14,11,9,16,13,14
5,1001,source_premigration,1213584,M,0,HG_D,238,15,21,18,13,11,32,13,13,17,13,14,10
5,1001,source_premigration,1213586,M,0,HG_D,65,15,18,17,12,11,33,10,12,17,11,14,9
5,1001,source_premigration,1213587,M,0,HG_D,65,15,18,17,12,11,33,10,12,17,11,14,9
5,1001,source_premigration,1213589,M,0,HG_D,129,14,21,18,13,11,32,11,12,17,12,12,8
5,1001,source_premigration,1213590,M,0,HG_D,129,14,21,18,13,11,32,11,12,17,12,12,8
5,1001,source_premigration,1213596,M,0,HG_A,301,12,25,16,11,12,28,14,11,14,15,12,11
5,1001,source_premigration,1213599,M,0,HG_E,255,11,26,12,9,17,26,14,13,13,19,12,15
5,1001,source_premigration,1213600,M,0,HG_E,120,12,27,12,9,14,27,14,14,12,19,11,15
5,1001,source_premigration,1213602,M,0,HG_E,120,12,27,12,9,14,27,14,14,12,19,11,15
5,1001,source_premigration,1213603,M,0,HG_E,120,12,27,12,9,14,27,14,14,12,19,11,15
5,1001,source_premigration,1213605,M,0,HG_E,74,10,29,13,9,15,26,15,14,13,19,12,15
5,1001,source_premigration,1213607,M,0,HG_E,120,12,27,12,9,14,27,14,14,12,19,11,15
5,1001,source_premigration,1213608,M,0,HG_E,120,12,27,12,9,14,27,14,14,12,19,11,15
5,1001,source_premigration,1213609,M,0,HG_B,26,12,25,16,11,12,29,12,12,16,13,12,11
5,1001,source_premigration,1213610,M,0,HG_E,330,12,28,13,11,18,27,14,13,11,17,11,14
5,1001,source_premigration,1213611,M,0,HG_E,330,12,28,13,11,18,27,14,13,11,17,11,14
5,1001,source_premigration,1213613,M,0,HG_C,475,15,22,10,13,15,26,13,10,9,17,15,13
5,1001,source_premigration,1213615,M,0,HG_B,168,12,25,17,11,12,31,12,12,16,15,9,11
5,1001,source_premigration,1213618,M,0,HG_E,330,12,28,12,11,18,27,14,13,11,17,11,14
5,1001,source_premigration,1213620,M,0,HG_E,330,12,28,12,11,18,27,14,13,11,17,11,14
5,1001,source_premigration,1213621,M,0,HG_E,330,12,28,12,11,18,27,14,13,11,17,11,14
5,1001,source_premigration,1213622,M,0,HG_B,126,13,25,15,10,11,32,11,11,17,13,9,12
5,1001,source_premigration,1213627,M,0,HG_E,120,12,27,12,9,14,27,14,14,12,19,11,15
5,1001,source_premigration,1213628,M,0,HG_E,120,12,27,12,9,14,27,14,14,12,19,11,15
5,1001,source_premigration,1213629,M,0,HG_C,493,13,24,11,14,13,28,16,10,11,15,13,15
5,1001,source_premigration,1213631,M,0,HG_C,475,15,22,10,13,15,26,14,10,9,17,15,13
5,1001,source_premigration,1213633,M,0,HG_C,475,15,22,10,13,15,26,14,10,9,17,15,13
5,1001,source_premigration,1213636,M,0,HG_B,26,12,25,16,11,12,29,12,12,16,13,12,11
5,1001,source_premigration,1213638,M,0,HG_B,26,12,25,16,11,12,29,12,12,16,13,12,11
5,1001,source_premigration,1213640,M,0,HG_B,26,12,25,16,11,12,29,12,12,16,13,12,11
5,1001,source_premigration,1213641,M,0,HG_A,121,13,24,13,11,13,28,13,11,14,16,13,12
5,1001,source_premigration,1213642,M,0,HG_A,121,13,24,13,11,13,28,13,11,14,16,13,12
5,1001,source_premigration,1213643,M,0,HG_B,302,13,24,17,10,11,31,11,12,15,13,9,10
5,1001,source_premigration,1213644,M,0,HG_B,302,13,24,17,10,11,31,11,12,15,13,9,10
5,1001,source_premigration,1213646,M,0,HG_B,302,13,24,17,10,11,31,11,12,15,13,9,10
5,1001,source_premigration,1213647,M,0,HG_B,291,12,24,17,9,13,32,12,12,15,15,10,11
5,1001,source_premigration,1213652,M,0,HG_D,109,15,21,21,13,9,33,13,13,17,14,14,9
5,1001,source_premigration,1213655,M,0,HG_D,109,15,21,21,13,9,33,13,13,17,14,14,9
5,1001,source_premigration,1213656,M,0,HG_D,109,15,21,21,13,9,33,13,13,17,14,14,9
5,1001,source_premigration,1213661,M,0,HG_E,74,11,28,13,9,15,26,15,14,13,19,12,15
5,1001,source_premigration,1213664,M,0,HG_A,234,13,23,15,11,13,28,12,9,14,16,12,11
5,1001,source_premigration,1213665,M,0,HG_A,234,13,23,15,11,13,28,12,9,14,16,12,11
5,1001,source_premigration,1213668,M,0,HG_C,244,11,21,12,15,14,25,14,11,9,16,13,14
5,1001,source_premigration,1213669,M,0,HG_C,244,11,21,12,15,14,25,14,11,9,16,13,14
5,1001,source_premigration,1213672,M,0,HG_B,168,12,25,17,11,12,31,12,12,16,15,9,11
5,1001,source_premigration,1213674,M,0,HG_B,168,12,25,17,11,12,31,12,12,16,15,9,11
5,1001,source_premigration,1213675,M,0,HG_E,330,12,28,13,11,18,27,14,13,11,17,11,14
5,1001,source_premigration,1213676,M,0,HG_E,330,12,28,13,11,18,27,14,13,11,17,11,14
5,1001,source_premigration,1213679,M,0,HG_C,493,13,24,11,14,13,29,16,10,11,15,13,15
5,1001,source_premigration,1213691,M,0,HG_C,493,13,24,11,14,13,28,16,10,11,15,13,15
5,1001,source_premigration,1213695,M,0,HG_C,244,11,21,12,15,14,25,14,11,9,16,13,14
5,1001,source_premigration,1213696,M,0,HG_D,91,16,19,18,14,9,33,11,14,16,12,14,9
5,1001,source_premigration,1213697,M,0,HG_D,91,16,19,18,14,9,33,11,14,16,12,14,9
5,1001,source_premigration,1213698,M,0,HG_D,91,16,19,18,14,9,33,11,14,16,12,14,9
5,1001,source_premigration,1213701,M,0,HG_A,125,13,25,16,12,13,29,15,11,12,15,14,12
5,1001,source_premigration,1213704,M,0,HG_D,238,15,22,18,13,11,32,13,13,17,13,14,10
5,1001,source_premigration,1213705,M,0,HG_D,238,15,22,18,13,11,32,13,13,17,13,14,10
5,1001,source_premigration,1213707,M,0,HG_D,238,15,22,18,13,11,32,13,13,17,13,14,10
5,1001,source_premigration,1213708,M,0,HG_D,238,15,22,18,13,11,32,13,13,17,13,14,10
5,1001,source_premigration,1213710,M,0,HG_D,303,15,18,17,13,12,33,13,11,16,12,14,8
5,1001,source_premigration,1213713,M,0,HG_E,74,10,29,13,9,15,26,15,14,13,19,12,15
5,1001,source_premigration,1213714,M,0,HG_E,74,10,29,13,9,15,26,15,14,13,19,12,15
5,1001,source_premigration,1213716,M,0,HG_D,245,14,19,18,15,10,32,13,13,16,11,15,10
5,1001,source_premigration,1213717,M,0,HG_D,249,14,19,17,12,12,34,11,13,17,11,13,10
5,1001,source_premigration,1213718,M,0,HG_D,249,14,19,17,12,12,34,11,13,17,11,13,10
5,1001,source_premigration,1213719,M,0,HG_D,249,14,19,17,12,12,34,11,13,17,11,13,10
5,1001,source_premigration,1213721,M,0,HG_D,249,14,19,17,12,12,34,11,13,17,11,13,10
5,1001,source_premigration,1213722,M,0,HG_D,249,14,19,17,12,12,34,11,13,17,11,13,10
5,1001,source_premigration,1213723,M,0,HG_A,234,13,22,15,11,13,28,13,9,14,16,12,11
5,1001,source_premigration,1213724,M,0,HG_A,234,13,22,15,11,13,28,13,9,14,16,12,11
5,1001,source_premigration,1213725,M,0,HG_A,234,13,22,15,11,13,28,13,9,14,16,12,11
5,1001,source_premigration,1213727,M,0,HG_A,234,13,22,15,11,13,28,13,9,14,16,12,11
5,1001,source_premigration,1213729,M,0,HG_A,301,12,25,15,11,12,28,14,11,14,15,12,11
5,1001,source_premigration,1213732,M,0,HG_D,249,14,19,17,12,12,34,11,13,17,11,13,10
5,1001,source_premigration,1213735,M,0,HG_B,26,12,25,16,11,12,29,12,12,16,13,12,11
5,1001,source_premigration,1213736,M,0,HG_B,26,12,25,16,11,12,29,12,12,16,13,12,11
5,1001,source_premigration,1213738,M,0,HG_C,244,12,21,12,15,15,25,14,11,9,16,13,14
5,1001,source_premigration,1213741,M,0,HG_E,255,11,26,12,9,17,26,14,14,13,19,12,15
5,1001,source_premigration,1213744,M,0,HG_E,74,11,28,13,10,15,26,15,14,13,19,12,15
5,1001,source_premigration,1213745,M,0,HG_D,129,14,21,18,13,11,32,11,12,17,12,12,8
5,1001,source_premigration,1213746,M,0,HG_D,129,14,21,18,13,11,32,11,12,17,12,12,8
5,1001,source_premigration,1213747,M,0,HG_A,301,12,25,15,11,12,28,14,11,14,15,12,11
5,1001,source_premigration,1213750,M,0,HG_E,74,11,28,13,11,15,26,15,14,13,19,12,15
5,1001,source_premigration,1213751,M,0,HG_E,74,11,28,13,11,15,26,15,14,13,19,12,15
5,1001,source_premigration,1213752,M,0,HG_D,249,14,19,17,12,12,34,11,13,17,11,13,10
5,1001,source_premigration,1213753,M,0,HG_D,249,14,19,17,12,12,34,11,13,17,11,13,10
5,1001,source_premigration,1213754,M,0,HG_E,120,12,27,12,9,14,27,14,14,12,19,11,15
5,1001,source_premigration,1213755,M,0,HG_C,329,15,21,12,15,14,28,16,11,12,14,12,13
5,1001,source_premigration,1213756,M,0,HG_C,329,15,21,12,15,14,28,16,11,12,14,12,13
5,1001,source_premigration,1213760,M,0,HG_A,234,13,23,15,11,13,28,12,9,14,16,12,11
5,1001,source_premigration,1213761,M,0,HG_C,244,12,21,12,15,14,25,14,11,9,16,13,14
5,1001,source_premigration,1213763,M,0,HG_C,244,12,21,12,15,14,25,14,11,9,16,13,14
5,1001,source_premigration,1213764,M,0,HG_B,198,12,26,16,10,12,30,12,12,15,14,10,11
5,1001,source_premigration,1213765,M,0,HG_B,198,12,26,16,10,12,30,12,12,15,14,10,11
5,1001,source_premigration,1213766,M,0,HG_B,198,12,26,16,10,12,30,12,12,15,14,10,11
5,1001,source_premigration,1213769,M,0,HG_B,483,11,25,15,11,12,31,13,12,16,15,9,11
5,1001,source_premigration,1213771,M,0,HG_B,126,13,25,15,10,11,32,11,11,17,13,9,12
5,1001,source_premigration,1213772,M,0,HG_B,126,13,25,15,10,11,32,11,11,17,13,9,12
5,1001,source_premigration,1213774,M,0,HG_B,26,12,25,16,11,12,29,12,12,16,13,12,11
5,1001,source_premigration,1213778,M,0,HG_A,301,12,24,15,11,13,28,14,11,14,15,12,11
5,1001,source_premigration,1213782,M,0,HG_A,234,13,22,14,11,13,28,12,9,14,16,12,12
5,1001,source_premigration,1213785,M,0,HG_E,330,12,28,12,11,19,27,14,13,11,17,11,14
5,1001,source_premigration,1213786,M,0,HG_E,330,12,28,12,11,19,27,14,13,11,17,11,14
5,1001,source_premigration,1213788,M,0,HG_B,126,13,26,15,10,11,32,11,11,17,13,9,12
5,1001,source_premigration,1213794,M,0,HG_C,432,15,22,12,14,15,27,15,9,10,16,14,15
5,1001,source_premigration,1213796,M,0,HG_D,249,14,19,17,12,12,34,11,13,17,11,13,10
5,1001,source_premigration,1213799,M,0,HG_A,121,13,24,13,11,13,28,13,11,14,16,13,12
5,1001,source_premigration,1213800,M,0,HG_A,121,13,24,13,11,13,28,13,11,14,16,13,12
5,1001,source_premigration,1213803,M,0,HG_D,238,15,22,18,13,11,32,13,13,17,13,14,10
5,1001,source_premigration,1213804,M,0,HG_C,244,13,21,12,15,14,25,13,11,9,16,13,14
5,1001,source_premigration,1213805,M,0,HG_C,244,13,21,12,15,14,25,13,11,9,16,13,14
5,1001,source_premigration,1213807,M,0,HG_C,244,13,21,12,15,14,25,13,11,9,16,13,14
5,1001,source_premigration,1213809,M,0,HG_A,234,13,23,15,11,12,28,12,9,14,16,12,11
5,1001,source_premigration,1213810,M,0,HG_A,234,13,23,15,11,12,28,12,9,14,16,12,11
5,1001,source_premigration,1213811,M,0,HG_B,302,13,24,17,10,11,31,11,12,15,13,9,10
5,1001,source_premigration,1213814,M,0,HG_B,483,12,25,15,11,12,31,13,12,16,15,9,11
5,1001,source_premigration,1213821,M,0,HG_E,330,12,28,13,11,19,27,14,13,11,17,11,14
5,1001,source_premigration,1213825,M,0,HG_B,302,13,24,17,10,11,31,11,12,15,12,9,10
5,1001,source_premigration,1213826,M,0,HG_B,302,13,24,17,10,11,31,11,12,15,12,9,10
5,1001,source_premigration,1213827,M,0,HG_B,302,13,24,17,10,11,31,11,12,15,12,9,10
5,1001,source_premigration,1213828,M,0,HG_B,302,13,24,17,10,11,31,11,12,15,12,9,10
5,1001,source_premigration,1213831,M,0,HG_B,302,13,24,17,10,11,31,11,12,15,12,9,10
5,1001,source_premigration,1213833,M,0,HG_E,255,11,26,12,8,17,26,14,15,13,19,12,15
5,1001,source_premigration,1213834,M,0,HG_E,255,11,26,12,9,17,26,14,15,13,19,12,15
5,1001,source_premigration,1213835,M,0,HG_E,255,11,26,12,9,17,26,14,15,13,19,12,15
5,1001,source_premigration,1213837,M,0,HG_B,43,12,25,16,11,12,31,11,13,14,16,10,13
5,1001,source_premigration,1213838,M,0,HG_C,493,13,24,11,14,13,28,16,10,11,15,13,15
5,1001,source_premigration,1213840,M,0,HG_A,98,13,23,14,11,13,30,13,10,14,14,12,12
5,1001,source_premigration,1213844,M,0,HG_D,410,13,18,18,13,11,34,11,12,17,13,12,11
5,1001,source_premigration,1213845,M,0,HG_A,98,13,23,14,11,13,30,13,10,14,14,12,12
5,1001,source_premigration,1213847,M,0,HG_D,303,15,18,17,13,12,33,13,11,16,12,14,8
5,1001,source_premigration,1213848,M,0,HG_C,475,15,22,11,13,15,26,13,10,9,17,15,13
5,1001,source_premigration,1213850,M,0,HG_C,493,13,24,11,14,13,28,16,10,11,15,13,15
5,1001,source_premigration,1213851,M,0,HG_C,493,13,24,11,14,13,28,16,10,11,15,13,15
5,1001,source_premigration,1213856,M,0,HG_E,255,11,26,12,9,17,26,13,14,13,19,12,15
5,1001,source_premigration,1213859,M,0,HG_C,329,15,21,12,15,14,28,16,11,12,14,12,13
5,1001,source_premigration,1213865,M,0,HG_E,255,11,26,12,9,17,28,14,12,13,19,12,15
5,1001,source_premigration,1213866,M,0,HG_E,255,11,26,12,9,17,28,14,12,13,19,12,15
5,1001,source_premigration,1213867,M,0,HG_E,255,11,26,12,9,17,28,14,12,13,19,12,15
5,1001,source_premigration,1213868,M,0,HG_B,26,12,25,16,11,12,29,12,12,16,13,12,11
5,1001,source_premigration,1213869,M,0,HG_C,432,15,22,12,14,15,27,15,9,10,16,14,15
5,1001,source_premigration,1213870,M,0,HG_C,432,15,22,12,14,15,27,15,9,10,16,14,15
5,1001,source_premigration,1213871,M,0,HG_C,432,15,22,12,14,15,27,15,9,10,16,14,15
5,1001,source_premigration,1213872,M,0,HG_C,432,15,22,12,14,15,27,15,9,10,16,14,15
5,1001,source_premigration,1213874,M,0,HG_C,432,15,22,12,14,15,27,15,9,10,16,14,15
5,1001,source_premigration,1213875,M,0,HG_E,330,12,28,13,11,18,27,14,13,11,17,11,14
5,1001,source_premigration,1213876,M,0,HG_E,330,12,28,13,11,18,27,14,13,11,17,11,14
5,1001,source_premigration,1213877,M,0,HG_D,249,14,19,17,12,12,34,11,13,17,11,13,10
5,1001,source_premigration,1213878,M,0,HG_D,249,14,19,17,12,12,34,11,13,17,11,13,10
5,1001,source_premigration,1213881,M,0,HG_B,302,13,24,17,10,11,31,11,12,15,13,9,10
5,1001,source_premigration,1213883,M,0,HG_E,255,11,26,12,9,17,26,14,13,13,19,12,15
5,1001,source_premigration,1213884,M,0,HG_C,329,15,21,12,15,14,28,16,11,12,14,12,13
5,1001,source_premigration,1213885,M,0,HG_C,329,15,21,12,15,14,28,16,11,12,14,12,13
5,1001,source_premigration,1213886,M,0,HG_B,198,12,26,16,10,12,30,12,12,15,14,10,11
5,1001,source_premigration,1213887,M,0,HG_B,198,12,26,16,10,12,30,12,12,15,14,10,11
5,1001,source_premigration,1213889,M,0,HG_B,198,12,26,16,10,12,30,12,12,15,14,10,11
5,1001,source_premigration,1213892,M,0,HG_E,330,12,28,13,11,18,27,14,13,11,18,11,14
5,1001,source_premigration,1213893,M,0,HG_E,330,12,28,13,11,18,27,14,13,11,18,11,14
5,1001,source_premigration,1213894,M,0,HG_A,301,12,24,15,11,12,28,14,11,14,15,12,11
5,1001,source_premigration,1213895,M,0,HG_A,301,12,24,15,11,12,28,14,11,14,15,12,11
5,1001,source_premigration,1213897,M,0,HG_B,198,12,26,16,10,12,30,12,12,15,14,10,11
5,1001,source_premigration,1213898,M,0,HG_B,198,12,26,16,10,12,30,12,12,15,14,10,11
5,1001,source_premigration,1213900,M,0,HG_A,237,13,25,15,10,12,30,14,11,14,16,10,12
5,1001,source_premigration,1213902,M,0,HG_C,244,12,21,12,15,14,25,13,11,9,16,13,14
5,1001,source_premigration,1213903,M,0,HG_C,244,12,21,12,15,14,25,13,11,9,16,13,14
5,1001,source_premigration,1213907,M,0,HG_C,475,15,22,10,13,15,26,13,10,9,17,15,13
5,1001,source_premigration,1213910,M,0,HG_D,238,15,22,18,13,11,32,13,13,17,13,14,10
5,1001,source_premigration,1213915,M,0,HG_B,168,12,25,17,11,12,31,12,12,16,15,9,11
5,1001,source_premigration,1213917,M,0,HG_B,126,13,26,15,10,11,31,11,11,17,13,9,12
5,1001,source_premigration,1213919,M,0,HG_D,249,15,20,17,12,12,34,11,13,17,11,12,10
5,1001,source_premigration,1213922,M,0,HG_A,98,13,23,14,11,13,30,14,10,14,14,12,12
5,1001,source_premigration,1213924,M,0,HG_E,330,12,28,13,11,18,27,14,13,11,18,11,14
5,1001,source_premigration,1213927,M,0,HG_C,299,13,20,12,13,14,26,13,10,11,15,13,15
5,1001,source_premigration,1213929,M,0,HG_C,299,13,20,12,13,14,26,13,10,11,15,13,15
5,1001,source_premigration,1213933,M,0,HG_D,238,15,22,18,13,10,32,13,13,17,13,14,10
5,1001,source_premigration,1213934,M,0,HG_D,238,15,22,18,13,9,32,13,13,17,13,14,10
5,1001,source_premigration,1213935,M,0,HG_E,120,12,27,12,9,14,27,14,14,12,19,11,15
5,1001,source_premigration,1213938,M,0,HG_E,120,12,27,12,9,14,27,14,14,12,19,11,15
5,1001,source_premigration,1213939,M,0,HG_C,244,12,21,12,15,14,25,13,11,9,16,13,14
5,1001,source_premigration,1213940,M,0,HG_C,244,12,21,12,15,14,25,13,11,9,16,13,14
5,1001,source_premigration,1213941,M,0,HG_C,244,12,21,12,15,14,25,13,11,9,16,13,14
5,1001,source_premigration,1213946,M,0,HG_E,330,12,28,13,11,18,27,14,13,11,17,11,14
5,1001,source_premigration,1213948,M,0,HG_E,330,12,28,13,11,18,27,14,13,11,17,11,14
5,1001,source_premigration,1213949,M,0,HG_E,330,12,28,13,11,18,27,14,13,11,17,11,14
5,1001,source_premigration,1213950,M,0,HG_E,330,12,28,13,11,18,27,14,13,11,17,11,14
5,1001,source_premigration,1213954,M,0,HG_E,120,12,27,12,9,14,27,14,14,12,19,11,15
5,1001,source_premigration,1213957,M,0,HG_A,121,13,24,13,11,13,28,13,11,14,16,13,12
5,1001,source_premigration,1213959,M,0,HG_E,255,11,26,11,9,17,26,14,15,13,19,12,15
5,1001,source_premigration,1213960,M,0,HG_E,255,11,26,12,9,17,26,14,15,13,19,12,15
5,1001,source_premigration,1213962,M,0,HG_E,330,12,28,13,11,18,27,14,13,11,17,11,14
5,1001,source_premigration,1213964,M,0,HG_E,330,12,28,13,11,18,27,14,13,11,17,11,14
5,1001,source_premigration,1213965,M,0,HG_D,91,16,19,18,14,9,32,11,14,16,12,14,9
5,1001,source_premigration,1213966,M,0,HG_D,91,16,19,18,14,9,32,11,14,16,12,14,9
5,1001,source_premigration,1213968,M,0,HG_A,98,13,23,14,11,13,30,13,10,14,14,12,12
5,1001,source_premigration,1213969,M,0,HG_A,98,13,23,14,11,13,30,13,10,14,14,12,12
5,1001,source_premigration,1213972,M,0,HG_E,330,12,28,13,11,18,27,14,13,11,17,11,14
5,1001,source_premigration,1213974,M,0,HG_C,475,15,22,11,13,15,26,13,10,9,17,15,13
5,1001,source_premigration,1213975,M,0,HG_C,475,15,22,11,13,15,26,13,10,9,17,15,13
5,1001,source_premigration,1213976,M,0,HG_C,475,15,22,11,13,15,26,13,10,9,17,15,13
5,1001,source_premigration,1213979,M,0,HG_B,291,12,24,17,9,13,32,12,12,15,15,10,11
5,1001,source_premigration,1213981,M,0,HG_B,291,12,24,17,9,13,32,12,12,15,15,10,11
5,1001,source_premigration,1213983,M,0,HG_E,255,11,26,12,9,17,26,14,12,13,19,12,15
5,1001,source_premigration,1213985,M,0,HG_A,98,13,22,14,11,13,30,13,10,14,14,12,12
5,1001,source_premigration,1213988,M,0,HG_B,26,12,25,16,11,12,29,12,12,16,13,12,11
5,1001,source_premigration,1213989,M,0,HG_B,302,13,24,17,10,11,31,11,12,15,13,9,10
5,1001,source_premigration,1213990,M,0,HG_B,302,13,24,17,10,11,31,11,12,15,13,9,10
5,1001,source_premigration,1213993,M,0,HG_D,303,15,18,17,13,12,33,13,11,16,12,14,8
5,1001,source_premigration,1213994,M,0,HG_D,303,15,18,17,13,12,33,13,11,16,12,14,8
5,1001,source_premigration,1214001,M,0,HG_C,244,12,21,12,15,14,25,14,11,9,16,13,14
5,1001,source_premigration,1214009,M,0,HG_C,329,14,21,12,15,14,28,16,11,12,14,12,13
5,1001,source_premigration,1214010,M,0,HG_B,168,12,25,17,11,12,31,12,12,16,15,9,11
5,1001,source_premigration,1214012,M,0,HG_B,168,12,25,17,11,12,31,12,12,16,15,9,11
5,1001,source_premigration,1214014,M,0,HG_A,312,15,25,14,12,13,30,12,11,14,13,13,12
5,1001,source_premigration,1214015,M,0,HG_A,312,15,25,14,12,13,30,12,11,14,13,13,12
5,1001,source_premigration,1214016,M,0,HG_E,120,12,27,12,9,14,27,14,14,12,19,11,15
5,1001,source_premigration,1214017,M,0,HG_E,120,12,27,12,9,14,27,14,14,12,19,11,15
5,1001,source_premigration,1214018,M,0,HG_E,120,12,27,12,9,14,27,14,14,12,19,11,15
5,1001,source_premigration,1214020,M,0,HG_E,120,12,27,12,9,14,27,14,14,12,19,11,15
5,1001,source_premigration,1214021,M,0,HG_E,120,12,27,12,9,14,27,14,14,12,19,11,15
5,1001,source_premigration,1214022,M,0,HG_E,120,12,27,12,9,14,27,14,14,12,19,11,15
5,1001,source_premigration,1214025,M,0,HG_B,302,13,24,17,10,11,31,11,12,15,13,9,10
5,1001,source_premigration,1214030,M,0,HG_D,303,15,18,17,13,12,33,14,11,16,12,14,8
5,1001,source_premigration,1214034,M,0,HG_B,126,13,26,14,10,11,32,11,11,17,13,9,12
5,1001,source_premigration,1214036,M,0,HG_A,228,12,25,13,10,13,31,12,11,13,14,12,11
5,1001,source_premigration,1214037,M,0,HG_A,228,12,25,13,10,13,31,12,11,13,14,12,11
5,1001,source_premigration,1214038,M,0,HG_A,228,12,25,13,10,13,31,12,11,13,14,12,11
5,1001,source_premigration,1214039,M,0,HG_E,270,10,28,14,10,15,26,14,13,13,18,11,15
5,1001,source_premigration,1214040,M,0,HG_D,91,16,19,18,14,9,32,11,14,16,12,14,9
5,1001,source_premigration,1214043,M,0,HG_D,91,16,19,18,14,9,32,11,14,16,12,14,9
5,1001,source_premigration,1214044,M,0,HG_D,91,16,19,18,14,9,32,11,14,16,12,14,9
5,1001,source_premigration,1214045,M,0,HG_C,493,13,24,11,14,13,28,16,10,11,15,13,15
5,1001,source_premigration,1214049,M,0,HG_E,74,11,28,13,11,15,26,15,14,13,19,12,15
5,1001,source_premigration,1214053,M,0,HG_A,234,13,22,15,11,13,28,12,9,14,17,12,11
5,1001,source_premigration,1214054,M,0,HG_E,330,12,28,13,11,18,27,14,13,11,17,11,14
5,1001,source_premigration,1214057,M,0,HG_E,330,12,28,13,11,18,27,14,13,11,17,11,14
5,1001,source_premigration,1214058,M,0,HG_C,493,13,24,11,14,13,28,16,10,11,15,13,15
5,1001,source_premigration,1214059,M,0,HG_C,493,13,24,11,14,13,28,16,10,11,15,13,15
5,1001,source_premigration,1214060,M,0,HG_C,493,13,24,11,14,13,28,16,10,11,15,13,15
5,1001,source_premigration,1214061,M,0,HG_C,493,13,24,11,14,13,28,16,10,11,15,13,15
5,1001,source_premigration,1214062,M,0,HG_E,74,10,29,13,9,15,26,15,14,13,19,12,15
5,1001,source_premigration,1214064,M,0,HG_D,238,15,22,19,13,11,32,13,13,17,13,14,10
5,1001,source_premigration,1214066,M,0,HG_D,303,15,18,17,13,12,33,13,11,16,12,14,8
5,1001,source_premigration,1214072,M,0,HG_E,270,10,28,14,10,15,26,14,13,13,18,11,15
5,1001,source_premigration,1214073,M,0,HG_E,270,10,28,14,10,15,26,14,13,13,18,11,15
5,1001,source_premigration,1214074,M,0,HG_E,270,10,28,14,10,15,26,14,13,13,18,11,15
5,1001,source_premigration,1214075,M,0,HG_A,121,13,24,13,11,13,28,13,11,14,16,13,12
5,1001,source_premigration,1214079,M,0,HG_A,121,13,24,13,11,13,28,13,11,14,16,13,12
5,1001,source_premigration,1214082,M,0,HG_E,255,11,26,12,9,17,26,14,12,13,19,12,15
5,1001,source_premigration,1214084,M,0,HG_A,121,13,24,12,11,13,28,13,11,14,16,13,12
5,1001,source_premigration,1214090,M,0,HG_A,234,13,22,15,11,13,28,12,9,14,16,12,11
5,1001,source_premigration,1214091,M,0,HG_A,234,13,22,15,11,13,28,12,9,14,16,12,11
5,1001,source_premigration,1214092,M,0,HG_A,343,13,23,14,11,14,30,14,12,15,14,13,11
5,1001,source_premigration,1214093,M,0,HG_A,343,13,23,14,11,14,30,14,12,15,14,13,11
5,1001,source_premigration,1214094,M,0,HG_A,343,13,23,14,11,14,30,14,12,15,14,13,11
5,1001,source_premigration,1214095,M,0,HG_D,249,14,19,17,12,12,34,11,13,17,11,13,10
5,1001,source_premigration,1214096,M,0,HG_D,249,14,19,17,12,12,34,11,13,17,11,13,10
5,1001,source_premigration,1214098,M,0,HG_E,255,11,26,12,9,17,26,14,15,13,19,12,15
5,1001,source_premigration,1214099,M,0,HG_C,475,15,22,10,13,15,26,13,10,9,17,15,13
5,1001,source_premigration,1214101,M,0,HG_C,475,15,22,10,13,15,26,13,10,9,17,15,13
5,1001,source_premigration,1214103,M,0,HG_C,475,15,22,10,13,15,26,13,10,9,17,15,13
5,1001,source_premigration,1214104,M,0,HG_C,475,15,22,10,13,15,26,13,10,9,17,15,13
5,1001,source_premigration,1214108,M,0,HG_D,238,15,22,19,13,11,32,13,13,17,13,14,10
5,1001,source_premigration,1214113,M,0,HG_D,238,15,22,19,13,11,32,13,13,17,13,14,10
5,1001,source_premigration,1214114,M,0,HG_D,238,15,22,19,13,11,32,13,13,17,13,14,10
5,1001,source_premigration,1214116,M,0,HG_E,330,12,28,13,11,18,27,14,13,11,17,12,14
5,1001,source_premigration,1214117,M,0,HG_E,330,12,28,13,11,18,27,14,13,11,17,12,14
5,1001,source_premigration,1214119,M,0,HG_E,330,12,28,13,11,18,27,14,13,11,17,12,14
5,1001,source_premigration,1214120,M,0,HG_E,330,12,28,13,11,18,27,14,13,11,17,12,14
5,1001,source_premigration,1214121,M,0,HG_E,330,12,28,13,11,18,27,14,13,11,17,12,14
5,1001,source_premigration,1214123,M,0,HG_D,303,15,18,17,13,10,33,13,11,16,12,14,8
5,1001,source_premigration,1214128,M,0,HG_C,244,12,21,12,15,14,25,14,11,9,16,13,14
5,1001,source_premigration,1214129,M,0,HG_C,244,12,21,12,15,14,25,14,11,9,16,13,14
5,1001,source_premigration,1214132,M,0,HG_A,121,13,24,13,11,13,28,13,11,14,16,13,12
5,1001,source_premigration,1214134,M,0,HG_C,475,15,22,10,13,15,26,14,10,9,17,15,13
5,1001,source_premigration,1214136,M,0,HG_A,301,12,25,15,11,12,28,14,11,14,15,12,11
5,1001,source_premigration,1214137,M,0,HG_A,301,12,25,15,11,12,28,14,11,14,15,12,11
5,1001,source_premigration,1214138,M,0,HG_C,244,12,21,13,15,14,25,14,11,9,16,13,14
5,1001,source_premigration,1214139,M,0,HG_C,244,12,21,13,15,14,25,14,11,9,16,13,14
5,1001,source_premigration,1214141,M,0,HG_C,244,12,21,13,15,14,25,14,11,9,16,13,14
5,1001,source_premigration,1214142,M,0,HG_E,409,12,27,13,9,17,24,13,15,11,19,10,15
5,1001,source_premigration,1214143,M,0,HG_E,409,12,27,13,9,17,24,13,15,11,19,10,15
5,1001,source_premigration,1214147,M,0,HG_A,121,13,24,13,11,13,28,13,11,14,16,13,12
5,1001,source_premigration,1214148,M,0,HG_A,121,13,24,13,11,13,28,13,11,14,16,13,12
5,1001,source_premigration,1214153,M,0,HG_A,234,13,23,15,11,13,28,12,9,14,16,12,11
5,1001,source_premigration,1214157,M,0,HG_A,234,13,23,15,11,13,28,12,9,14,16,12,11
5,1001,source_premigration,1214158,M,0,HG_A,234,13,23,15,11,13,28,12,9,14,16,12,11
5,1001,source_premigration,1214164,M,0,HG_C,299,13,20,12,13,14,27,13,10,11,15,13,15
5,1001,source_premigration,1214168,M,0,HG_A,237,13,25,15,10,12,30,14,10,14,16,10,12
5,1001,source_premigration,1214169,M,0,HG_A,237,13,25,15,10,12,30,14,10,14,16,10,12
5,1001,source_premigration,1214170,M,0,HG_A,237,13,25,15,10,12,30,14,10,14,16,10,12
5,1001,source_premigration,1214172,M,0,HG_D,109,15,21,21,13,10,33,13,13,17,14,14,9
5,1001,source_premigration,1214173,M,0,HG_E,255,11,26,12,9,17,27,14,12,13,19,12,15
5,1001,source_premigration,1214174,M,0,HG_E,255,11,26,12,9,17,27,14,12,13,19,12,15
5,1001,source_premigration,1214175,M,0,HG_E,255,11,26,12,9,17,27,14,12,13,19,12,15
5,1001,source_premigration,1214177,M,0,HG_E,255,11,26,12,9,17,27,14,12,13,19,12,15
5,1001,source_premigration,1214182,M,0,HG_B,302,13,24,17,10,11,31,11,12,15,13,9,10
5,1001,source_premigration,1214184,M,0,HG_B,302,13,24,17,10,11,31,11,12,15,13,9,10
5,1001,source_premigration,1214186,M,0,HG_A,121,13,24,13,11,13,28,13,11,14,16,13,12
5,1001,source_premigration,1214191,M,0,HG_D,109,15,21,21,13,9,33,13,13,17,14,14,9
5,1001,source_premigration,1214194,M,0,HG_D,238,15,21,19,13,11,32,13,13,17,13,14,10
5,1001,source_premigration,1214197,M,0,HG_A,125,13,25,16,12,13,29,15,12,12,15,14,12
5,1001,source_premigration,1214198,M,0,HG_A,125,13,25,16,12,13,29,15,12,12,15,14,12
5,1001,source_premigration,1214199,M,0,HG_A,125,13,25,16,12,13,29,15,12,12,15,14,12
5,1001,source_premigration,1214200,M,0,HG_E,330,12,28,13,11,18,27,14,13,11,17,11,14
5,1001,source_premigration,1214202,M,0,HG_E,330,12,28,13,11,18,27,14,13,11,17,11,14
5,1001,source_premigration,1214203,M,0,HG_E,330,12,28,13,11,18,27,14,13,11,17,11,14
5,1001,source_premigration,1214204,M,0,HG_E,330,12,28,13,11,18,27,14,13,11,17,11,14
5,1001,source_premigration,1214205,M,0,HG_D,394,15,20,18,14,12,32,11,14,18,12,14,10
5,1001,source_premigration,1214206,M,0,HG_D,394,15,20,18,14,12,32,11,14,18,12,14,10
5,1001,source_premigration,1214208,M,0,HG_A,121,13,24,13,11,13,28,13,11,14,16,13,12
5,1001,source_premigration,1214210,M,0,HG_E,409,12,27,13,9,17,24,13,15,11,19,10,15
5,1001,source_premigration,1214211,M,0,HG_E,409,12,27,13,9,17,24,13,15,11,19,10,15
5,1001,source_premigration,1214213,M,0,HG_D,238,15,22,19,13,11,32,13,13,17,13,14,10
5,1001,source_premigration,1214215,M,0,HG_A,234,13,22,15,11,13,28,12,9,14,16,12,11
5,1001,source_premigration,1214217,M,0,HG_A,234,13,22,15,11,13,28,12,9,14,16,12,11
5,1001,source_premigration,1214218,M,0,HG_C,244,11,21,12,15,14,25,14,11,9,16,13,14
5,1001,source_premigration,1214219,M,0,HG_C,244,11,21,12,15,14,25,14,11,9,16,13,14
5,1001,source_premigration,1214222,M,0,HG_D,303,15,18,17,13,10,33,13,11,16,12,14,8
5,1001,source_premigration,1214223,M,0,HG_D,303,15,18,17,13,10,33,13,11,16,12,14,8
5,1001,source_premigration,1214224,M,0,HG_D,303,15,18,17,13,10,33,13,11,16,12,14,8
5,1001,source_premigration,1214226,M,0,HG_B,26,12,25,16,11,12,29,12,12,16,13,12,11
5,1001,source_premigration,1214227,M,0,HG_D,129,14,21,18,13,11,32,11,12,17,12,12,8
5,1001,source_premigration,1214229,M,0,HG_D,129,14,21,18,13,11,32,11,12,17,12,12,8
5,1001,source_premigration,1214230,M,0,HG_D,129,14,21,18,13,11,32,11,12,17,12,12,8
5,1001,source_premigration,1214231,M,0,HG_C,329,15,21,12,15,14,28,16,11,12,14,12,13
5,1001,source_premigration,1214234,M,0,HG_C,329,15,21,12,15,14,28,16,11,12,14,12,13
5,1001,source_premigration,1214236,M,0,HG_C,329,15,21,12,15,14,28,16,11,12,14,12,13
5,1001,source_premigration,1214238,M,0,HG_D,303,15,18,17,13,10,33,13,11,16,12,14,8
5,1001,source_premigration,1214240,M,0,HG_B,302,13,24,17,10,11,31,11,12,15,13,9,10
5,1001,source_premigration,1214241,M,0,HG_B,302,13,23,17,10,11,31,11,12,15,13,9,10
5,1001,source_premigration,1214245,M,0,HG_E,120,12,27,12,9,14,27,14,14,12,19,11,15
5,1001,source_premigration,1214254,M,0,HG_A,234,13,22,15,11,13,28,12,9,14,16,12,11
5,1001,source_premigration,1214257,M,0,HG_C,244,12,21,12,15,14,25,13,11,9,16,13,14
5,1001,source_premigration,1214259,M,0,HG_B,302,13,24,17,10,11,31,11,12,15,13,9,10
5,1001,source_premigration,1214260,M,0,HG_B,26,12,25,16,11,12,29,12,12,16,13,12,11
5,1001,source_premigration,1214262,M,0,HG_B,26,12,25,16,11,12,29,12,12,16,13,12,11
5,1001,source_premigration,1214265,M,0,HG_C,244,12,21,12,15,14,25,14,11,9,16,13,14
5,1001,source_premigration,1214271,M,0,HG_B,26,12,25,16,11,13,29,12,12,16,13,12,11
5,1001,source_premigration,1214274,M,0,HG_B,168,12,24,17,11,12,31,11,12,16,15,9,11
5,1001,source_premigration,1214275,M,0,HG_B,168,12,24,17,11,12,31,11,12,16,15,9,11
5,1001,source_premigration,1214276,M,0,HG_B,168,12,25,17,11,12,31,12,12,16,15,9,11
5,1001,source_premigration,1214277,M,0,HG_B,168,12,25,17,11,12,31,12,12,16,15,9,11
5,1001,source_premigration,1214280,M,0,HG_A,228,12,25,13,10,13,31,12,11,13,14,12,11
5,1001,source_premigration,1214286,M,0,HG_C,493,13,24,11,14,13,28,16,10,11,15,13,15
5,1001,source_premigration,1214288,M,0,HG_A,98,13,22,14,11,13,30,13,10,14,14,12,12
5,1001,source_premigration,1214289,M,0,HG_A,98,13,22,14,11,13,30,13,10,14,14,12,12
5,1001,source_premigration,1214291,M,0,HG_C,329,15,21,12,15,14,28,16,11,12,14,12,13
5,1001,source_premigration,1214292,M,0,HG_C,329,15,21,12,15,14,28,16,11,12,14,12,13
5,1001,source_premigration,1214293,M,0,HG_B,126,12,26,15,10,11,31,12,11,17,13,9,12
5,1001,source_premigration,1214294,M,0,HG_B,126,12,26,15,10,11,31,12,11,17,13,9,12
5,1001,source_premigration,1214295,M,0,HG_B,126,12,26,15,10,11,31,12,11,17,13,9,12
5,1001,source_premigration,1214296,M,0,HG_A,98,12,22,14,11,13,30,13,10,14,14,12,12
5,1001,source_premigration,1214298,M,0,HG_A,98,12,22,14,11,13,30,13,10,14,14,12,12
5,1001,source_premigration,1214300,M,0,HG_A,98,12,22,14,11,13,30,13,10,14,14,12,12
5,1001,source_premigration,1214302,M,0,HG_E,120,11,27,12,9,14,27,15,15,12,19,11,15
5,1001,source_premigration,1214307,M,0,HG_D,303,15,19,16,13,10,33,13,11,16,12,14,8
5,1001,source_premigration,1214310,M,0,HG_C,493,13,24,11,14,13,28,16,10,11,15,13,15
5,1001,source_premigration,1214311,M,0,HG_C,493,13,24,11,14,13,28,16,10,11,15,13,15
5,1001,source_premigration,1214314,M,0,HG_C,493,13,24,11,13,13,28,16,10,11,15,13,15
5,1001,source_premigration,1214321,M,0,HG_E,255,11,26,12,8,17,26,14,13,13,19,12,15
5,1001,source_premigration,1214322,M,0,HG_E,255,11,26,12,8,17,26,14,13,13,19,12,15
5,1001,source_premigration,1214325,M,0,HG_E,330,12,28,13,11,19,27,14,13,11,17,11,14
5,1001,source_premigration,1214330,M,0,HG_E,74,10,29,13,9,15,26,16,14,13,19,12,15
5,1001,source_premigration,1214331,M,0,HG_C,329,15,21,12,15,14,28,16,11,12,14,12,13
5,1001,source_premigration,1214333,M,0,HG_A,234,13,22,15,11,13,28,12,9,14,16,12,11
5,1001,source_premigration,1214337,M,0,HG_A,301,12,24,15,11,12,28,14,11,14,15,12,11
5,1001,source_premigration,1214342,M,0,HG_D,238,15,22,18,13,11,32,13,13,17,13,14,10
5,1001,source_premigration,1214344,M,0,HG_D,238,15,22,18,13,11,32,13,13,17,13,14,10
5,1001,source_premigration,1214345,M,0,HG_B,444,12,25,16,9,13,32,12,14,15,14,10,11
5,1001,source_premigration,1214348,M,0,HG_B,198,12,26,16,10,12,30,12,12,15,14,10,11
5,1001,source_premigration,1214349,M,0,HG_B,198,12,26,16,10,12,30,12,12,15,14,10,11
5,1001,source_premigration,1214351,M,0,HG_D,91,16,19,18,14,9,33,11,14,16,12,14,9
5,1001,source_premigration,1214352,M,0,HG_D,91,16,19,18,14,9,33,11,14,16,12,14,9
5,1001,source_premigration,1214354,M,0,HG_C,493,13,24,11,14,13,28,16,10,11,15,13,15
5,1001,source_premigration,1214355,M,0,HG_C,493,13,24,11,14,13,28,16,10,11,15,13,15
5,1001,source_premigration,1214356,M,0,HG_C,493,13,24,11,14,13,28,16,10,11,15,13,15
5,1001,source_premigration,1214358,M,0,HG_B,302,13,24,17,10,11,31,11,12,15,12,9,10
5,1001,source_premigration,1214360,M,0,HG_B,302,13,24,17,10,11,31,11,12,15,13,9,10
5,1001,source_premigration,1214361,M,0,HG_B,302,13,24,17,10,11,31,11,12,15,13,9,10
5,1001,source_premigration,1214363,M,0,HG_B,227,12,24,16,11,14,31,11,13,15,14,10,10
5,1001,source_premigration,1214364,M,0,HG_C,475,15,22,10,13,15,26,13,10,9,17,15,13
5,1001,source_premigration,1214366,M,0,HG_C,475,15,22,10,13,15,26,13,10,9,17,15,13
5,1001,source_premigration,1214367,M,0,HG_B,126,13,26,15,10,11,31,11,11,17,13,9,12
5,1001,source_premigration,1214368,M,0,HG_B,126,13,26,15,10,11,31,11,11,17,13,9,12
5,1001,source_premigration,1214369,M,0,HG_B,126,13,26,15,10,11,31,11,11,17,13,9,12
5,1001,source_premigration,1214371,M,0,HG_D,245,14,19,18,15,10,32,13,13,16,11,15,10
5,1001,source_premigration,1214372,M,0,HG_D,245,14,19,18,15,10,32,13,13,16,11,15,10
5,1001,source_premigration,1214374,M,0,HG_B,26,12,25,16,11,12,29,12,12,16,13,12,11
5,1001,source_premigration,1214377,M,0,HG_C,244,12,21,12,15,14,25,14,11,9,16,13,14
5,1001,source_premigration,1214378,M,0,HG_C,244,12,21,12,15,14,25,14,11,9,16,13,14
5,1001,source_premigration,1214384,M,0,HG_E,255,11,26,12,9,17,26,14,13,13,19,12,15
5,1001,source_premigration,1214385,M,0,HG_E,255,11,26,12,9,17,26,14,13,13,19,12,15
5,1001,source_premigration,1214387,M,0,HG_B,444,12,25,16,9,13,32,12,14,15,14,10,11
5,1001,source_premigration,1214388,M,0,HG_B,444,12,25,16,9,13,32,12,14,15,14,10,11
5,1001,source_premigration,1214390,M,0,HG_B,444,12,25,16,9,13,32,12,14,15,14,10,11
5,1001,source_premigration,1214392,M,0,HG_D,238,15,22,18,13,11,32,13,13,17,13,14,10
5,1001,source_premigration,1214393,M,0,HG_D,303,15,18,17,13,10,33,13,11,16,12,14,8
5,1001,source_premigration,1214394,M,0,HG_D,303,15,18,17,13,10,33,13,11,16,12,14,8
5,1001,source_premigration,1214398,M,0,HG_E,255,11,26,12,9,17,26,13,14,13,19,12,15
5,1001,source_premigration,1214401,M,0,HG_E,255,11,26,12,9,17,26,13,14,13,19,12,15
5,1001,source_premigration,1214402,M,0,HG_E,255,11,26,12,9,17,26,13,14,13,19,12,15
5,1001,source_premigration,1214404,M,0,HG_A,125,13,25,16,12,12,29,15,12,12,15,14,12
5,1001,source_premigration,1214405,M,0,HG_A,125,13,25,16,12,12,29,15,12,12,15,14,12
5,1001,source_premigration,1214406,M,0,HG_D,91,16,19,18,14,9,32,11,14,16,12,14,9
5,1001,source_premigration,1214407,M,0,HG_E,330,12,28,13,11,18,27,14,13,11,18,11,14
5,1001,source_premigration,1214408,M,0,HG_E,270,10,28,14,10,15,26,14,13,13,18,11,15
5,1001,source_premigration,1214409,M,0,HG_E,270,10,28,14,10,15,26,14,13,13,18,11,15
5,1001,source_premigration,1214414,M,0,HG_A,121,13,24,13,11,13,28,13,11,14,16,13,12
5,1001,source_premigration,1214418,M,0,HG_E,255,11,26,12,9,17,27,14,12,13,19,12,15
5,1001,source_premigration,1214421,M,0,HG_B,26,12,25,16,11,12,29,12,12,16,13,12,11
5,1001,source_premigration,1214425,M,0,HG_D,238,15,22,19,13,11,31,13,13,17,13,14,10
5,1001,source_premigration,1214426,M,0,HG_E,330,12,28,13,11,18,27,14,13,11,17,11,14
5,1001,source_premigration,1214427,M,0,HG_E,330,12,28,13,11,18,27,14,13,11,17,11,14
5,1001,source_premigration,1214428,M,0,HG_E,330,12,28,13,11,18,27,14,13,11,17,11,14
5,1001,source_premigration,1214430,M,0,HG_A,326,13,24,14,12,13,29,13,11,14,16,13,10
5,1001,source_premigration,1214431,M,0,HG_A,326,13,24,14,12,13,29,13,11,14,16,13,10
5,1001,source_premigration,1214432,M,0,HG_B,126,13,26,15,10,11,32,11,11,17,13,9,12
5,1001,source_premigration,1214434,M,0,HG_B,126,13,26,15,10,11,32,11,11,17,13,9,12
5,1001,source_premigration,1214435,M,0,HG_B,126,13,26,15,10,11,32,11,11,17,13,9,12
5,1001,source_premigration,1214437,M,0,HG_B,302,13,24,17,10,11,31,11,12,15,13,9,10
5,1001,source_premigration,1214439,M,0,HG_D,303,15,18,17,13,12,33,13,11,16,12,14,8
5,1001,source_premigration,1214441,M,0,HG_E,330,12,28,13,11,18,27,14,13,11,17,11,14
5,1001,source_premigration,1214445,M,0,HG_A,234,13,22,15,11,13,28,12,9,14,16,12,11
5,1001,source_premigration,1214446,M,0,HG_A,234,13,22,15,11,13,28,12,9,14,16,12,11
5,1001,source_premigration,1214447,M,0,HG_A,234,13,22,15,11,13,28,12,9,14,16,12,11
5,1001,source_premigration,1214451,M,0,HG_B,26,12,25,16,11,12,29,12,11,16,13,12,11
5,1001,source_premigration,1214452,M,0,HG_B,26,12,25,16,11,12,29,12,11,16,13,12,11
5,1001,source_premigration,1214457,M,0,HG_D,303,15,18,17,13,12,33,13,11,16,12,14,8
5,1001,source_premigration,1214460,M,0,HG_E,330,12,28,13,11,18,27,14,13,11,17,11,14
5,1001,source_premigration,1214465,M,0,HG_C,475,15,22,10,13,15,26,13,10,9,17,15,13
5,1001,source_premigration,1214470,M,0,HG_C,432,15,22,12,14,15,27,15,9,10,16,14,15
5,1001,source_premigration,1214472,M,0,HG_C,432,15,22,12,14,15,27,15,9,10,16,14,15
5,1001,source_premigration,1214475,M,0,HG_C,244,12,21,12,15,14,25,13,11,9,16,13,14
5,1001,source_premigration,1214476,M,0,HG_C,244,12,21,12,15,14,25,13,11,9,16,13,14
5,1001,source_premigration,1214481,M,0,HG_B,198,12,26,16,10,12,30,12,12,15,14,10,11
5,1001,source_premigration,1214484,M,0,HG_B,198,12,26,16,10,12,30,12,12,15,14,10,11
5,1001,source_premigration,1214485,M,0,HG_D,245,14,19,18,15,10,32,13,13,16,11,15,10
5,1001,source_premigration,1214486,M,0,HG_D,245,14,19,18,15,10,32,13,13,16,11,15,10
5,1001,source_premigration,1214489,M,0,HG_D,245,14,19,18,15,10,32,13,13,16,11,15,10
5,1001,source_premigration,1214490,M,0,HG_C,244,12,21,12,15,14,26,13,11,9,16,13,14
5,1001,source_premigration,1214493,M,0,HG_D,65,15,18,17,13,11,33,11,13,17,11,14,9
5,1001,source_premigration,1214495,M,0,HG_B,126,13,26,15,10,11,31,11,11,17,13,9,12
5,1001,source_premigration,1214496,M,0,HG_B,126,13,26,15,10,11,31,11,11,17,13,9,12
5,1001,source_premigration,1214497,M,0,HG_B,302,13,24,17,10,11,31,11,12,15,13,9,10
5,1001,source_premigration,1214500,M,0,HG_D,394,15,20,18,14,12,32,11,14,18,12,14,10
5,1001,source_premigration,1214502,M,0,HG_E,120,12,27,12,9,14,27,14,14,12,19,11,15
5,1001,source_premigration,1214503,M,0,HG_E,120,12,27,12,9,14,27,14,14,12,19,11,15
5,1001,source_premigration,1214507,M,0,HG_C,432,15,22,12,14,15,27,15,9,10,16,14,15
5,1001,source_premigration,1214509,M,0,HG_C,20,15,23,12,14,13,27,14,10,10,16,12,12
